site_name,site_area,avulsion_start_date,site_lat,site_lon,av_type,reach_ID,y_pred,date,year,month
BETSIBOKA.2004,Tropical Island,2004,-16.79922,46.93067,fan,18180400011.0,75.28346,1984-06-25,1984.0,6.0
BETSIBOKA.2004,Tropical Island,2004,-16.79922,46.93067,fan,18180400011.0,16.407623,1985-01-19,1985.0,1.0
BETSIBOKA.2004,Tropical Island,2004,-16.79922,46.93067,fan,18180400011.0,71.96135,1985-03-08,1985.0,3.0
BETSIBOKA.2004,Tropical Island,2004,-16.79922,46.93067,fan,18180400011.0,104.9703,1989-03-10,1989.0,3.0
BETSIBOKA.2004,Tropical Island,2004,-16.79922,46.93067,fan,18180400011.0,75.13488,1989-04-20,1989.0,4.0
BETSIBOKA.2004,Tropical Island,2004,-16.79922,46.93067,fan,18180400011.0,103.66369,1989-04-27,1989.0,4.0
BETSIBOKA.2004,Tropical Island,2004,-16.79922,46.93067,fan,18180400011.0,96.79658,1989-05-22,1989.0,5.0
BETSIBOKA.2004,Tropical Island,2004,-16.79922,46.93067,fan,18180400011.0,77.486015,1989-06-07,1989.0,6.0
BETSIBOKA.2004,Tropical Island,2004,-16.79922,46.93067,fan,18180400011.0,52.010757,1989-06-30,1989.0,6.0
BETSIBOKA.2004,Tropical Island,2004,-16.79922,46.93067,fan,18180400011.0,31.676256,1989-07-16,1989.0,7.0
BETSIBOKA.2004,Tropical Island,2004,-16.79922,46.93067,fan,18180400011.0,43.976486,1989-08-10,1989.0,8.0
BETSIBOKA.2004,Tropical Island,2004,-16.79922,46.93067,fan,18180400011.0,32.53309,1989-08-26,1989.0,8.0
BETSIBOKA.2004,Tropical Island,2004,-16.79922,46.93067,fan,18180400011.0,37.725758,1989-09-11,1989.0,9.0
BETSIBOKA.2004,Tropical Island,2004,-16.79922,46.93067,fan,18180400011.0,115.80877,1990-03-22,1990.0,3.0
BETSIBOKA.2004,Tropical Island,2004,-16.79922,46.93067,fan,18180400011.0,82.605804,1990-04-23,1990.0,4.0
BETSIBOKA.2004,Tropical Island,2004,-16.79922,46.93067,fan,18180400011.0,88.68007,1990-05-25,1990.0,5.0
BETSIBOKA.2004,Tropical Island,2004,-16.79922,46.93067,fan,18180400011.0,74.74016,1990-06-01,1990.0,6.0
BETSIBOKA.2004,Tropical Island,2004,-16.79922,46.93067,fan,18180400011.0,42.108612,1990-07-03,1990.0,7.0
BETSIBOKA.2004,Tropical Island,2004,-16.79922,46.93067,fan,18180400011.0,51.489655,1990-07-28,1990.0,7.0
BETSIBOKA.2004,Tropical Island,2004,-16.79922,46.93067,fan,18180400011.0,34.396362,1990-08-13,1990.0,8.0
BETSIBOKA.2004,Tropical Island,2004,-16.79922,46.93067,fan,18180400011.0,88.456505,1990-09-30,1990.0,9.0
BETSIBOKA.2004,Tropical Island,2004,-16.79922,46.93067,fan,18180400011.0,173.49164,1990-10-23,1990.0,10.0
BETSIBOKA.2004,Tropical Island,2004,-16.79922,46.93067,fan,18180400011.0,172.80354,1990-11-17,1990.0,11.0
BETSIBOKA.2004,Tropical Island,2004,-16.79922,46.93067,fan,18180400011.0,23.523802,1990-12-26,1990.0,12.0
BETSIBOKA.2004,Tropical Island,2004,-16.79922,46.93067,fan,18180400011.0,14.002629,1991-01-11,1991.0,1.0
BETSIBOKA.2004,Tropical Island,2004,-16.79922,46.93067,fan,18180400011.0,135.30617,1991-04-17,1991.0,4.0
BETSIBOKA.2004,Tropical Island,2004,-16.79922,46.93067,fan,18180400011.0,12.825099,1991-05-03,1991.0,5.0
BETSIBOKA.2004,Tropical Island,2004,-16.79922,46.93067,fan,18180400011.0,84.69967,1991-05-28,1991.0,5.0
BETSIBOKA.2004,Tropical Island,2004,-16.79922,46.93067,fan,18180400011.0,69.19761,1991-07-15,1991.0,7.0
BETSIBOKA.2004,Tropical Island,2004,-16.79922,46.93067,fan,18180400011.0,18.571669,1991-07-22,1991.0,7.0
BETSIBOKA.2004,Tropical Island,2004,-16.79922,46.93067,fan,18180400011.0,67.19804,1991-09-24,1991.0,9.0
BETSIBOKA.2004,Tropical Island,2004,-16.79922,46.93067,fan,18180400011.0,160.95409,1991-10-10,1991.0,10.0
BETSIBOKA.2004,Tropical Island,2004,-16.79922,46.93067,fan,18180400011.0,136.24774,1991-10-26,1991.0,10.0
BETSIBOKA.2004,Tropical Island,2004,-16.79922,46.93067,fan,18180400011.0,132.05098,1992-04-28,1992.0,4.0
BETSIBOKA.2004,Tropical Island,2004,-16.79922,46.93067,fan,18180400011.0,112.15355,1992-05-21,1992.0,5.0
BETSIBOKA.2004,Tropical Island,2004,-16.79922,46.93067,fan,18180400011.0,86.84065,1992-08-25,1992.0,8.0
BETSIBOKA.2004,Tropical Island,2004,-16.79922,46.93067,fan,18180400011.0,96.624794,1992-11-13,1992.0,11.0
BETSIBOKA.2004,Tropical Island,2004,-16.79922,46.93067,fan,18180400011.0,111.00095,1992-12-08,1992.0,12.0
BETSIBOKA.2004,Tropical Island,2004,-16.79922,46.93067,fan,18180400011.0,82.43266,1993-03-14,1993.0,3.0
BETSIBOKA.2004,Tropical Island,2004,-16.79922,46.93067,fan,18180400011.0,85.14321,1993-04-22,1993.0,4.0
BETSIBOKA.2004,Tropical Island,2004,-16.79922,46.93067,fan,18180400011.0,106.0229,1993-05-08,1993.0,5.0
BETSIBOKA.2004,Tropical Island,2004,-16.79922,46.93067,fan,18180400011.0,99.6374,1993-06-02,1993.0,6.0
BETSIBOKA.2004,Tropical Island,2004,-16.79922,46.93067,fan,18180400011.0,92.21616,1993-06-09,1993.0,6.0
BETSIBOKA.2004,Tropical Island,2004,-16.79922,46.93067,fan,18180400011.0,100.99794,1993-06-25,1993.0,6.0
BETSIBOKA.2004,Tropical Island,2004,-16.79922,46.93067,fan,18180400011.0,106.35332,1993-07-11,1993.0,7.0
BETSIBOKA.2004,Tropical Island,2004,-16.79922,46.93067,fan,18180400011.0,76.013374,1993-07-20,1993.0,7.0
BETSIBOKA.2004,Tropical Island,2004,-16.79922,46.93067,fan,18180400011.0,92.2513,1993-08-05,1993.0,8.0
BETSIBOKA.2004,Tropical Island,2004,-16.79922,46.93067,fan,18180400011.0,61.1347,1993-08-12,1993.0,8.0
BETSIBOKA.2004,Tropical Island,2004,-16.79922,46.93067,fan,18180400011.0,38.487778,1993-09-06,1993.0,9.0
BETSIBOKA.2004,Tropical Island,2004,-16.79922,46.93067,fan,18180400011.0,27.921843,1993-09-13,1993.0,9.0
BETSIBOKA.2004,Tropical Island,2004,-16.79922,46.93067,fan,18180400011.0,44.41626,1993-10-15,1993.0,10.0
BETSIBOKA.2004,Tropical Island,2004,-16.79922,46.93067,fan,18180400011.0,344.9222,1994-03-17,1994.0,3.0
BETSIBOKA.2004,Tropical Island,2004,-16.79922,46.93067,fan,18180400011.0,150.94052,1994-04-02,1994.0,4.0
BETSIBOKA.2004,Tropical Island,2004,-16.79922,46.93067,fan,18180400011.0,100.16725,1994-04-09,1994.0,4.0
BETSIBOKA.2004,Tropical Island,2004,-16.79922,46.93067,fan,18180400011.0,93.55928,1994-06-05,1994.0,6.0
BETSIBOKA.2004,Tropical Island,2004,-16.79922,46.93067,fan,18180400011.0,161.5997,1994-06-12,1994.0,6.0
BETSIBOKA.2004,Tropical Island,2004,-16.79922,46.93067,fan,18180400011.0,69.38796,1994-07-07,1994.0,7.0
BETSIBOKA.2004,Tropical Island,2004,-16.79922,46.93067,fan,18180400011.0,19.824772,1994-07-14,1994.0,7.0
BETSIBOKA.2004,Tropical Island,2004,-16.79922,46.93067,fan,18180400011.0,70.0248,1994-08-08,1994.0,8.0
BETSIBOKA.2004,Tropical Island,2004,-16.79922,46.93067,fan,18180400011.0,46.30408,1994-08-15,1994.0,8.0
BETSIBOKA.2004,Tropical Island,2004,-16.79922,46.93067,fan,18180400011.0,69.18771,1994-08-24,1994.0,8.0
BETSIBOKA.2004,Tropical Island,2004,-16.79922,46.93067,fan,18180400011.0,42.38288,1994-08-31,1994.0,8.0
BETSIBOKA.2004,Tropical Island,2004,-16.79922,46.93067,fan,18180400011.0,103.78669,1994-09-25,1994.0,9.0
BETSIBOKA.2004,Tropical Island,2004,-16.79922,46.93067,fan,18180400011.0,177.28967,1994-10-02,1994.0,10.0
BETSIBOKA.2004,Tropical Island,2004,-16.79922,46.93067,fan,18180400011.0,434.72855,1994-10-11,1994.0,10.0
BETSIBOKA.2004,Tropical Island,2004,-16.79922,46.93067,fan,18180400011.0,82.38694,1994-10-18,1994.0,10.0
BETSIBOKA.2004,Tropical Island,2004,-16.79922,46.93067,fan,18180400011.0,190.3053,1994-10-27,1994.0,10.0
BETSIBOKA.2004,Tropical Island,2004,-16.79922,46.93067,fan,18180400011.0,323.8252,1994-11-03,1994.0,11.0
BETSIBOKA.2004,Tropical Island,2004,-16.79922,46.93067,fan,18180400011.0,86.358086,1994-11-19,1994.0,11.0
BETSIBOKA.2004,Tropical Island,2004,-16.79922,46.93067,fan,18180400011.0,30.223293,1994-11-28,1994.0,11.0
BETSIBOKA.2004,Tropical Island,2004,-16.79922,46.93067,fan,18180400011.0,430.26938,1994-12-14,1994.0,12.0
BETSIBOKA.2004,Tropical Island,2004,-16.79922,46.93067,fan,18180400011.0,203.01863,1994-12-21,1994.0,12.0
BETSIBOKA.2004,Tropical Island,2004,-16.79922,46.93067,fan,18180400011.0,143.63702,1995-02-16,1995.0,2.0
BETSIBOKA.2004,Tropical Island,2004,-16.79922,46.93067,fan,18180400011.0,87.030174,1995-02-23,1995.0,2.0
BETSIBOKA.2004,Tropical Island,2004,-16.79922,46.93067,fan,18180400011.0,160.935,1995-03-04,1995.0,3.0
BETSIBOKA.2004,Tropical Island,2004,-16.79922,46.93067,fan,18180400011.0,312.9054,1995-03-20,1995.0,3.0
BETSIBOKA.2004,Tropical Island,2004,-16.79922,46.93067,fan,18180400011.0,21.254004,1995-03-27,1995.0,3.0
BETSIBOKA.2004,Tropical Island,2004,-16.79922,46.93067,fan,18180400011.0,90.87556,1995-04-12,1995.0,4.0
BETSIBOKA.2004,Tropical Island,2004,-16.79922,46.93067,fan,18180400011.0,140.22249,1995-05-07,1995.0,5.0
BETSIBOKA.2004,Tropical Island,2004,-16.79922,46.93067,fan,18180400011.0,97.62742,1995-05-14,1995.0,5.0
BETSIBOKA.2004,Tropical Island,2004,-16.79922,46.93067,fan,18180400011.0,126.94309,1995-05-30,1995.0,5.0
BETSIBOKA.2004,Tropical Island,2004,-16.79922,46.93067,fan,18180400011.0,104.60104,1995-06-08,1995.0,6.0
BETSIBOKA.2004,Tropical Island,2004,-16.79922,46.93067,fan,18180400011.0,84.81723,1995-06-15,1995.0,6.0
BETSIBOKA.2004,Tropical Island,2004,-16.79922,46.93067,fan,18180400011.0,141.6824,1995-06-24,1995.0,6.0
BETSIBOKA.2004,Tropical Island,2004,-16.79922,46.93067,fan,18180400011.0,43.279995,1995-07-17,1995.0,7.0
BETSIBOKA.2004,Tropical Island,2004,-16.79922,46.93067,fan,18180400011.0,82.50283,1995-07-26,1995.0,7.0
BETSIBOKA.2004,Tropical Island,2004,-16.79922,46.93067,fan,18180400011.0,84.340675,1995-08-02,1995.0,8.0
BETSIBOKA.2004,Tropical Island,2004,-16.79922,46.93067,fan,18180400011.0,66.001884,1995-08-11,1995.0,8.0
BETSIBOKA.2004,Tropical Island,2004,-16.79922,46.93067,fan,18180400011.0,67.877014,1995-08-18,1995.0,8.0
BETSIBOKA.2004,Tropical Island,2004,-16.79922,46.93067,fan,18180400011.0,57.043015,1995-08-27,1995.0,8.0
BETSIBOKA.2004,Tropical Island,2004,-16.79922,46.93067,fan,18180400011.0,43.880135,1995-09-03,1995.0,9.0
BETSIBOKA.2004,Tropical Island,2004,-16.79922,46.93067,fan,18180400011.0,82.03867,1995-10-14,1995.0,10.0
BETSIBOKA.2004,Tropical Island,2004,-16.79922,46.93067,fan,18180400011.0,85.9127,1995-10-21,1995.0,10.0
BETSIBOKA.2004,Tropical Island,2004,-16.79922,46.93067,fan,18180400011.0,266.706,1995-11-06,1995.0,11.0
BETSIBOKA.2004,Tropical Island,2004,-16.79922,46.93067,fan,18180400011.0,142.58269,1996-01-09,1996.0,1.0
BETSIBOKA.2004,Tropical Island,2004,-16.79922,46.93067,fan,18180400011.0,151.77917,1996-01-09,1996.0,1.0
BETSIBOKA.2004,Tropical Island,2004,-16.79922,46.93067,fan,18180400011.0,96.65466,1996-02-10,1996.0,2.0
BETSIBOKA.2004,Tropical Island,2004,-16.79922,46.93067,fan,18180400011.0,17.33606,1996-02-26,1996.0,2.0
BETSIBOKA.2004,Tropical Island,2004,-16.79922,46.93067,fan,18180400011.0,114.91561,1996-03-29,1996.0,3.0
BETSIBOKA.2004,Tropical Island,2004,-16.79922,46.93067,fan,18180400011.0,134.48145,1996-04-07,1996.0,4.0
BETSIBOKA.2004,Tropical Island,2004,-16.79922,46.93067,fan,18180400011.0,125.745186,1996-04-23,1996.0,4.0
BETSIBOKA.2004,Tropical Island,2004,-16.79922,46.93067,fan,18180400011.0,65.546,1996-06-17,1996.0,6.0
BETSIBOKA.2004,Tropical Island,2004,-16.79922,46.93067,fan,18180400011.0,43.896603,1996-07-12,1996.0,7.0
BETSIBOKA.2004,Tropical Island,2004,-16.79922,46.93067,fan,18180400011.0,61.865986,1996-07-19,1996.0,7.0
BETSIBOKA.2004,Tropical Island,2004,-16.79922,46.93067,fan,18180400011.0,48.52621,1996-08-04,1996.0,8.0
BETSIBOKA.2004,Tropical Island,2004,-16.79922,46.93067,fan,18180400011.0,46.40066,1996-08-13,1996.0,8.0
BETSIBOKA.2004,Tropical Island,2004,-16.79922,46.93067,fan,18180400011.0,46.189373,1996-08-20,1996.0,8.0
BETSIBOKA.2004,Tropical Island,2004,-16.79922,46.93067,fan,18180400011.0,70.46123,1996-08-29,1996.0,8.0
BETSIBOKA.2004,Tropical Island,2004,-16.79922,46.93067,fan,18180400011.0,59.42459,1996-09-05,1996.0,9.0
BETSIBOKA.2004,Tropical Island,2004,-16.79922,46.93067,fan,18180400011.0,85.17696,1996-09-14,1996.0,9.0
BETSIBOKA.2004,Tropical Island,2004,-16.79922,46.93067,fan,18180400011.0,48.605198,1996-09-21,1996.0,9.0
BETSIBOKA.2004,Tropical Island,2004,-16.79922,46.93067,fan,18180400011.0,83.289024,1996-09-30,1996.0,9.0
BETSIBOKA.2004,Tropical Island,2004,-16.79922,46.93067,fan,18180400011.0,133.2543,1996-10-16,1996.0,10.0
BETSIBOKA.2004,Tropical Island,2004,-16.79922,46.93067,fan,18180400011.0,345.93466,1996-11-17,1996.0,11.0
BETSIBOKA.2004,Tropical Island,2004,-16.79922,46.93067,fan,18180400011.0,574.1752,1996-12-03,1996.0,12.0
BETSIBOKA.2004,Tropical Island,2004,-16.79922,46.93067,fan,18180400011.0,230.4266,1997-01-11,1997.0,1.0
BETSIBOKA.2004,Tropical Island,2004,-16.79922,46.93067,fan,18180400011.0,94.84601,1997-01-20,1997.0,1.0
BETSIBOKA.2004,Tropical Island,2004,-16.79922,46.93067,fan,18180400011.0,195.56558,1997-02-28,1997.0,2.0
BETSIBOKA.2004,Tropical Island,2004,-16.79922,46.93067,fan,18180400011.0,98.013535,1997-04-01,1997.0,4.0
BETSIBOKA.2004,Tropical Island,2004,-16.79922,46.93067,fan,18180400011.0,93.148384,1997-04-10,1997.0,4.0
BETSIBOKA.2004,Tropical Island,2004,-16.79922,46.93067,fan,18180400011.0,156.69804,1997-04-26,1997.0,4.0
BETSIBOKA.2004,Tropical Island,2004,-16.79922,46.93067,fan,18180400011.0,106.45197,1997-05-03,1997.0,5.0
BETSIBOKA.2004,Tropical Island,2004,-16.79922,46.93067,fan,18180400011.0,92.042076,1997-05-28,1997.0,5.0
BETSIBOKA.2004,Tropical Island,2004,-16.79922,46.93067,fan,18180400011.0,76.21524,1997-06-13,1997.0,6.0
BETSIBOKA.2004,Tropical Island,2004,-16.79922,46.93067,fan,18180400011.0,129.31497,1997-06-20,1997.0,6.0
BETSIBOKA.2004,Tropical Island,2004,-16.79922,46.93067,fan,18180400011.0,90.21356,1997-07-15,1997.0,7.0
BETSIBOKA.2004,Tropical Island,2004,-16.79922,46.93067,fan,18180400011.0,57.370792,1997-07-22,1997.0,7.0
BETSIBOKA.2004,Tropical Island,2004,-16.79922,46.93067,fan,18180400011.0,43.963116,1997-09-01,1997.0,9.0
BETSIBOKA.2004,Tropical Island,2004,-16.79922,46.93067,fan,18180400011.0,14.970682,1997-09-08,1997.0,9.0
BETSIBOKA.2004,Tropical Island,2004,-16.79922,46.93067,fan,18180400011.0,131.18182,1997-09-24,1997.0,9.0
BETSIBOKA.2004,Tropical Island,2004,-16.79922,46.93067,fan,18180400011.0,54.494396,1997-11-27,1997.0,11.0
BETSIBOKA.2004,Tropical Island,2004,-16.79922,46.93067,fan,18180400011.0,72.20615,1998-03-19,1998.0,3.0
BETSIBOKA.2004,Tropical Island,2004,-16.79922,46.93067,fan,18180400011.0,69.576836,1998-04-04,1998.0,4.0
BETSIBOKA.2004,Tropical Island,2004,-16.79922,46.93067,fan,18180400011.0,31.520119,1998-04-20,1998.0,4.0
BETSIBOKA.2004,Tropical Island,2004,-16.79922,46.93067,fan,18180400011.0,193.18486,1998-05-22,1998.0,5.0
BETSIBOKA.2004,Tropical Island,2004,-16.79922,46.93067,fan,18180400011.0,70.27486,1998-06-23,1998.0,6.0
BETSIBOKA.2004,Tropical Island,2004,-16.79922,46.93067,fan,18180400011.0,64.42386,1998-07-02,1998.0,7.0
BETSIBOKA.2004,Tropical Island,2004,-16.79922,46.93067,fan,18180400011.0,71.51848,1998-07-09,1998.0,7.0
BETSIBOKA.2004,Tropical Island,2004,-16.79922,46.93067,fan,18180400011.0,47.166466,1998-08-03,1998.0,8.0
BETSIBOKA.2004,Tropical Island,2004,-16.79922,46.93067,fan,18180400011.0,42.757454,1998-08-19,1998.0,8.0
BETSIBOKA.2004,Tropical Island,2004,-16.79922,46.93067,fan,18180400011.0,38.10504,1998-08-26,1998.0,8.0
BETSIBOKA.2004,Tropical Island,2004,-16.79922,46.93067,fan,18180400011.0,88.38772,1998-09-11,1998.0,9.0
BETSIBOKA.2004,Tropical Island,2004,-16.79922,46.93067,fan,18180400011.0,111.95295,1998-09-20,1998.0,9.0
BETSIBOKA.2004,Tropical Island,2004,-16.79922,46.93067,fan,18180400011.0,95.240074,1998-09-27,1998.0,9.0
BETSIBOKA.2004,Tropical Island,2004,-16.79922,46.93067,fan,18180400011.0,82.46165,1998-10-13,1998.0,10.0
BETSIBOKA.2004,Tropical Island,2004,-16.79922,46.93067,fan,18180400011.0,91.977066,1998-10-22,1998.0,10.0
BETSIBOKA.2004,Tropical Island,2004,-16.79922,46.93067,fan,18180400011.0,86.4223,1999-01-26,1999.0,1.0
BETSIBOKA.2004,Tropical Island,2004,-16.79922,46.93067,fan,18180400011.0,72.28884,1999-02-02,1999.0,2.0
BETSIBOKA.2004,Tropical Island,2004,-16.79922,46.93067,fan,18180400011.0,154.4484,1999-03-06,1999.0,3.0
BETSIBOKA.2004,Tropical Island,2004,-16.79922,46.93067,fan,18180400011.0,97.253235,1999-03-22,1999.0,3.0
BETSIBOKA.2004,Tropical Island,2004,-16.79922,46.93067,fan,18180400011.0,92.554726,1999-05-02,1999.0,5.0
BETSIBOKA.2004,Tropical Island,2004,-16.79922,46.93067,fan,18180400011.0,133.75987,1999-05-18,1999.0,5.0
BETSIBOKA.2004,Tropical Island,2004,-16.79922,46.93067,fan,18180400011.0,89.29656,1999-05-25,1999.0,5.0
BETSIBOKA.2004,Tropical Island,2004,-16.79922,46.93067,fan,18180400011.0,80.57261,1999-06-03,1999.0,6.0
BETSIBOKA.2004,Tropical Island,2004,-16.79922,46.93067,fan,18180400011.0,71.42702,1999-06-26,1999.0,6.0
BETSIBOKA.2004,Tropical Island,2004,-16.79922,46.93067,fan,18180400011.0,33.1887,1999-09-06,1999.0,9.0
BETSIBOKA.2004,Tropical Island,2004,-16.79922,46.93067,fan,18180400011.0,44.717426,1999-09-23,1999.0,9.0
BETSIBOKA.2004,Tropical Island,2004,-16.79922,46.93067,fan,18180400011.0,68.52893,1999-10-01,1999.0,10.0
BETSIBOKA.2004,Tropical Island,2004,-16.79922,46.93067,fan,18180400011.0,434.6584,1999-11-09,1999.0,11.0
BETSIBOKA.2004,Tropical Island,2004,-16.79922,46.93067,fan,18180400011.0,74.044395,1999-12-04,1999.0,12.0
BETSIBOKA.2004,Tropical Island,2004,-16.79922,46.93067,fan,18180400011.0,97.45909,1999-12-27,1999.0,12.0
BETSIBOKA.2004,Tropical Island,2004,-16.79922,46.93067,fan,18180400011.0,119.53887,2000-01-28,2000.0,1.0
BETSIBOKA.2004,Tropical Island,2004,-16.79922,46.93067,fan,18180400011.0,98.24191,2000-02-06,2000.0,2.0
BETSIBOKA.2004,Tropical Island,2004,-16.79922,46.93067,fan,18180400011.0,104.300575,2000-02-13,2000.0,2.0
BETSIBOKA.2004,Tropical Island,2004,-16.79922,46.93067,fan,18180400011.0,91.72195,2000-02-14,2000.0,2.0
BETSIBOKA.2004,Tropical Island,2004,-16.79922,46.93067,fan,18180400011.0,171.7693,2000-03-24,2000.0,3.0
BETSIBOKA.2004,Tropical Island,2004,-16.79922,46.93067,fan,18180400011.0,126.96205,2000-03-25,2000.0,3.0
BETSIBOKA.2004,Tropical Island,2004,-16.79922,46.93067,fan,18180400011.0,58.945442,2000-04-01,2000.0,4.0
BETSIBOKA.2004,Tropical Island,2004,-16.79922,46.93067,fan,18180400011.0,237.91975,2000-04-02,2000.0,4.0
BETSIBOKA.2004,Tropical Island,2004,-16.79922,46.93067,fan,18180400011.0,46.427147,2000-04-10,2000.0,4.0
BETSIBOKA.2004,Tropical Island,2004,-16.79922,46.93067,fan,18180400011.0,51.880077,2000-04-18,2000.0,4.0
BETSIBOKA.2004,Tropical Island,2004,-16.79922,46.93067,fan,18180400011.0,36.522316,2000-04-26,2000.0,4.0
BETSIBOKA.2004,Tropical Island,2004,-16.79922,46.93067,fan,18180400011.0,62.147907,2000-05-04,2000.0,5.0
BETSIBOKA.2004,Tropical Island,2004,-16.79922,46.93067,fan,18180400011.0,26.78274,2000-05-12,2000.0,5.0
BETSIBOKA.2004,Tropical Island,2004,-16.79922,46.93067,fan,18180400011.0,28.060194,2000-05-19,2000.0,5.0
BETSIBOKA.2004,Tropical Island,2004,-16.79922,46.93067,fan,18180400011.0,46.87322,2000-05-20,2000.0,5.0
BETSIBOKA.2004,Tropical Island,2004,-16.79922,46.93067,fan,18180400011.0,29.373783,2000-07-07,2000.0,7.0
BETSIBOKA.2004,Tropical Island,2004,-16.79922,46.93067,fan,18180400011.0,39.008392,2000-07-23,2000.0,7.0
BETSIBOKA.2004,Tropical Island,2004,-16.79922,46.93067,fan,18180400011.0,12.457177,2000-08-15,2000.0,8.0
BETSIBOKA.2004,Tropical Island,2004,-16.79922,46.93067,fan,18180400011.0,33.725433,2000-08-23,2000.0,8.0
BETSIBOKA.2004,Tropical Island,2004,-16.79922,46.93067,fan,18180400011.0,35.25526,2000-08-24,2000.0,8.0
BETSIBOKA.2004,Tropical Island,2004,-16.79922,46.93067,fan,18180400011.0,11.593074,2000-08-31,2000.0,8.0
BETSIBOKA.2004,Tropical Island,2004,-16.79922,46.93067,fan,18180400011.0,30.798246,2000-09-01,2000.0,9.0
BETSIBOKA.2004,Tropical Island,2004,-16.79922,46.93067,fan,18180400011.0,24.436138,2000-09-16,2000.0,9.0
BETSIBOKA.2004,Tropical Island,2004,-16.79922,46.93067,fan,18180400011.0,64.72474,2000-09-25,2000.0,9.0
BETSIBOKA.2004,Tropical Island,2004,-16.79922,46.93067,fan,18180400011.0,133.57576,2000-10-02,2000.0,10.0
BETSIBOKA.2004,Tropical Island,2004,-16.79922,46.93067,fan,18180400011.0,42.743504,2000-10-10,2000.0,10.0
BETSIBOKA.2004,Tropical Island,2004,-16.79922,46.93067,fan,18180400011.0,83.89323,2000-10-11,2000.0,10.0
BETSIBOKA.2004,Tropical Island,2004,-16.79922,46.93067,fan,18180400011.0,219.65271,2000-10-27,2000.0,10.0
BETSIBOKA.2004,Tropical Island,2004,-16.79922,46.93067,fan,18180400011.0,143.48695,2000-11-27,2000.0,11.0
BETSIBOKA.2004,Tropical Island,2004,-16.79922,46.93067,fan,18180400011.0,55.94667,2000-12-06,2000.0,12.0
BETSIBOKA.2004,Tropical Island,2004,-16.79922,46.93067,fan,18180400011.0,94.742424,2000-12-21,2000.0,12.0
BETSIBOKA.2004,Tropical Island,2004,-16.79922,46.93067,fan,18180400011.0,108.71345,2001-02-07,2001.0,2.0
BETSIBOKA.2004,Tropical Island,2004,-16.79922,46.93067,fan,18180400011.0,78.22324,2001-02-15,2001.0,2.0
BETSIBOKA.2004,Tropical Island,2004,-16.79922,46.93067,fan,18180400011.0,88.00484,2001-02-16,2001.0,2.0
BETSIBOKA.2004,Tropical Island,2004,-16.79922,46.93067,fan,18180400011.0,92.66851,2001-02-23,2001.0,2.0
BETSIBOKA.2004,Tropical Island,2004,-16.79922,46.93067,fan,18180400011.0,160.2798,2001-02-24,2001.0,2.0
BETSIBOKA.2004,Tropical Island,2004,-16.79922,46.93067,fan,18180400011.0,128.91513,2001-03-03,2001.0,3.0
BETSIBOKA.2004,Tropical Island,2004,-16.79922,46.93067,fan,18180400011.0,86.223434,2001-03-11,2001.0,3.0
BETSIBOKA.2004,Tropical Island,2004,-16.79922,46.93067,fan,18180400011.0,138.59367,2001-03-12,2001.0,3.0
BETSIBOKA.2004,Tropical Island,2004,-16.79922,46.93067,fan,18180400011.0,69.03334,2001-03-20,2001.0,3.0
BETSIBOKA.2004,Tropical Island,2004,-16.79922,46.93067,fan,18180400011.0,80.59473,2001-04-04,2001.0,4.0
BETSIBOKA.2004,Tropical Island,2004,-16.79922,46.93067,fan,18180400011.0,82.105064,2001-04-29,2001.0,4.0
BETSIBOKA.2004,Tropical Island,2004,-16.79922,46.93067,fan,18180400011.0,72.26364,2001-06-08,2001.0,6.0
BETSIBOKA.2004,Tropical Island,2004,-16.79922,46.93067,fan,18180400011.0,58.639725,2001-08-10,2001.0,8.0
BETSIBOKA.2004,Tropical Island,2004,-16.79922,46.93067,fan,18180400011.0,92.676926,2001-08-11,2001.0,8.0
BETSIBOKA.2004,Tropical Island,2004,-16.79922,46.93067,fan,18180400011.0,41.04516,2001-08-18,2001.0,8.0
BETSIBOKA.2004,Tropical Island,2004,-16.79922,46.93067,fan,18180400011.0,27.21483,2001-08-19,2001.0,8.0
BETSIBOKA.2004,Tropical Island,2004,-16.79922,46.93067,fan,18180400011.0,27.373968,2001-08-26,2001.0,8.0
BETSIBOKA.2004,Tropical Island,2004,-16.79922,46.93067,fan,18180400011.0,58.06064,2001-09-04,2001.0,9.0
BETSIBOKA.2004,Tropical Island,2004,-16.79922,46.93067,fan,18180400011.0,44.650875,2001-09-11,2001.0,9.0
BETSIBOKA.2004,Tropical Island,2004,-16.79922,46.93067,fan,18180400011.0,61.320007,2001-09-27,2001.0,9.0
BETSIBOKA.2004,Tropical Island,2004,-16.79922,46.93067,fan,18180400011.0,64.025185,2001-10-13,2001.0,10.0
BETSIBOKA.2004,Tropical Island,2004,-16.79922,46.93067,fan,18180400011.0,103.01124,2001-10-22,2001.0,10.0
BETSIBOKA.2004,Tropical Island,2004,-16.79922,46.93067,fan,18180400011.0,60.794796,2001-11-07,2001.0,11.0
BETSIBOKA.2004,Tropical Island,2004,-16.79922,46.93067,fan,18180400011.0,340.74777,2001-11-14,2001.0,11.0
BETSIBOKA.2004,Tropical Island,2004,-16.79922,46.93067,fan,18180400011.0,384.1814,2001-11-30,2001.0,11.0
BETSIBOKA.2004,Tropical Island,2004,-16.79922,46.93067,fan,18180400011.0,220.57469,2001-12-16,2001.0,12.0
BETSIBOKA.2004,Tropical Island,2004,-16.79922,46.93067,fan,18180400011.0,106.10465,2002-01-26,2002.0,1.0
BETSIBOKA.2004,Tropical Island,2004,-16.79922,46.93067,fan,18180400011.0,124.45673,2002-02-18,2002.0,2.0
BETSIBOKA.2004,Tropical Island,2004,-16.79922,46.93067,fan,18180400011.0,103.52942,2002-02-27,2002.0,2.0
BETSIBOKA.2004,Tropical Island,2004,-16.79922,46.93067,fan,18180400011.0,133.93512,2002-03-15,2002.0,3.0
BETSIBOKA.2004,Tropical Island,2004,-16.79922,46.93067,fan,18180400011.0,84.02473,2002-03-31,2002.0,3.0
BETSIBOKA.2004,Tropical Island,2004,-16.79922,46.93067,fan,18180400011.0,85.36475,2002-04-16,2002.0,4.0
BETSIBOKA.2004,Tropical Island,2004,-16.79922,46.93067,fan,18180400011.0,89.22544,2002-04-23,2002.0,4.0
BETSIBOKA.2004,Tropical Island,2004,-16.79922,46.93067,fan,18180400011.0,59.229874,2002-06-03,2002.0,6.0
BETSIBOKA.2004,Tropical Island,2004,-16.79922,46.93067,fan,18180400011.0,31.670353,2002-06-19,2002.0,6.0
BETSIBOKA.2004,Tropical Island,2004,-16.79922,46.93067,fan,18180400011.0,31.40193,2002-07-21,2002.0,7.0
BETSIBOKA.2004,Tropical Island,2004,-16.79922,46.93067,fan,18180400011.0,24.446583,2002-07-28,2002.0,7.0
BETSIBOKA.2004,Tropical Island,2004,-16.79922,46.93067,fan,18180400011.0,23.265541,2002-08-13,2002.0,8.0
BETSIBOKA.2004,Tropical Island,2004,-16.79922,46.93067,fan,18180400011.0,27.078075,2002-08-22,2002.0,8.0
BETSIBOKA.2004,Tropical Island,2004,-16.79922,46.93067,fan,18180400011.0,53.42945,2002-09-07,2002.0,9.0
BETSIBOKA.2004,Tropical Island,2004,-16.79922,46.93067,fan,18180400011.0,167.02002,2002-10-16,2002.0,10.0
BETSIBOKA.2004,Tropical Island,2004,-16.79922,46.93067,fan,18180400011.0,145.9331,2002-11-26,2002.0,11.0
BETSIBOKA.2004,Tropical Island,2004,-16.79922,46.93067,fan,18180400011.0,236.11983,2003-02-05,2003.0,2.0
BETSIBOKA.2004,Tropical Island,2004,-16.79922,46.93067,fan,18180400011.0,125.94159,2003-02-14,2003.0,2.0
BETSIBOKA.2004,Tropical Island,2004,-16.79922,46.93067,fan,18180400011.0,139.87798,2003-03-02,2003.0,3.0
BETSIBOKA.2004,Tropical Island,2004,-16.79922,46.93067,fan,18180400011.0,284.86475,2003-03-09,2003.0,3.0
BETSIBOKA.2004,Tropical Island,2004,-16.79922,46.93067,fan,18180400011.0,85.03197,2003-03-25,2003.0,3.0
BETSIBOKA.2004,Tropical Island,2004,-16.79922,46.93067,fan,18180400011.0,158.71205,2003-04-03,2003.0,4.0
BETSIBOKA.2004,Tropical Island,2004,-16.79922,46.93067,fan,18180400011.0,67.705,2003-04-10,2003.0,4.0
BETSIBOKA.2004,Tropical Island,2004,-16.79922,46.93067,fan,18180400011.0,84.42415,2003-04-19,2003.0,4.0
BETSIBOKA.2004,Tropical Island,2004,-16.79922,46.93067,fan,18180400011.0,25.84041,2003-07-31,2003.0,7.0
BETSIBOKA.2004,Tropical Island,2004,-16.79922,46.93067,fan,18180400011.0,117.48683,2003-09-26,2003.0,9.0
BETSIBOKA.2004,Tropical Island,2004,-16.79922,46.93067,fan,18180400011.0,146.4313,2003-10-03,2003.0,10.0
BETSIBOKA.2004,Tropical Island,2004,-16.79922,46.93067,fan,18180400011.0,46.323338,2003-10-28,2003.0,10.0
BETSIBOKA.2004,Tropical Island,2004,-16.79922,46.93067,fan,18180400011.0,232.8713,2003-11-04,2003.0,11.0
BETSIBOKA.2004,Tropical Island,2004,-16.79922,46.93067,fan,18180400011.0,66.18934,2003-11-12,2003.0,11.0
BETSIBOKA.2004,Tropical Island,2004,-16.79922,46.93067,fan,18180400011.0,473.6229,2003-11-13,2003.0,11.0
BETSIBOKA.2004,Tropical Island,2004,-16.79922,46.93067,fan,18180400011.0,149.21645,2003-11-20,2003.0,11.0
BETSIBOKA.2004,Tropical Island,2004,-16.79922,46.93067,fan,18180400011.0,139.96593,2003-11-21,2003.0,11.0
BETSIBOKA.2004,Tropical Island,2004,-16.79922,46.93067,fan,18180400011.0,151.80968,2003-11-28,2003.0,11.0
BETSIBOKA.2004,Tropical Island,2004,-16.79922,46.93067,fan,18180400011.0,237.10287,2003-11-29,2003.0,11.0
BETSIBOKA.2004,Tropical Island,2004,-16.79922,46.93067,fan,18180400011.0,127.249054,2003-12-06,2003.0,12.0
BETSIBOKA.2004,Tropical Island,2004,-16.79922,46.93067,fan,18180400011.0,188.24586,2003-12-22,2003.0,12.0
BETSIBOKA.2004,Tropical Island,2004,-16.79922,46.93067,fan,18180400011.0,145.32797,2003-12-30,2003.0,12.0
BETSIBOKA.2004,Tropical Island,2004,-16.79922,46.93067,fan,18180400011.0,913.9892,2003-12-31,2003.0,12.0
BETSIBOKA.2004,Tropical Island,2004,-16.79922,46.93067,fan,18180400011.0,187.99687,2004-01-16,2004.0,1.0
BETSIBOKA.2004,Tropical Island,2004,-16.79922,46.93067,fan,18180400011.0,110.53807,2004-03-20,2004.0,3.0
BETSIBOKA.2004,Tropical Island,2004,-16.79922,46.93067,fan,18180400011.0,77.11339,2004-03-27,2004.0,3.0
BETSIBOKA.2004,Tropical Island,2004,-16.79922,46.93067,fan,18180400011.0,87.822716,2004-04-05,2004.0,4.0
BETSIBOKA.2004,Tropical Island,2004,-16.79922,46.93067,fan,18180400011.0,69.52302,2004-04-12,2004.0,4.0
BETSIBOKA.2004,Tropical Island,2004,-16.79922,46.93067,fan,18180400011.0,72.61555,2004-04-28,2004.0,4.0
BETSIBOKA.2004,Tropical Island,2004,-16.79922,46.93067,fan,18180400011.0,95.66308,2004-04-29,2004.0,4.0
BETSIBOKA.2004,Tropical Island,2004,-16.79922,46.93067,fan,18180400011.0,103.18381,2004-05-07,2004.0,5.0
BETSIBOKA.2004,Tropical Island,2004,-16.79922,46.93067,fan,18180400011.0,74.885155,2004-05-14,2004.0,5.0
BETSIBOKA.2004,Tropical Island,2004,-16.79922,46.93067,fan,18180400011.0,40.673782,2004-05-23,2004.0,5.0
BETSIBOKA.2004,Tropical Island,2004,-16.79922,46.93067,fan,18180400011.0,38.16806,2004-05-30,2004.0,5.0
BETSIBOKA.2004,Tropical Island,2004,-16.79922,46.93067,fan,18180400011.0,64.9935,2004-06-07,2004.0,6.0
BETSIBOKA.2004,Tropical Island,2004,-16.79922,46.93067,fan,18180400011.0,23.276688,2004-06-08,2004.0,6.0
BETSIBOKA.2004,Tropical Island,2004,-16.79922,46.93067,fan,18180400011.0,49.750042,2004-06-16,2004.0,6.0
BETSIBOKA.2004,Tropical Island,2004,-16.79922,46.93067,fan,18180400011.0,29.578814,2004-07-02,2004.0,7.0
BETSIBOKA.2004,Tropical Island,2004,-16.79922,46.93067,fan,18180400011.0,32.961025,2004-07-18,2004.0,7.0
BETSIBOKA.2004,Tropical Island,2004,-16.79922,46.93067,fan,18180400011.0,28.49299,2004-08-03,2004.0,8.0
BETSIBOKA.2004,Tropical Island,2004,-16.79922,46.93067,fan,18180400011.0,34.768177,2004-08-11,2004.0,8.0
BETSIBOKA.2004,Tropical Island,2004,-16.79922,46.93067,fan,18180400011.0,29.746983,2004-08-26,2004.0,8.0
BETSIBOKA.2004,Tropical Island,2004,-16.79922,46.93067,fan,18180400011.0,28.654936,2004-08-27,2004.0,8.0
BETSIBOKA.2004,Tropical Island,2004,-16.79922,46.93067,fan,18180400011.0,24.702646,2004-09-03,2004.0,9.0
BETSIBOKA.2004,Tropical Island,2004,-16.79922,46.93067,fan,18180400011.0,32.9335,2004-09-12,2004.0,9.0
BETSIBOKA.2004,Tropical Island,2004,-16.79922,46.93067,fan,18180400011.0,34.850147,2004-09-20,2004.0,9.0
BETSIBOKA.2004,Tropical Island,2004,-16.79922,46.93067,fan,18180400011.0,92.163956,2004-09-28,2004.0,9.0
BETSIBOKA.2004,Tropical Island,2004,-16.79922,46.93067,fan,18180400011.0,34.279175,2004-10-05,2004.0,10.0
BETSIBOKA.2004,Tropical Island,2004,-16.79922,46.93067,fan,18180400011.0,62.203682,2004-10-14,2004.0,10.0
BETSIBOKA.2004,Tropical Island,2004,-16.79922,46.93067,fan,18180400011.0,113.26948,2004-10-30,2004.0,10.0
BETSIBOKA.2004,Tropical Island,2004,-16.79922,46.93067,fan,18180400011.0,544.1955,2004-11-15,2004.0,11.0
BETSIBOKA.2004,Tropical Island,2004,-16.79922,46.93067,fan,18180400011.0,125.13491,2004-12-01,2004.0,12.0
BETSIBOKA.2004,Tropical Island,2004,-16.79922,46.93067,fan,18180400011.0,192.76396,2005-02-03,2005.0,2.0
BETSIBOKA.2004,Tropical Island,2004,-16.79922,46.93067,fan,18180400011.0,337.7371,2005-02-18,2005.0,2.0
BETSIBOKA.2004,Tropical Island,2004,-16.79922,46.93067,fan,18180400011.0,359.77618,2005-03-07,2005.0,3.0
BETSIBOKA.2004,Tropical Island,2004,-16.79922,46.93067,fan,18180400011.0,157.57372,2005-03-14,2005.0,3.0
BETSIBOKA.2004,Tropical Island,2004,-16.79922,46.93067,fan,18180400011.0,65.66446,2005-03-23,2005.0,3.0
BETSIBOKA.2004,Tropical Island,2004,-16.79922,46.93067,fan,18180400011.0,108.96547,2005-03-30,2005.0,3.0
BETSIBOKA.2004,Tropical Island,2004,-16.79922,46.93067,fan,18180400011.0,120.286964,2005-04-15,2005.0,4.0
BETSIBOKA.2004,Tropical Island,2004,-16.79922,46.93067,fan,18180400011.0,89.22553,2005-04-15,2005.0,4.0
BETSIBOKA.2004,Tropical Island,2004,-16.79922,46.93067,fan,18180400011.0,93.01611,2005-04-24,2005.0,4.0
BETSIBOKA.2004,Tropical Island,2004,-16.79922,46.93067,fan,18180400011.0,186.14912,2005-05-01,2005.0,5.0
BETSIBOKA.2004,Tropical Island,2004,-16.79922,46.93067,fan,18180400011.0,71.03853,2005-05-01,2005.0,5.0
BETSIBOKA.2004,Tropical Island,2004,-16.79922,46.93067,fan,18180400011.0,96.87996,2005-05-18,2005.0,5.0
BETSIBOKA.2004,Tropical Island,2004,-16.79922,46.93067,fan,18180400011.0,142.9819,2005-06-10,2005.0,6.0
BETSIBOKA.2004,Tropical Island,2004,-16.79922,46.93067,fan,18180400011.0,72.50405,2005-06-10,2005.0,6.0
BETSIBOKA.2004,Tropical Island,2004,-16.79922,46.93067,fan,18180400011.0,112.824326,2005-07-21,2005.0,7.0
BETSIBOKA.2004,Tropical Island,2004,-16.79922,46.93067,fan,18180400011.0,52.72287,2005-07-29,2005.0,7.0
BETSIBOKA.2004,Tropical Island,2004,-16.79922,46.93067,fan,18180400011.0,45.696583,2005-08-14,2005.0,8.0
BETSIBOKA.2004,Tropical Island,2004,-16.79922,46.93067,fan,18180400011.0,95.89267,2005-08-21,2005.0,8.0
BETSIBOKA.2004,Tropical Island,2004,-16.79922,46.93067,fan,18180400011.0,50.35099,2005-08-21,2005.0,8.0
BETSIBOKA.2004,Tropical Island,2004,-16.79922,46.93067,fan,18180400011.0,73.04638,2005-09-14,2005.0,9.0
BETSIBOKA.2004,Tropical Island,2004,-16.79922,46.93067,fan,18180400011.0,30.575771,2005-09-22,2005.0,9.0
BETSIBOKA.2004,Tropical Island,2004,-16.79922,46.93067,fan,18180400011.0,40.74013,2005-09-22,2005.0,9.0
BETSIBOKA.2004,Tropical Island,2004,-16.79922,46.93067,fan,18180400011.0,60.887867,2005-09-23,2005.0,9.0
BETSIBOKA.2004,Tropical Island,2004,-16.79922,46.93067,fan,18180400011.0,55.405582,2005-09-30,2005.0,9.0
BETSIBOKA.2004,Tropical Island,2004,-16.79922,46.93067,fan,18180400011.0,60.092056,2005-09-30,2005.0,9.0
BETSIBOKA.2004,Tropical Island,2004,-16.79922,46.93067,fan,18180400011.0,87.74373,2005-10-09,2005.0,10.0
BETSIBOKA.2004,Tropical Island,2004,-16.79922,46.93067,fan,18180400011.0,67.989105,2005-10-17,2005.0,10.0
BETSIBOKA.2004,Tropical Island,2004,-16.79922,46.93067,fan,18180400011.0,128.03575,2005-10-24,2005.0,10.0
BETSIBOKA.2004,Tropical Island,2004,-16.79922,46.93067,fan,18180400011.0,102.6215,2005-10-24,2005.0,10.0
BETSIBOKA.2004,Tropical Island,2004,-16.79922,46.93067,fan,18180400011.0,182.31755,2005-11-01,2005.0,11.0
BETSIBOKA.2004,Tropical Island,2004,-16.79922,46.93067,fan,18180400011.0,199.87627,2005-11-01,2005.0,11.0
BETSIBOKA.2004,Tropical Island,2004,-16.79922,46.93067,fan,18180400011.0,55.578663,2005-11-02,2005.0,11.0
BETSIBOKA.2004,Tropical Island,2004,-16.79922,46.93067,fan,18180400011.0,109.77429,2005-11-18,2005.0,11.0
BETSIBOKA.2004,Tropical Island,2004,-16.79922,46.93067,fan,18180400011.0,104.86127,2005-12-27,2005.0,12.0
BETSIBOKA.2004,Tropical Island,2004,-16.79922,46.93067,fan,18180400011.0,125.946365,2006-01-05,2006.0,1.0
BETSIBOKA.2004,Tropical Island,2004,-16.79922,46.93067,fan,18180400011.0,125.22858,2006-03-02,2006.0,3.0
BETSIBOKA.2004,Tropical Island,2004,-16.79922,46.93067,fan,18180400011.0,93.09134,2006-03-17,2006.0,3.0
BETSIBOKA.2004,Tropical Island,2004,-16.79922,46.93067,fan,18180400011.0,103.91747,2006-03-26,2006.0,3.0
BETSIBOKA.2004,Tropical Island,2004,-16.79922,46.93067,fan,18180400011.0,97.93589,2006-04-02,2006.0,4.0
BETSIBOKA.2004,Tropical Island,2004,-16.79922,46.93067,fan,18180400011.0,83.308846,2006-04-03,2006.0,4.0
BETSIBOKA.2004,Tropical Island,2004,-16.79922,46.93067,fan,18180400011.0,86.75533,2006-04-10,2006.0,4.0
BETSIBOKA.2004,Tropical Island,2004,-16.79922,46.93067,fan,18180400011.0,100.218735,2006-04-10,2006.0,4.0
BETSIBOKA.2004,Tropical Island,2004,-16.79922,46.93067,fan,18180400011.0,86.62292,2006-04-11,2006.0,4.0
BETSIBOKA.2004,Tropical Island,2004,-16.79922,46.93067,fan,18180400011.0,85.85334,2006-04-18,2006.0,4.0
BETSIBOKA.2004,Tropical Island,2004,-16.79922,46.93067,fan,18180400011.0,98.9021,2006-05-21,2006.0,5.0
BETSIBOKA.2004,Tropical Island,2004,-16.79922,46.93067,fan,18180400011.0,95.553406,2006-05-28,2006.0,5.0
BETSIBOKA.2004,Tropical Island,2004,-16.79922,46.93067,fan,18180400011.0,84.034836,2006-06-06,2006.0,6.0
BETSIBOKA.2004,Tropical Island,2004,-16.79922,46.93067,fan,18180400011.0,88.44769,2006-06-13,2006.0,6.0
BETSIBOKA.2004,Tropical Island,2004,-16.79922,46.93067,fan,18180400011.0,78.83048,2006-06-22,2006.0,6.0
BETSIBOKA.2004,Tropical Island,2004,-16.79922,46.93067,fan,18180400011.0,77.91208,2006-06-29,2006.0,6.0
BETSIBOKA.2004,Tropical Island,2004,-16.79922,46.93067,fan,18180400011.0,98.52531,2006-06-29,2006.0,6.0
BETSIBOKA.2004,Tropical Island,2004,-16.79922,46.93067,fan,18180400011.0,75.06521,2006-07-08,2006.0,7.0
BETSIBOKA.2004,Tropical Island,2004,-16.79922,46.93067,fan,18180400011.0,44.92143,2006-07-24,2006.0,7.0
BETSIBOKA.2004,Tropical Island,2004,-16.79922,46.93067,fan,18180400011.0,36.105457,2006-07-31,2006.0,7.0
BETSIBOKA.2004,Tropical Island,2004,-16.79922,46.93067,fan,18180400011.0,38.41076,2006-07-31,2006.0,7.0
BETSIBOKA.2004,Tropical Island,2004,-16.79922,46.93067,fan,18180400011.0,30.717424,2006-08-08,2006.0,8.0
BETSIBOKA.2004,Tropical Island,2004,-16.79922,46.93067,fan,18180400011.0,64.61885,2006-08-09,2006.0,8.0
BETSIBOKA.2004,Tropical Island,2004,-16.79922,46.93067,fan,18180400011.0,43.2864,2006-08-24,2006.0,8.0
BETSIBOKA.2004,Tropical Island,2004,-16.79922,46.93067,fan,18180400011.0,55.28956,2006-09-10,2006.0,9.0
BETSIBOKA.2004,Tropical Island,2004,-16.79922,46.93067,fan,18180400011.0,71.052414,2006-09-17,2006.0,9.0
BETSIBOKA.2004,Tropical Island,2004,-16.79922,46.93067,fan,18180400011.0,45.951836,2006-09-17,2006.0,9.0
BETSIBOKA.2004,Tropical Island,2004,-16.79922,46.93067,fan,18180400011.0,50.128525,2006-09-18,2006.0,9.0
BETSIBOKA.2004,Tropical Island,2004,-16.79922,46.93067,fan,18180400011.0,108.62265,2006-09-25,2006.0,9.0
BETSIBOKA.2004,Tropical Island,2004,-16.79922,46.93067,fan,18180400011.0,58.58483,2006-09-26,2006.0,9.0
BETSIBOKA.2004,Tropical Island,2004,-16.79922,46.93067,fan,18180400011.0,117.37331,2006-10-03,2006.0,10.0
BETSIBOKA.2004,Tropical Island,2004,-16.79922,46.93067,fan,18180400011.0,195.80257,2006-10-03,2006.0,10.0
BETSIBOKA.2004,Tropical Island,2004,-16.79922,46.93067,fan,18180400011.0,103.08682,2006-10-11,2006.0,10.0
BETSIBOKA.2004,Tropical Island,2004,-16.79922,46.93067,fan,18180400011.0,219.15622,2006-10-19,2006.0,10.0
BETSIBOKA.2004,Tropical Island,2004,-16.79922,46.93067,fan,18180400011.0,188.99078,2006-10-19,2006.0,10.0
BETSIBOKA.2004,Tropical Island,2004,-16.79922,46.93067,fan,18180400011.0,158.8183,2006-10-20,2006.0,10.0
BETSIBOKA.2004,Tropical Island,2004,-16.79922,46.93067,fan,18180400011.0,483.42148,2006-11-04,2006.0,11.0
BETSIBOKA.2004,Tropical Island,2004,-16.79922,46.93067,fan,18180400011.0,321.8938,2006-11-04,2006.0,11.0
BETSIBOKA.2004,Tropical Island,2004,-16.79922,46.93067,fan,18180400011.0,368.51678,2006-11-05,2006.0,11.0
BETSIBOKA.2004,Tropical Island,2004,-16.79922,46.93067,fan,18180400011.0,676.8951,2006-11-13,2006.0,11.0
BETSIBOKA.2004,Tropical Island,2004,-16.79922,46.93067,fan,18180400011.0,584.472,2006-11-20,2006.0,11.0
BETSIBOKA.2004,Tropical Island,2004,-16.79922,46.93067,fan,18180400011.0,567.5,2006-11-20,2006.0,11.0
BETSIBOKA.2004,Tropical Island,2004,-16.79922,46.93067,fan,18180400011.0,520.9467,2006-11-21,2006.0,11.0
BETSIBOKA.2004,Tropical Island,2004,-16.79922,46.93067,fan,18180400011.0,149.06898,2006-12-15,2006.0,12.0
BETSIBOKA.2004,Tropical Island,2004,-16.79922,46.93067,fan,18180400011.0,126.546974,2006-12-31,2006.0,12.0
BETSIBOKA.2004,Tropical Island,2004,-16.79922,46.93067,fan,18180400011.0,615.4374,2007-02-08,2007.0,2.0
BETSIBOKA.2004,Tropical Island,2004,-16.79922,46.93067,fan,18180400011.0,119.38974,2007-03-04,2007.0,3.0
BETSIBOKA.2004,Tropical Island,2004,-16.79922,46.93067,fan,18180400011.0,108.69172,2007-03-20,2007.0,3.0
BETSIBOKA.2004,Tropical Island,2004,-16.79922,46.93067,fan,18180400011.0,108.68403,2007-03-20,2007.0,3.0
BETSIBOKA.2004,Tropical Island,2004,-16.79922,46.93067,fan,18180400011.0,76.75222,2007-03-28,2007.0,3.0
BETSIBOKA.2004,Tropical Island,2004,-16.79922,46.93067,fan,18180400011.0,119.05411,2007-03-29,2007.0,3.0
BETSIBOKA.2004,Tropical Island,2004,-16.79922,46.93067,fan,18180400011.0,112.24175,2007-04-13,2007.0,4.0
BETSIBOKA.2004,Tropical Island,2004,-16.79922,46.93067,fan,18180400011.0,66.54541,2007-04-21,2007.0,4.0
BETSIBOKA.2004,Tropical Island,2004,-16.79922,46.93067,fan,18180400011.0,125.62547,2007-04-22,2007.0,4.0
BETSIBOKA.2004,Tropical Island,2004,-16.79922,46.93067,fan,18180400011.0,87.92964,2007-04-30,2007.0,4.0
BETSIBOKA.2004,Tropical Island,2004,-16.79922,46.93067,fan,18180400011.0,136.88673,2007-05-07,2007.0,5.0
BETSIBOKA.2004,Tropical Island,2004,-16.79922,46.93067,fan,18180400011.0,58.26288,2007-05-07,2007.0,5.0
BETSIBOKA.2004,Tropical Island,2004,-16.79922,46.93067,fan,18180400011.0,207.3384,2007-05-15,2007.0,5.0
BETSIBOKA.2004,Tropical Island,2004,-16.79922,46.93067,fan,18180400011.0,198.1394,2007-05-15,2007.0,5.0
BETSIBOKA.2004,Tropical Island,2004,-16.79922,46.93067,fan,18180400011.0,81.9932,2007-05-16,2007.0,5.0
BETSIBOKA.2004,Tropical Island,2004,-16.79922,46.93067,fan,18180400011.0,153.70625,2007-05-23,2007.0,5.0
BETSIBOKA.2004,Tropical Island,2004,-16.79922,46.93067,fan,18180400011.0,64.57332,2007-05-23,2007.0,5.0
BETSIBOKA.2004,Tropical Island,2004,-16.79922,46.93067,fan,18180400011.0,105.841515,2007-05-31,2007.0,5.0
BETSIBOKA.2004,Tropical Island,2004,-16.79922,46.93067,fan,18180400011.0,108.46605,2007-05-31,2007.0,5.0
BETSIBOKA.2004,Tropical Island,2004,-16.79922,46.93067,fan,18180400011.0,73.96214,2007-06-01,2007.0,6.0
BETSIBOKA.2004,Tropical Island,2004,-16.79922,46.93067,fan,18180400011.0,104.00685,2007-06-08,2007.0,6.0
BETSIBOKA.2004,Tropical Island,2004,-16.79922,46.93067,fan,18180400011.0,74.95223,2007-06-16,2007.0,6.0
BETSIBOKA.2004,Tropical Island,2004,-16.79922,46.93067,fan,18180400011.0,119.12648,2007-06-16,2007.0,6.0
BETSIBOKA.2004,Tropical Island,2004,-16.79922,46.93067,fan,18180400011.0,82.92114,2007-06-17,2007.0,6.0
BETSIBOKA.2004,Tropical Island,2004,-16.79922,46.93067,fan,18180400011.0,33.372227,2007-06-24,2007.0,6.0
BETSIBOKA.2004,Tropical Island,2004,-16.79922,46.93067,fan,18180400011.0,69.885704,2007-06-25,2007.0,6.0
BETSIBOKA.2004,Tropical Island,2004,-16.79922,46.93067,fan,18180400011.0,29.777054,2007-07-10,2007.0,7.0
BETSIBOKA.2004,Tropical Island,2004,-16.79922,46.93067,fan,18180400011.0,33.053204,2007-07-18,2007.0,7.0
BETSIBOKA.2004,Tropical Island,2004,-16.79922,46.93067,fan,18180400011.0,90.44105,2007-07-18,2007.0,7.0
BETSIBOKA.2004,Tropical Island,2004,-16.79922,46.93067,fan,18180400011.0,147.6357,2007-08-03,2007.0,8.0
BETSIBOKA.2004,Tropical Island,2004,-16.79922,46.93067,fan,18180400011.0,31.137442,2007-08-19,2007.0,8.0
BETSIBOKA.2004,Tropical Island,2004,-16.79922,46.93067,fan,18180400011.0,36.5978,2007-09-04,2007.0,9.0
BETSIBOKA.2004,Tropical Island,2004,-16.79922,46.93067,fan,18180400011.0,35.941425,2007-09-05,2007.0,9.0
BETSIBOKA.2004,Tropical Island,2004,-16.79922,46.93067,fan,18180400011.0,45.707233,2007-09-20,2007.0,9.0
BETSIBOKA.2004,Tropical Island,2004,-16.79922,46.93067,fan,18180400011.0,47.708725,2007-10-07,2007.0,10.0
BETSIBOKA.2004,Tropical Island,2004,-16.79922,46.93067,fan,18180400011.0,58.473434,2007-10-14,2007.0,10.0
BETSIBOKA.2004,Tropical Island,2004,-16.79922,46.93067,fan,18180400011.0,191.66643,2007-10-30,2007.0,10.0
BETSIBOKA.2004,Tropical Island,2004,-16.79922,46.93067,fan,18180400011.0,377.33362,2007-11-08,2007.0,11.0
BETSIBOKA.2004,Tropical Island,2004,-16.79922,46.93067,fan,18180400011.0,228.32158,2007-11-15,2007.0,11.0
BETSIBOKA.2004,Tropical Island,2004,-16.79922,46.93067,fan,18180400011.0,691.286,2007-11-24,2007.0,11.0
BETSIBOKA.2004,Tropical Island,2004,-16.79922,46.93067,fan,18180400011.0,244.9902,2007-12-01,2007.0,12.0
BETSIBOKA.2004,Tropical Island,2004,-16.79922,46.93067,fan,18180400011.0,589.7404,2008-01-19,2008.0,1.0
BETSIBOKA.2004,Tropical Island,2004,-16.79922,46.93067,fan,18180400011.0,557.34064,2008-01-26,2008.0,1.0
BETSIBOKA.2004,Tropical Island,2004,-16.79922,46.93067,fan,18180400011.0,125.98993,2008-02-04,2008.0,2.0
BETSIBOKA.2004,Tropical Island,2004,-16.79922,46.93067,fan,18180400011.0,123.62298,2008-02-12,2008.0,2.0
BETSIBOKA.2004,Tropical Island,2004,-16.79922,46.93067,fan,18180400011.0,79.56469,2008-02-27,2008.0,2.0
BETSIBOKA.2004,Tropical Island,2004,-16.79922,46.93067,fan,18180400011.0,104.49968,2008-02-27,2008.0,2.0
BETSIBOKA.2004,Tropical Island,2004,-16.79922,46.93067,fan,18180400011.0,103.76732,2008-03-15,2008.0,3.0
BETSIBOKA.2004,Tropical Island,2004,-16.79922,46.93067,fan,18180400011.0,65.48773,2008-03-22,2008.0,3.0
BETSIBOKA.2004,Tropical Island,2004,-16.79922,46.93067,fan,18180400011.0,126.21458,2008-03-30,2008.0,3.0
BETSIBOKA.2004,Tropical Island,2004,-16.79922,46.93067,fan,18180400011.0,127.865845,2008-04-08,2008.0,4.0
BETSIBOKA.2004,Tropical Island,2004,-16.79922,46.93067,fan,18180400011.0,122.75484,2008-04-15,2008.0,4.0
BETSIBOKA.2004,Tropical Island,2004,-16.79922,46.93067,fan,18180400011.0,85.30275,2008-04-16,2008.0,4.0
BETSIBOKA.2004,Tropical Island,2004,-16.79922,46.93067,fan,18180400011.0,99.03037,2008-04-23,2008.0,4.0
BETSIBOKA.2004,Tropical Island,2004,-16.79922,46.93067,fan,18180400011.0,88.740166,2008-04-24,2008.0,4.0
BETSIBOKA.2004,Tropical Island,2004,-16.79922,46.93067,fan,18180400011.0,96.8965,2008-05-02,2008.0,5.0
BETSIBOKA.2004,Tropical Island,2004,-16.79922,46.93067,fan,18180400011.0,65.427345,2008-05-09,2008.0,5.0
BETSIBOKA.2004,Tropical Island,2004,-16.79922,46.93067,fan,18180400011.0,76.222725,2008-05-10,2008.0,5.0
BETSIBOKA.2004,Tropical Island,2004,-16.79922,46.93067,fan,18180400011.0,74.38441,2008-05-17,2008.0,5.0
BETSIBOKA.2004,Tropical Island,2004,-16.79922,46.93067,fan,18180400011.0,77.8049,2008-05-18,2008.0,5.0
BETSIBOKA.2004,Tropical Island,2004,-16.79922,46.93067,fan,18180400011.0,76.66023,2008-05-25,2008.0,5.0
BETSIBOKA.2004,Tropical Island,2004,-16.79922,46.93067,fan,18180400011.0,63.58211,2008-06-03,2008.0,6.0
BETSIBOKA.2004,Tropical Island,2004,-16.79922,46.93067,fan,18180400011.0,53.062733,2008-06-10,2008.0,6.0
BETSIBOKA.2004,Tropical Island,2004,-16.79922,46.93067,fan,18180400011.0,114.15868,2008-06-26,2008.0,6.0
BETSIBOKA.2004,Tropical Island,2004,-16.79922,46.93067,fan,18180400011.0,23.732803,2008-07-12,2008.0,7.0
BETSIBOKA.2004,Tropical Island,2004,-16.79922,46.93067,fan,18180400011.0,42.355633,2008-08-14,2008.0,8.0
BETSIBOKA.2004,Tropical Island,2004,-16.79922,46.93067,fan,18180400011.0,31.616762,2008-08-21,2008.0,8.0
BETSIBOKA.2004,Tropical Island,2004,-16.79922,46.93067,fan,18180400011.0,38.650192,2008-08-30,2008.0,8.0
BETSIBOKA.2004,Tropical Island,2004,-16.79922,46.93067,fan,18180400011.0,329.61975,2008-09-14,2008.0,9.0
BETSIBOKA.2004,Tropical Island,2004,-16.79922,46.93067,fan,18180400011.0,40.550545,2008-09-15,2008.0,9.0
BETSIBOKA.2004,Tropical Island,2004,-16.79922,46.93067,fan,18180400011.0,73.57384,2008-09-22,2008.0,9.0
BETSIBOKA.2004,Tropical Island,2004,-16.79922,46.93067,fan,18180400011.0,117.17733,2008-09-23,2008.0,9.0
BETSIBOKA.2004,Tropical Island,2004,-16.79922,46.93067,fan,18180400011.0,134.88219,2008-09-30,2008.0,9.0
BETSIBOKA.2004,Tropical Island,2004,-16.79922,46.93067,fan,18180400011.0,152.73497,2008-10-01,2008.0,10.0
BETSIBOKA.2004,Tropical Island,2004,-16.79922,46.93067,fan,18180400011.0,158.26154,2008-10-08,2008.0,10.0
BETSIBOKA.2004,Tropical Island,2004,-16.79922,46.93067,fan,18180400011.0,85.9691,2008-10-09,2008.0,10.0
BETSIBOKA.2004,Tropical Island,2004,-16.79922,46.93067,fan,18180400011.0,143.47514,2008-10-16,2008.0,10.0
BETSIBOKA.2004,Tropical Island,2004,-16.79922,46.93067,fan,18180400011.0,327.36954,2008-11-01,2008.0,11.0
BETSIBOKA.2004,Tropical Island,2004,-16.79922,46.93067,fan,18180400011.0,79.5034,2009-01-29,2009.0,1.0
BETSIBOKA.2004,Tropical Island,2004,-16.79922,46.93067,fan,18180400011.0,181.94751,2009-02-05,2009.0,2.0
BETSIBOKA.2004,Tropical Island,2004,-16.79922,46.93067,fan,18180400011.0,144.13965,2009-02-14,2009.0,2.0
BETSIBOKA.2004,Tropical Island,2004,-16.79922,46.93067,fan,18180400011.0,481.89603,2009-02-21,2009.0,2.0
BETSIBOKA.2004,Tropical Island,2004,-16.79922,46.93067,fan,18180400011.0,71.3354,2009-03-25,2009.0,3.0
BETSIBOKA.2004,Tropical Island,2004,-16.79922,46.93067,fan,18180400011.0,95.44478,2009-03-26,2009.0,3.0
BETSIBOKA.2004,Tropical Island,2004,-16.79922,46.93067,fan,18180400011.0,59.41968,2009-04-10,2009.0,4.0
BETSIBOKA.2004,Tropical Island,2004,-16.79922,46.93067,fan,18180400011.0,103.65868,2009-04-19,2009.0,4.0
BETSIBOKA.2004,Tropical Island,2004,-16.79922,46.93067,fan,18180400011.0,84.57812,2009-04-26,2009.0,4.0
BETSIBOKA.2004,Tropical Island,2004,-16.79922,46.93067,fan,18180400011.0,95.95973,2009-05-04,2009.0,5.0
BETSIBOKA.2004,Tropical Island,2004,-16.79922,46.93067,fan,18180400011.0,88.785385,2009-05-05,2009.0,5.0
BETSIBOKA.2004,Tropical Island,2004,-16.79922,46.93067,fan,18180400011.0,90.33739,2009-05-12,2009.0,5.0
BETSIBOKA.2004,Tropical Island,2004,-16.79922,46.93067,fan,18180400011.0,129.11124,2009-05-13,2009.0,5.0
BETSIBOKA.2004,Tropical Island,2004,-16.79922,46.93067,fan,18180400011.0,97.76866,2009-05-20,2009.0,5.0
BETSIBOKA.2004,Tropical Island,2004,-16.79922,46.93067,fan,18180400011.0,63.537937,2009-05-21,2009.0,5.0
BETSIBOKA.2004,Tropical Island,2004,-16.79922,46.93067,fan,18180400011.0,65.503876,2009-05-28,2009.0,5.0
BETSIBOKA.2004,Tropical Island,2004,-16.79922,46.93067,fan,18180400011.0,81.47441,2009-06-05,2009.0,6.0
BETSIBOKA.2004,Tropical Island,2004,-16.79922,46.93067,fan,18180400011.0,47.768936,2009-06-06,2009.0,6.0
BETSIBOKA.2004,Tropical Island,2004,-16.79922,46.93067,fan,18180400011.0,31.183466,2009-06-13,2009.0,6.0
BETSIBOKA.2004,Tropical Island,2004,-16.79922,46.93067,fan,18180400011.0,23.462412,2009-06-22,2009.0,6.0
BETSIBOKA.2004,Tropical Island,2004,-16.79922,46.93067,fan,18180400011.0,34.85566,2009-06-29,2009.0,6.0
BETSIBOKA.2004,Tropical Island,2004,-16.79922,46.93067,fan,18180400011.0,113.89489,2009-10-12,2009.0,10.0
BETSIBOKA.2004,Tropical Island,2004,-16.79922,46.93067,fan,18180400011.0,194.5622,2009-10-19,2009.0,10.0
BETSIBOKA.2004,Tropical Island,2004,-16.79922,46.93067,fan,18180400011.0,199.62285,2009-10-28,2009.0,10.0
BETSIBOKA.2004,Tropical Island,2004,-16.79922,46.93067,fan,18180400011.0,435.929,2009-11-04,2009.0,11.0
BETSIBOKA.2004,Tropical Island,2004,-16.79922,46.93067,fan,18180400011.0,289.99652,2009-11-05,2009.0,11.0
BETSIBOKA.2004,Tropical Island,2004,-16.79922,46.93067,fan,18180400011.0,846.0324,2009-11-12,2009.0,11.0
BETSIBOKA.2004,Tropical Island,2004,-16.79922,46.93067,fan,18180400011.0,146.34924,2009-11-13,2009.0,11.0
BETSIBOKA.2004,Tropical Island,2004,-16.79922,46.93067,fan,18180400011.0,135.14723,2009-11-28,2009.0,11.0
BETSIBOKA.2004,Tropical Island,2004,-16.79922,46.93067,fan,18180400011.0,108.53717,2009-11-29,2009.0,11.0
BETSIBOKA.2004,Tropical Island,2004,-16.79922,46.93067,fan,18180400011.0,138.60844,2009-12-14,2009.0,12.0
BETSIBOKA.2004,Tropical Island,2004,-16.79922,46.93067,fan,18180400011.0,75.44767,2010-03-28,2010.0,3.0
BETSIBOKA.2004,Tropical Island,2004,-16.79922,46.93067,fan,18180400011.0,84.28471,2010-04-05,2010.0,4.0
BETSIBOKA.2004,Tropical Island,2004,-16.79922,46.93067,fan,18180400011.0,100.73785,2010-04-06,2010.0,4.0
BETSIBOKA.2004,Tropical Island,2004,-16.79922,46.93067,fan,18180400011.0,70.902374,2010-04-13,2010.0,4.0
BETSIBOKA.2004,Tropical Island,2004,-16.79922,46.93067,fan,18180400011.0,92.02565,2010-04-21,2010.0,4.0
BETSIBOKA.2004,Tropical Island,2004,-16.79922,46.93067,fan,18180400011.0,69.19258,2010-04-22,2010.0,4.0
BETSIBOKA.2004,Tropical Island,2004,-16.79922,46.93067,fan,18180400011.0,89.17098,2010-04-30,2010.0,4.0
BETSIBOKA.2004,Tropical Island,2004,-16.79922,46.93067,fan,18180400011.0,92.75908,2010-05-07,2010.0,5.0
BETSIBOKA.2004,Tropical Island,2004,-16.79922,46.93067,fan,18180400011.0,61.93997,2010-05-08,2010.0,5.0
BETSIBOKA.2004,Tropical Island,2004,-16.79922,46.93067,fan,18180400011.0,53.992275,2010-05-15,2010.0,5.0
BETSIBOKA.2004,Tropical Island,2004,-16.79922,46.93067,fan,18180400011.0,38.546795,2010-05-31,2010.0,5.0
BETSIBOKA.2004,Tropical Island,2004,-16.79922,46.93067,fan,18180400011.0,29.127167,2010-06-25,2010.0,6.0
BETSIBOKA.2004,Tropical Island,2004,-16.79922,46.93067,fan,18180400011.0,36.76056,2010-07-11,2010.0,7.0
BETSIBOKA.2004,Tropical Island,2004,-16.79922,46.93067,fan,18180400011.0,137.88222,2010-10-06,2010.0,10.0
BETSIBOKA.2004,Tropical Island,2004,-16.79922,46.93067,fan,18180400011.0,487.6232,2010-11-07,2010.0,11.0
BETSIBOKA.2004,Tropical Island,2004,-16.79922,46.93067,fan,18180400011.0,421.2668,2010-11-15,2010.0,11.0
BETSIBOKA.2004,Tropical Island,2004,-16.79922,46.93067,fan,18180400011.0,456.53555,2010-11-24,2010.0,11.0
BETSIBOKA.2004,Tropical Island,2004,-16.79922,46.93067,fan,18180400011.0,457.2095,2010-12-01,2010.0,12.0
BETSIBOKA.2004,Tropical Island,2004,-16.79922,46.93067,fan,18180400011.0,103.118004,2011-01-02,2011.0,1.0
BETSIBOKA.2004,Tropical Island,2004,-16.79922,46.93067,fan,18180400011.0,154.37727,2011-01-03,2011.0,1.0
BETSIBOKA.2004,Tropical Island,2004,-16.79922,46.93067,fan,18180400011.0,293.703,2011-03-24,2011.0,3.0
BETSIBOKA.2004,Tropical Island,2004,-16.79922,46.93067,fan,18180400011.0,82.37053,2011-04-09,2011.0,4.0
BETSIBOKA.2004,Tropical Island,2004,-16.79922,46.93067,fan,18180400011.0,89.464134,2011-04-16,2011.0,4.0
BETSIBOKA.2004,Tropical Island,2004,-16.79922,46.93067,fan,18180400011.0,467.613,2011-04-25,2011.0,4.0
BETSIBOKA.2004,Tropical Island,2004,-16.79922,46.93067,fan,18180400011.0,212.96962,2011-05-02,2011.0,5.0
BETSIBOKA.2004,Tropical Island,2004,-16.79922,46.93067,fan,18180400011.0,73.14767,2011-05-10,2011.0,5.0
BETSIBOKA.2004,Tropical Island,2004,-16.79922,46.93067,fan,18180400011.0,94.67894,2011-05-11,2011.0,5.0
BETSIBOKA.2004,Tropical Island,2004,-16.79922,46.93067,fan,18180400011.0,75.121956,2011-05-18,2011.0,5.0
BETSIBOKA.2004,Tropical Island,2004,-16.79922,46.93067,fan,18180400011.0,90.80098,2011-05-27,2011.0,5.0
BETSIBOKA.2004,Tropical Island,2004,-16.79922,46.93067,fan,18180400011.0,89.158966,2011-06-12,2011.0,6.0
BETSIBOKA.2004,Tropical Island,2004,-16.79922,46.93067,fan,18180400011.0,63.134342,2011-06-28,2011.0,6.0
BETSIBOKA.2004,Tropical Island,2004,-16.79922,46.93067,fan,18180400011.0,46.02303,2011-07-14,2011.0,7.0
BETSIBOKA.2004,Tropical Island,2004,-16.79922,46.93067,fan,18180400011.0,61.952515,2011-07-22,2011.0,7.0
BETSIBOKA.2004,Tropical Island,2004,-16.79922,46.93067,fan,18180400011.0,52.547173,2011-07-29,2011.0,7.0
BETSIBOKA.2004,Tropical Island,2004,-16.79922,46.93067,fan,18180400011.0,58.447086,2011-07-29,2011.0,7.0
BETSIBOKA.2004,Tropical Island,2004,-16.79922,46.93067,fan,18180400011.0,27.842194,2011-07-30,2011.0,7.0
BETSIBOKA.2004,Tropical Island,2004,-16.79922,46.93067,fan,18180400011.0,33.301163,2011-08-15,2011.0,8.0
BETSIBOKA.2004,Tropical Island,2004,-16.79922,46.93067,fan,18180400011.0,24.361877,2011-08-22,2011.0,8.0
BETSIBOKA.2004,Tropical Island,2004,-16.79922,46.93067,fan,18180400011.0,33.951305,2011-08-31,2011.0,8.0
BETSIBOKA.2004,Tropical Island,2004,-16.79922,46.93067,fan,18180400011.0,41.225433,2011-09-07,2011.0,9.0
BETSIBOKA.2004,Tropical Island,2004,-16.79922,46.93067,fan,18180400011.0,193.18921,2011-09-16,2011.0,9.0
BETSIBOKA.2004,Tropical Island,2004,-16.79922,46.93067,fan,18180400011.0,53.069653,2011-09-23,2011.0,9.0
BETSIBOKA.2004,Tropical Island,2004,-16.79922,46.93067,fan,18180400011.0,139.24573,2011-10-02,2011.0,10.0
BETSIBOKA.2004,Tropical Island,2004,-16.79922,46.93067,fan,18180400011.0,96.57036,2011-10-09,2011.0,10.0
BETSIBOKA.2004,Tropical Island,2004,-16.79922,46.93067,fan,18180400011.0,254.86087,2011-10-25,2011.0,10.0
BETSIBOKA.2004,Tropical Island,2004,-16.79922,46.93067,fan,18180400011.0,740.20636,2011-11-03,2011.0,11.0
BETSIBOKA.2004,Tropical Island,2004,-16.79922,46.93067,fan,18180400011.0,217.83809,2011-11-10,2011.0,11.0
BETSIBOKA.2004,Tropical Island,2004,-16.79922,46.93067,fan,18180400011.0,522.906,2011-11-19,2011.0,11.0
BETSIBOKA.2004,Tropical Island,2004,-16.79922,46.93067,fan,18180400011.0,337.38425,2011-12-05,2011.0,12.0
BETSIBOKA.2004,Tropical Island,2004,-16.79922,46.93067,fan,18180400011.0,443.6635,2011-12-12,2011.0,12.0
BETSIBOKA.2004,Tropical Island,2004,-16.79922,46.93067,fan,18180400011.0,190.68953,2012-01-13,2012.0,1.0
BETSIBOKA.2004,Tropical Island,2004,-16.79922,46.93067,fan,18180400011.0,80.43306,2012-03-10,2012.0,3.0
BETSIBOKA.2004,Tropical Island,2004,-16.79922,46.93067,fan,18180400011.0,122.644165,2012-03-26,2012.0,3.0
BETSIBOKA.2004,Tropical Island,2004,-16.79922,46.93067,fan,18180400011.0,76.896355,2012-04-18,2012.0,4.0
BETSIBOKA.2004,Tropical Island,2004,-16.79922,46.93067,fan,18180400011.0,121.0945,2012-04-27,2012.0,4.0
BETSIBOKA.2004,Tropical Island,2004,-16.79922,46.93067,fan,18180400011.0,83.456635,2012-05-04,2012.0,5.0
BETSIBOKA.2004,Tropical Island,2004,-16.79922,46.93067,fan,18180400011.0,84.774864,2012-05-13,2012.0,5.0
BETSIBOKA.2004,Tropical Island,2004,-16.79922,46.93067,fan,18180400011.0,86.02524,2012-05-29,2012.0,5.0
BETSIBOKA.2004,Tropical Island,2004,-16.79922,46.93067,fan,18180400011.0,80.33131,2012-06-14,2012.0,6.0
BETSIBOKA.2004,Tropical Island,2004,-16.79922,46.93067,fan,18180400011.0,42.428288,2012-06-30,2012.0,6.0
BETSIBOKA.2004,Tropical Island,2004,-16.79922,46.93067,fan,18180400011.0,68.63656,2012-09-25,2012.0,9.0
BETSIBOKA.2004,Tropical Island,2004,-16.79922,46.93067,fan,18180400011.0,56.748768,2012-10-04,2012.0,10.0
BETSIBOKA.2004,Tropical Island,2004,-16.79922,46.93067,fan,18180400011.0,516.10016,2012-10-27,2012.0,10.0
BETSIBOKA.2004,Tropical Island,2004,-16.79922,46.93067,fan,18180400011.0,280.51224,2012-11-05,2012.0,11.0
BETSIBOKA.2004,Tropical Island,2004,-16.79922,46.93067,fan,18180400011.0,445.32236,2012-11-21,2012.0,11.0
BETSIBOKA.2004,Tropical Island,2004,-16.79922,46.93067,fan,18180400011.0,192.58055,2012-12-23,2012.0,12.0
BETSIBOKA.2004,Tropical Island,2004,-16.79922,46.93067,fan,18180400011.0,138.98126,2013-01-15,2013.0,1.0
BETSIBOKA.2004,Tropical Island,2004,-16.79922,46.93067,fan,18180400011.0,139.23404,2013-02-25,2013.0,2.0
BETSIBOKA.2004,Tropical Island,2004,-16.79922,46.93067,fan,18180400011.0,86.09648,2013-03-13,2013.0,3.0
BETSIBOKA.2004,Tropical Island,2004,-16.79922,46.93067,fan,18180400011.0,31.231102,2013-04-05,2013.0,4.0
BETSIBOKA.2004,Tropical Island,2004,-16.79922,46.93067,fan,18180400011.0,77.14633,2013-04-05,2013.0,4.0
BETSIBOKA.2004,Tropical Island,2004,-16.79922,46.93067,fan,18180400011.0,146.19635,2013-04-13,2013.0,4.0
BETSIBOKA.2004,Tropical Island,2004,-16.79922,46.93067,fan,18180400011.0,48.142735,2013-04-13,2013.0,4.0
BETSIBOKA.2004,Tropical Island,2004,-16.79922,46.93067,fan,18180400011.0,38.008633,2013-04-21,2013.0,4.0
BETSIBOKA.2004,Tropical Island,2004,-16.79922,46.93067,fan,18180400011.0,71.65019,2013-04-21,2013.0,4.0
BETSIBOKA.2004,Tropical Island,2004,-16.79922,46.93067,fan,18180400011.0,95.5297,2013-04-22,2013.0,4.0
BETSIBOKA.2004,Tropical Island,2004,-16.79922,46.93067,fan,18180400011.0,133.9396,2013-04-29,2013.0,4.0
BETSIBOKA.2004,Tropical Island,2004,-16.79922,46.93067,fan,18180400011.0,94.538734,2013-04-29,2013.0,4.0
BETSIBOKA.2004,Tropical Island,2004,-16.79922,46.93067,fan,18180400011.0,90.69962,2013-04-30,2013.0,4.0
BETSIBOKA.2004,Tropical Island,2004,-16.79922,46.93067,fan,18180400011.0,70.31352,2013-05-07,2013.0,5.0
BETSIBOKA.2004,Tropical Island,2004,-16.79922,46.93067,fan,18180400011.0,33.846737,2013-05-15,2013.0,5.0
BETSIBOKA.2004,Tropical Island,2004,-16.79922,46.93067,fan,18180400011.0,82.568756,2013-05-15,2013.0,5.0
BETSIBOKA.2004,Tropical Island,2004,-16.79922,46.93067,fan,18180400011.0,58.343956,2013-05-16,2013.0,5.0
BETSIBOKA.2004,Tropical Island,2004,-16.79922,46.93067,fan,18180400011.0,98.32674,2013-05-24,2013.0,5.0
BETSIBOKA.2004,Tropical Island,2004,-16.79922,46.93067,fan,18180400011.0,40.13988,2013-05-31,2013.0,5.0
BETSIBOKA.2004,Tropical Island,2004,-16.79922,46.93067,fan,18180400011.0,115.21895,2013-05-31,2013.0,5.0
BETSIBOKA.2004,Tropical Island,2004,-16.79922,46.93067,fan,18180400011.0,133.27017,2013-06-01,2013.0,6.0
BETSIBOKA.2004,Tropical Island,2004,-16.79922,46.93067,fan,18180400011.0,87.42329,2013-06-09,2013.0,6.0
BETSIBOKA.2004,Tropical Island,2004,-16.79922,46.93067,fan,18180400011.0,93.79005,2013-06-16,2013.0,6.0
BETSIBOKA.2004,Tropical Island,2004,-16.79922,46.93067,fan,18180400011.0,47.465054,2013-06-17,2013.0,6.0
BETSIBOKA.2004,Tropical Island,2004,-16.79922,46.93067,fan,18180400011.0,53.95506,2013-06-25,2013.0,6.0
BETSIBOKA.2004,Tropical Island,2004,-16.79922,46.93067,fan,18180400011.0,37.59916,2013-07-02,2013.0,7.0
BETSIBOKA.2004,Tropical Island,2004,-16.79922,46.93067,fan,18180400011.0,45.80994,2013-07-02,2013.0,7.0
BETSIBOKA.2004,Tropical Island,2004,-16.79922,46.93067,fan,18180400011.0,39.317513,2013-07-03,2013.0,7.0
BETSIBOKA.2004,Tropical Island,2004,-16.79922,46.93067,fan,18180400011.0,79.80246,2013-07-11,2013.0,7.0
BETSIBOKA.2004,Tropical Island,2004,-16.79922,46.93067,fan,18180400011.0,31.831848,2013-07-18,2013.0,7.0
BETSIBOKA.2004,Tropical Island,2004,-16.79922,46.93067,fan,18180400011.0,48.66005,2013-07-18,2013.0,7.0
BETSIBOKA.2004,Tropical Island,2004,-16.79922,46.93067,fan,18180400011.0,27.319592,2013-07-19,2013.0,7.0
BETSIBOKA.2004,Tropical Island,2004,-16.79922,46.93067,fan,18180400011.0,37.8743,2013-07-27,2013.0,7.0
BETSIBOKA.2004,Tropical Island,2004,-16.79922,46.93067,fan,18180400011.0,34.424583,2013-08-03,2013.0,8.0
BETSIBOKA.2004,Tropical Island,2004,-16.79922,46.93067,fan,18180400011.0,43.598904,2013-08-03,2013.0,8.0
BETSIBOKA.2004,Tropical Island,2004,-16.79922,46.93067,fan,18180400011.0,78.23353,2013-08-12,2013.0,8.0
BETSIBOKA.2004,Tropical Island,2004,-16.79922,46.93067,fan,18180400011.0,34.62378,2013-08-19,2013.0,8.0
BETSIBOKA.2004,Tropical Island,2004,-16.79922,46.93067,fan,18180400011.0,44.022263,2013-08-19,2013.0,8.0
BETSIBOKA.2004,Tropical Island,2004,-16.79922,46.93067,fan,18180400011.0,60.326935,2013-08-28,2013.0,8.0
BETSIBOKA.2004,Tropical Island,2004,-16.79922,46.93067,fan,18180400011.0,32.597446,2013-09-04,2013.0,9.0
BETSIBOKA.2004,Tropical Island,2004,-16.79922,46.93067,fan,18180400011.0,42.270718,2013-09-04,2013.0,9.0
BETSIBOKA.2004,Tropical Island,2004,-16.79922,46.93067,fan,18180400011.0,90.120155,2013-09-13,2013.0,9.0
BETSIBOKA.2004,Tropical Island,2004,-16.79922,46.93067,fan,18180400011.0,32.64357,2013-09-28,2013.0,9.0
BETSIBOKA.2004,Tropical Island,2004,-16.79922,46.93067,fan,18180400011.0,46.839996,2013-09-28,2013.0,9.0
BETSIBOKA.2004,Tropical Island,2004,-16.79922,46.93067,fan,18180400011.0,115.70423,2013-09-29,2013.0,9.0
BETSIBOKA.2004,Tropical Island,2004,-16.79922,46.93067,fan,18180400011.0,313.05316,2013-10-06,2013.0,10.0
BETSIBOKA.2004,Tropical Island,2004,-16.79922,46.93067,fan,18180400011.0,283.0911,2013-10-06,2013.0,10.0
BETSIBOKA.2004,Tropical Island,2004,-16.79922,46.93067,fan,18180400011.0,98.066574,2013-10-07,2013.0,10.0
BETSIBOKA.2004,Tropical Island,2004,-16.79922,46.93067,fan,18180400011.0,395.16254,2013-10-14,2013.0,10.0
BETSIBOKA.2004,Tropical Island,2004,-16.79922,46.93067,fan,18180400011.0,111.67053,2013-10-14,2013.0,10.0
BETSIBOKA.2004,Tropical Island,2004,-16.79922,46.93067,fan,18180400011.0,443.87936,2013-10-15,2013.0,10.0
BETSIBOKA.2004,Tropical Island,2004,-16.79922,46.93067,fan,18180400011.0,315.9864,2013-10-22,2013.0,10.0
BETSIBOKA.2004,Tropical Island,2004,-16.79922,46.93067,fan,18180400011.0,242.6357,2013-10-22,2013.0,10.0
BETSIBOKA.2004,Tropical Island,2004,-16.79922,46.93067,fan,18180400011.0,373.95715,2013-10-23,2013.0,10.0
BETSIBOKA.2004,Tropical Island,2004,-16.79922,46.93067,fan,18180400011.0,98.67324,2013-10-30,2013.0,10.0
BETSIBOKA.2004,Tropical Island,2004,-16.79922,46.93067,fan,18180400011.0,84.91346,2013-10-31,2013.0,10.0
BETSIBOKA.2004,Tropical Island,2004,-16.79922,46.93067,fan,18180400011.0,112.439476,2013-11-07,2013.0,11.0
BETSIBOKA.2004,Tropical Island,2004,-16.79922,46.93067,fan,18180400011.0,229.86058,2013-11-07,2013.0,11.0
BETSIBOKA.2004,Tropical Island,2004,-16.79922,46.93067,fan,18180400011.0,131.9157,2013-11-08,2013.0,11.0
BETSIBOKA.2004,Tropical Island,2004,-16.79922,46.93067,fan,18180400011.0,149.03355,2013-11-15,2013.0,11.0
BETSIBOKA.2004,Tropical Island,2004,-16.79922,46.93067,fan,18180400011.0,180.74687,2013-11-15,2013.0,11.0
BETSIBOKA.2004,Tropical Island,2004,-16.79922,46.93067,fan,18180400011.0,144.20447,2013-11-16,2013.0,11.0
BETSIBOKA.2004,Tropical Island,2004,-16.79922,46.93067,fan,18180400011.0,169.30438,2013-12-01,2013.0,12.0
BETSIBOKA.2004,Tropical Island,2004,-16.79922,46.93067,fan,18180400011.0,263.8128,2013-12-02,2013.0,12.0
BETSIBOKA.2004,Tropical Island,2004,-16.79922,46.93067,fan,18180400011.0,441.95435,2013-12-09,2013.0,12.0
BETSIBOKA.2004,Tropical Island,2004,-16.79922,46.93067,fan,18180400011.0,526.52167,2013-12-09,2013.0,12.0
BETSIBOKA.2004,Tropical Island,2004,-16.79922,46.93067,fan,18180400011.0,440.27277,2013-12-10,2013.0,12.0
BETSIBOKA.2004,Tropical Island,2004,-16.79922,46.93067,fan,18180400011.0,1194.8862,2013-12-17,2013.0,12.0
BETSIBOKA.2004,Tropical Island,2004,-16.79922,46.93067,fan,18180400011.0,1043.6599,2013-12-17,2013.0,12.0
BETSIBOKA.2004,Tropical Island,2004,-16.79922,46.93067,fan,18180400011.0,551.3843,2013-12-18,2013.0,12.0
BETSIBOKA.2004,Tropical Island,2004,-16.79922,46.93067,fan,18180400011.0,273.09222,2013-12-25,2013.0,12.0
BETSIBOKA.2004,Tropical Island,2004,-16.79922,46.93067,fan,18180400011.0,225.37735,2013-12-26,2013.0,12.0
BETSIBOKA.2004,Tropical Island,2004,-16.79922,46.93067,fan,18180400011.0,120.358696,2014-01-11,2014.0,1.0
BETSIBOKA.2004,Tropical Island,2004,-16.79922,46.93067,fan,18180400011.0,109.94461,2014-01-18,2014.0,1.0
BETSIBOKA.2004,Tropical Island,2004,-16.79922,46.93067,fan,18180400011.0,507.4665,2014-01-18,2014.0,1.0
BETSIBOKA.2004,Tropical Island,2004,-16.79922,46.93067,fan,18180400011.0,100.33065,2014-01-26,2014.0,1.0
BETSIBOKA.2004,Tropical Island,2004,-16.79922,46.93067,fan,18180400011.0,78.143326,2014-01-26,2014.0,1.0
BETSIBOKA.2004,Tropical Island,2004,-16.79922,46.93067,fan,18180400011.0,495.86288,2014-02-03,2014.0,2.0
BETSIBOKA.2004,Tropical Island,2004,-16.79922,46.93067,fan,18180400011.0,207.00777,2014-02-04,2014.0,2.0
BETSIBOKA.2004,Tropical Island,2004,-16.79922,46.93067,fan,18180400011.0,137.82425,2014-02-27,2014.0,2.0
BETSIBOKA.2004,Tropical Island,2004,-16.79922,46.93067,fan,18180400011.0,150.97781,2014-02-27,2014.0,2.0
BETSIBOKA.2004,Tropical Island,2004,-16.79922,46.93067,fan,18180400011.0,114.98654,2014-02-28,2014.0,2.0
BETSIBOKA.2004,Tropical Island,2004,-16.79922,46.93067,fan,18180400011.0,129.0005,2014-03-07,2014.0,3.0
BETSIBOKA.2004,Tropical Island,2004,-16.79922,46.93067,fan,18180400011.0,155.30476,2014-03-08,2014.0,3.0
BETSIBOKA.2004,Tropical Island,2004,-16.79922,46.93067,fan,18180400011.0,93.09888,2014-03-16,2014.0,3.0
BETSIBOKA.2004,Tropical Island,2004,-16.79922,46.93067,fan,18180400011.0,63.359947,2014-04-08,2014.0,4.0
BETSIBOKA.2004,Tropical Island,2004,-16.79922,46.93067,fan,18180400011.0,92.71441,2014-04-08,2014.0,4.0
BETSIBOKA.2004,Tropical Island,2004,-16.79922,46.93067,fan,18180400011.0,87.08655,2014-04-09,2014.0,4.0
BETSIBOKA.2004,Tropical Island,2004,-16.79922,46.93067,fan,18180400011.0,233.37413,2014-04-16,2014.0,4.0
BETSIBOKA.2004,Tropical Island,2004,-16.79922,46.93067,fan,18180400011.0,35.018425,2014-04-16,2014.0,4.0
BETSIBOKA.2004,Tropical Island,2004,-16.79922,46.93067,fan,18180400011.0,72.301895,2014-04-17,2014.0,4.0
BETSIBOKA.2004,Tropical Island,2004,-16.79922,46.93067,fan,18180400011.0,67.4407,2014-04-24,2014.0,4.0
BETSIBOKA.2004,Tropical Island,2004,-16.79922,46.93067,fan,18180400011.0,75.63622,2014-04-25,2014.0,4.0
BETSIBOKA.2004,Tropical Island,2004,-16.79922,46.93067,fan,18180400011.0,38.23301,2014-05-02,2014.0,5.0
BETSIBOKA.2004,Tropical Island,2004,-16.79922,46.93067,fan,18180400011.0,50.98784,2014-05-02,2014.0,5.0
BETSIBOKA.2004,Tropical Island,2004,-16.79922,46.93067,fan,18180400011.0,47.49035,2014-05-03,2014.0,5.0
BETSIBOKA.2004,Tropical Island,2004,-16.79922,46.93067,fan,18180400011.0,72.98679,2014-05-10,2014.0,5.0
BETSIBOKA.2004,Tropical Island,2004,-16.79922,46.93067,fan,18180400011.0,67.08383,2014-05-11,2014.0,5.0
BETSIBOKA.2004,Tropical Island,2004,-16.79922,46.93067,fan,18180400011.0,40.95479,2014-05-18,2014.0,5.0
BETSIBOKA.2004,Tropical Island,2004,-16.79922,46.93067,fan,18180400011.0,32.290806,2014-05-18,2014.0,5.0
BETSIBOKA.2004,Tropical Island,2004,-16.79922,46.93067,fan,18180400011.0,53.76212,2014-05-19,2014.0,5.0
BETSIBOKA.2004,Tropical Island,2004,-16.79922,46.93067,fan,18180400011.0,24.241402,2014-05-26,2014.0,5.0
BETSIBOKA.2004,Tropical Island,2004,-16.79922,46.93067,fan,18180400011.0,93.423294,2014-05-27,2014.0,5.0
BETSIBOKA.2004,Tropical Island,2004,-16.79922,46.93067,fan,18180400011.0,23.840273,2014-06-03,2014.0,6.0
BETSIBOKA.2004,Tropical Island,2004,-16.79922,46.93067,fan,18180400011.0,35.11229,2014-06-03,2014.0,6.0
BETSIBOKA.2004,Tropical Island,2004,-16.79922,46.93067,fan,18180400011.0,31.565142,2014-06-04,2014.0,6.0
BETSIBOKA.2004,Tropical Island,2004,-16.79922,46.93067,fan,18180400011.0,36.006298,2014-06-11,2014.0,6.0
BETSIBOKA.2004,Tropical Island,2004,-16.79922,46.93067,fan,18180400011.0,34.586174,2014-06-12,2014.0,6.0
BETSIBOKA.2004,Tropical Island,2004,-16.79922,46.93067,fan,18180400011.0,33.817932,2014-06-20,2014.0,6.0
BETSIBOKA.2004,Tropical Island,2004,-16.79922,46.93067,fan,18180400011.0,28.448921,2014-06-27,2014.0,6.0
BETSIBOKA.2004,Tropical Island,2004,-16.79922,46.93067,fan,18180400011.0,48.660168,2014-06-28,2014.0,6.0
BETSIBOKA.2004,Tropical Island,2004,-16.79922,46.93067,fan,18180400011.0,32.50016,2014-07-05,2014.0,7.0
BETSIBOKA.2004,Tropical Island,2004,-16.79922,46.93067,fan,18180400011.0,27.755093,2014-07-05,2014.0,7.0
BETSIBOKA.2004,Tropical Island,2004,-16.79922,46.93067,fan,18180400011.0,34.69656,2014-07-06,2014.0,7.0
BETSIBOKA.2004,Tropical Island,2004,-16.79922,46.93067,fan,18180400011.0,22.292814,2014-07-13,2014.0,7.0
BETSIBOKA.2004,Tropical Island,2004,-16.79922,46.93067,fan,18180400011.0,57.94971,2014-07-21,2014.0,7.0
BETSIBOKA.2004,Tropical Island,2004,-16.79922,46.93067,fan,18180400011.0,35.66284,2014-07-30,2014.0,7.0
BETSIBOKA.2004,Tropical Island,2004,-16.79922,46.93067,fan,18180400011.0,34.1571,2014-08-06,2014.0,8.0
BETSIBOKA.2004,Tropical Island,2004,-16.79922,46.93067,fan,18180400011.0,32.702168,2014-08-06,2014.0,8.0
BETSIBOKA.2004,Tropical Island,2004,-16.79922,46.93067,fan,18180400011.0,21.850222,2014-08-14,2014.0,8.0
BETSIBOKA.2004,Tropical Island,2004,-16.79922,46.93067,fan,18180400011.0,41.896843,2014-08-15,2014.0,8.0
BETSIBOKA.2004,Tropical Island,2004,-16.79922,46.93067,fan,18180400011.0,47.658463,2014-08-22,2014.0,8.0
BETSIBOKA.2004,Tropical Island,2004,-16.79922,46.93067,fan,18180400011.0,51.11662,2014-08-22,2014.0,8.0
BETSIBOKA.2004,Tropical Island,2004,-16.79922,46.93067,fan,18180400011.0,129.34813,2014-08-30,2014.0,8.0
BETSIBOKA.2004,Tropical Island,2004,-16.79922,46.93067,fan,18180400011.0,98.372574,2014-08-31,2014.0,8.0
BETSIBOKA.2004,Tropical Island,2004,-16.79922,46.93067,fan,18180400011.0,88.44165,2014-09-07,2014.0,9.0
BETSIBOKA.2004,Tropical Island,2004,-16.79922,46.93067,fan,18180400011.0,64.82253,2014-09-07,2014.0,9.0
BETSIBOKA.2004,Tropical Island,2004,-16.79922,46.93067,fan,18180400011.0,75.87885,2014-09-16,2014.0,9.0
BETSIBOKA.2004,Tropical Island,2004,-16.79922,46.93067,fan,18180400011.0,34.31702,2014-09-23,2014.0,9.0
BETSIBOKA.2004,Tropical Island,2004,-16.79922,46.93067,fan,18180400011.0,57.476192,2014-09-23,2014.0,9.0
BETSIBOKA.2004,Tropical Island,2004,-16.79922,46.93067,fan,18180400011.0,89.8312,2014-10-02,2014.0,10.0
BETSIBOKA.2004,Tropical Island,2004,-16.79922,46.93067,fan,18180400011.0,51.728924,2014-10-09,2014.0,10.0
BETSIBOKA.2004,Tropical Island,2004,-16.79922,46.93067,fan,18180400011.0,102.241585,2014-10-09,2014.0,10.0
BETSIBOKA.2004,Tropical Island,2004,-16.79922,46.93067,fan,18180400011.0,63.4451,2014-10-10,2014.0,10.0
BETSIBOKA.2004,Tropical Island,2004,-16.79922,46.93067,fan,18180400011.0,121.20131,2014-10-18,2014.0,10.0
BETSIBOKA.2004,Tropical Island,2004,-16.79922,46.93067,fan,18180400011.0,48.709988,2014-10-25,2014.0,10.0
BETSIBOKA.2004,Tropical Island,2004,-16.79922,46.93067,fan,18180400011.0,184.42368,2014-10-25,2014.0,10.0
BETSIBOKA.2004,Tropical Island,2004,-16.79922,46.93067,fan,18180400011.0,139.1891,2014-10-26,2014.0,10.0
BETSIBOKA.2004,Tropical Island,2004,-16.79922,46.93067,fan,18180400011.0,351.8545,2014-11-02,2014.0,11.0
BETSIBOKA.2004,Tropical Island,2004,-16.79922,46.93067,fan,18180400011.0,296.15967,2014-11-03,2014.0,11.0
BETSIBOKA.2004,Tropical Island,2004,-16.79922,46.93067,fan,18180400011.0,745.96643,2014-11-10,2014.0,11.0
BETSIBOKA.2004,Tropical Island,2004,-16.79922,46.93067,fan,18180400011.0,626.4246,2014-11-10,2014.0,11.0
BETSIBOKA.2004,Tropical Island,2004,-16.79922,46.93067,fan,18180400011.0,444.14603,2014-11-11,2014.0,11.0
BETSIBOKA.2004,Tropical Island,2004,-16.79922,46.93067,fan,18180400011.0,634.4494,2014-11-18,2014.0,11.0
BETSIBOKA.2004,Tropical Island,2004,-16.79922,46.93067,fan,18180400011.0,492.67978,2014-11-19,2014.0,11.0
BETSIBOKA.2004,Tropical Island,2004,-16.79922,46.93067,fan,18180400011.0,506.2116,2014-12-04,2014.0,12.0
BETSIBOKA.2004,Tropical Island,2004,-16.79922,46.93067,fan,18180400011.0,189.49069,2014-12-05,2014.0,12.0
BETSIBOKA.2004,Tropical Island,2004,-16.79922,46.93067,fan,18180400011.0,661.1393,2014-12-12,2014.0,12.0
BETSIBOKA.2004,Tropical Island,2004,-16.79922,46.93067,fan,18180400011.0,520.43335,2014-12-13,2014.0,12.0
BETSIBOKA.2004,Tropical Island,2004,-16.79922,46.93067,fan,18180400011.0,313.47968,2014-12-28,2014.0,12.0
BETSIBOKA.2004,Tropical Island,2004,-16.79922,46.93067,fan,18180400011.0,303.34805,2014-12-28,2014.0,12.0
BETSIBOKA.2004,Tropical Island,2004,-16.79922,46.93067,fan,18180400011.0,106.974365,2015-01-21,2015.0,1.0
BETSIBOKA.2004,Tropical Island,2004,-16.79922,46.93067,fan,18180400011.0,156.11598,2015-01-30,2015.0,1.0
BETSIBOKA.2004,Tropical Island,2004,-16.79922,46.93067,fan,18180400011.0,166.2317,2015-02-14,2015.0,2.0
BETSIBOKA.2004,Tropical Island,2004,-16.79922,46.93067,fan,18180400011.0,116.148575,2015-03-11,2015.0,3.0
BETSIBOKA.2004,Tropical Island,2004,-16.79922,46.93067,fan,18180400011.0,139.13898,2015-03-18,2015.0,3.0
BETSIBOKA.2004,Tropical Island,2004,-16.79922,46.93067,fan,18180400011.0,142.3676,2015-03-18,2015.0,3.0
BETSIBOKA.2004,Tropical Island,2004,-16.79922,46.93067,fan,18180400011.0,92.30525,2015-03-19,2015.0,3.0
BETSIBOKA.2004,Tropical Island,2004,-16.79922,46.93067,fan,18180400011.0,133.37088,2015-03-26,2015.0,3.0
BETSIBOKA.2004,Tropical Island,2004,-16.79922,46.93067,fan,18180400011.0,151.04305,2015-03-27,2015.0,3.0
BETSIBOKA.2004,Tropical Island,2004,-16.79922,46.93067,fan,18180400011.0,185.67982,2015-04-03,2015.0,4.0
BETSIBOKA.2004,Tropical Island,2004,-16.79922,46.93067,fan,18180400011.0,171.96234,2015-04-03,2015.0,4.0
BETSIBOKA.2004,Tropical Island,2004,-16.79922,46.93067,fan,18180400011.0,142.73149,2015-04-04,2015.0,4.0
BETSIBOKA.2004,Tropical Island,2004,-16.79922,46.93067,fan,18180400011.0,87.4754,2015-04-11,2015.0,4.0
BETSIBOKA.2004,Tropical Island,2004,-16.79922,46.93067,fan,18180400011.0,136.22523,2015-04-12,2015.0,4.0
BETSIBOKA.2004,Tropical Island,2004,-16.79922,46.93067,fan,18180400011.0,89.51992,2015-04-19,2015.0,4.0
BETSIBOKA.2004,Tropical Island,2004,-16.79922,46.93067,fan,18180400011.0,138.1876,2015-04-19,2015.0,4.0
BETSIBOKA.2004,Tropical Island,2004,-16.79922,46.93067,fan,18180400011.0,83.54091,2015-04-20,2015.0,4.0
BETSIBOKA.2004,Tropical Island,2004,-16.79922,46.93067,fan,18180400011.0,74.05025,2015-04-27,2015.0,4.0
BETSIBOKA.2004,Tropical Island,2004,-16.79922,46.93067,fan,18180400011.0,125.87731,2015-04-27,2015.0,4.0
BETSIBOKA.2004,Tropical Island,2004,-16.79922,46.93067,fan,18180400011.0,128.96404,2015-04-28,2015.0,4.0
BETSIBOKA.2004,Tropical Island,2004,-16.79922,46.93067,fan,18180400011.0,236.01797,2015-05-05,2015.0,5.0
BETSIBOKA.2004,Tropical Island,2004,-16.79922,46.93067,fan,18180400011.0,81.22165,2015-05-13,2015.0,5.0
BETSIBOKA.2004,Tropical Island,2004,-16.79922,46.93067,fan,18180400011.0,124.87133,2015-05-13,2015.0,5.0
BETSIBOKA.2004,Tropical Island,2004,-16.79922,46.93067,fan,18180400011.0,150.20772,2015-05-14,2015.0,5.0
BETSIBOKA.2004,Tropical Island,2004,-16.79922,46.93067,fan,18180400011.0,99.93684,2015-05-21,2015.0,5.0
BETSIBOKA.2004,Tropical Island,2004,-16.79922,46.93067,fan,18180400011.0,130.34909,2015-05-21,2015.0,5.0
BETSIBOKA.2004,Tropical Island,2004,-16.79922,46.93067,fan,18180400011.0,81.40131,2015-05-22,2015.0,5.0
BETSIBOKA.2004,Tropical Island,2004,-16.79922,46.93067,fan,18180400011.0,79.54023,2015-05-29,2015.0,5.0
BETSIBOKA.2004,Tropical Island,2004,-16.79922,46.93067,fan,18180400011.0,91.31461,2015-05-30,2015.0,5.0
BETSIBOKA.2004,Tropical Island,2004,-16.79922,46.93067,fan,18180400011.0,80.91905,2015-06-06,2015.0,6.0
BETSIBOKA.2004,Tropical Island,2004,-16.79922,46.93067,fan,18180400011.0,87.134605,2015-06-06,2015.0,6.0
BETSIBOKA.2004,Tropical Island,2004,-16.79922,46.93067,fan,18180400011.0,113.27918,2015-06-15,2015.0,6.0
BETSIBOKA.2004,Tropical Island,2004,-16.79922,46.93067,fan,18180400011.0,60.560337,2015-06-22,2015.0,6.0
BETSIBOKA.2004,Tropical Island,2004,-16.79922,46.93067,fan,18180400011.0,51.30318,2015-06-22,2015.0,6.0
BETSIBOKA.2004,Tropical Island,2004,-16.79922,46.93067,fan,18180400011.0,66.884865,2015-06-23,2015.0,6.0
BETSIBOKA.2004,Tropical Island,2004,-16.79922,46.93067,fan,18180400011.0,98.28464,2015-06-30,2015.0,6.0
BETSIBOKA.2004,Tropical Island,2004,-16.79922,46.93067,fan,18180400011.0,73.563095,2015-06-30,2015.0,6.0
BETSIBOKA.2004,Tropical Island,2004,-16.79922,46.93067,fan,18180400011.0,90.32038,2015-07-01,2015.0,7.0
BETSIBOKA.2004,Tropical Island,2004,-16.79922,46.93067,fan,18180400011.0,86.7037,2015-07-08,2015.0,7.0
BETSIBOKA.2004,Tropical Island,2004,-16.79922,46.93067,fan,18180400011.0,110.53964,2015-07-08,2015.0,7.0
BETSIBOKA.2004,Tropical Island,2004,-16.79922,46.93067,fan,18180400011.0,62.568,2015-07-09,2015.0,7.0
BETSIBOKA.2004,Tropical Island,2004,-16.79922,46.93067,fan,18180400011.0,62.054596,2015-07-17,2015.0,7.0
BETSIBOKA.2004,Tropical Island,2004,-16.79922,46.93067,fan,18180400011.0,40.804718,2015-07-24,2015.0,7.0
BETSIBOKA.2004,Tropical Island,2004,-16.79922,46.93067,fan,18180400011.0,46.151318,2015-07-24,2015.0,7.0
BETSIBOKA.2004,Tropical Island,2004,-16.79922,46.93067,fan,18180400011.0,38.392593,2015-08-01,2015.0,8.0
BETSIBOKA.2004,Tropical Island,2004,-16.79922,46.93067,fan,18180400011.0,106.106514,2015-08-02,2015.0,8.0
BETSIBOKA.2004,Tropical Island,2004,-16.79922,46.93067,fan,18180400011.0,66.53125,2015-08-09,2015.0,8.0
BETSIBOKA.2004,Tropical Island,2004,-16.79922,46.93067,fan,18180400011.0,97.10575,2015-08-09,2015.0,8.0
BETSIBOKA.2004,Tropical Island,2004,-16.79922,46.93067,fan,18180400011.0,50.55354,2015-08-10,2015.0,8.0
BETSIBOKA.2004,Tropical Island,2004,-16.79922,46.93067,fan,18180400011.0,58.458797,2015-08-17,2015.0,8.0
BETSIBOKA.2004,Tropical Island,2004,-16.79922,46.93067,fan,18180400011.0,54.694004,2015-08-18,2015.0,8.0
BETSIBOKA.2004,Tropical Island,2004,-16.79922,46.93067,fan,18180400011.0,97.43587,2015-08-25,2015.0,8.0
BETSIBOKA.2004,Tropical Island,2004,-16.79922,46.93067,fan,18180400011.0,274.97406,2015-08-25,2015.0,8.0
BETSIBOKA.2004,Tropical Island,2004,-16.79922,46.93067,fan,18180400011.0,53.369164,2015-08-26,2015.0,8.0
BETSIBOKA.2004,Tropical Island,2004,-16.79922,46.93067,fan,18180400011.0,48.152237,2015-09-03,2015.0,9.0
BETSIBOKA.2004,Tropical Island,2004,-16.79922,46.93067,fan,18180400011.0,43.700638,2015-09-10,2015.0,9.0
BETSIBOKA.2004,Tropical Island,2004,-16.79922,46.93067,fan,18180400011.0,33.165424,2015-09-10,2015.0,9.0
BETSIBOKA.2004,Tropical Island,2004,-16.79922,46.93067,fan,18180400011.0,35.9217,2015-09-11,2015.0,9.0
BETSIBOKA.2004,Tropical Island,2004,-16.79922,46.93067,fan,18180400011.0,44.118748,2015-09-18,2015.0,9.0
BETSIBOKA.2004,Tropical Island,2004,-16.79922,46.93067,fan,18180400011.0,84.85288,2015-09-19,2015.0,9.0
BETSIBOKA.2004,Tropical Island,2004,-16.79922,46.93067,fan,18180400011.0,57.75453,2015-09-26,2015.0,9.0
BETSIBOKA.2004,Tropical Island,2004,-16.79922,46.93067,fan,18180400011.0,44.200043,2015-09-26,2015.0,9.0
BETSIBOKA.2004,Tropical Island,2004,-16.79922,46.93067,fan,18180400011.0,45.65812,2015-09-27,2015.0,9.0
BETSIBOKA.2004,Tropical Island,2004,-16.79922,46.93067,fan,18180400011.0,53.967903,2015-10-05,2015.0,10.0
BETSIBOKA.2004,Tropical Island,2004,-16.79922,46.93067,fan,18180400011.0,324.7613,2015-10-12,2015.0,10.0
BETSIBOKA.2004,Tropical Island,2004,-16.79922,46.93067,fan,18180400011.0,333.99966,2015-10-12,2015.0,10.0
BETSIBOKA.2004,Tropical Island,2004,-16.79922,46.93067,fan,18180400011.0,448.1225,2015-10-20,2015.0,10.0
BETSIBOKA.2004,Tropical Island,2004,-16.79922,46.93067,fan,18180400011.0,316.90048,2015-10-20,2015.0,10.0
BETSIBOKA.2004,Tropical Island,2004,-16.79922,46.93067,fan,18180400011.0,182.69989,2015-10-28,2015.0,10.0
BETSIBOKA.2004,Tropical Island,2004,-16.79922,46.93067,fan,18180400011.0,201.58774,2015-10-28,2015.0,10.0
BETSIBOKA.2004,Tropical Island,2004,-16.79922,46.93067,fan,18180400011.0,264.93893,2015-11-05,2015.0,11.0
BETSIBOKA.2004,Tropical Island,2004,-16.79922,46.93067,fan,18180400011.0,395.10678,2015-11-13,2015.0,11.0
BETSIBOKA.2004,Tropical Island,2004,-16.79922,46.93067,fan,18180400011.0,317.56314,2015-11-13,2015.0,11.0
BETSIBOKA.2004,Tropical Island,2004,-16.79922,46.93067,fan,18180400011.0,206.03172,2015-11-14,2015.0,11.0
BETSIBOKA.2004,Tropical Island,2004,-16.79922,46.93067,fan,18180400011.0,245.48659,2015-11-21,2015.0,11.0
BETSIBOKA.2004,Tropical Island,2004,-16.79922,46.93067,fan,18180400011.0,202.03377,2015-11-21,2015.0,11.0
BETSIBOKA.2004,Tropical Island,2004,-16.79922,46.93067,fan,18180400011.0,380.2125,2015-11-22,2015.0,11.0
BETSIBOKA.2004,Tropical Island,2004,-16.79922,46.93067,fan,18180400011.0,366.33813,2015-12-07,2015.0,12.0
BETSIBOKA.2004,Tropical Island,2004,-16.79922,46.93067,fan,18180400011.0,215.57794,2015-12-07,2015.0,12.0
BETSIBOKA.2004,Tropical Island,2004,-16.79922,46.93067,fan,18180400011.0,102.81785,2015-12-08,2015.0,12.0
BETSIBOKA.2004,Tropical Island,2004,-16.79922,46.93067,fan,18180400011.0,149.68286,2016-01-01,2016.0,1.0
BETSIBOKA.2004,Tropical Island,2004,-16.79922,46.93067,fan,18180400011.0,102.77022,2016-01-16,2016.0,1.0
BETSIBOKA.2004,Tropical Island,2004,-16.79922,46.93067,fan,18180400011.0,173.04439,2016-03-13,2016.0,3.0
BETSIBOKA.2004,Tropical Island,2004,-16.79922,46.93067,fan,18180400011.0,131.6872,2016-04-05,2016.0,4.0
BETSIBOKA.2004,Tropical Island,2004,-16.79922,46.93067,fan,18180400011.0,114.79928,2016-04-06,2016.0,4.0
BETSIBOKA.2004,Tropical Island,2004,-16.79922,46.93067,fan,18180400011.0,233.84416,2016-04-13,2016.0,4.0
BETSIBOKA.2004,Tropical Island,2004,-16.79922,46.93067,fan,18180400011.0,92.245476,2016-04-14,2016.0,4.0
BETSIBOKA.2004,Tropical Island,2004,-16.79922,46.93067,fan,18180400011.0,107.694885,2016-04-21,2016.0,4.0
BETSIBOKA.2004,Tropical Island,2004,-16.79922,46.93067,fan,18180400011.0,121.852516,2016-04-22,2016.0,4.0
BETSIBOKA.2004,Tropical Island,2004,-16.79922,46.93067,fan,18180400011.0,146.46483,2016-04-29,2016.0,4.0
BETSIBOKA.2004,Tropical Island,2004,-16.79922,46.93067,fan,18180400011.0,85.15539,2016-05-07,2016.0,5.0
BETSIBOKA.2004,Tropical Island,2004,-16.79922,46.93067,fan,18180400011.0,90.72106,2016-05-08,2016.0,5.0
BETSIBOKA.2004,Tropical Island,2004,-16.79922,46.93067,fan,18180400011.0,72.859566,2016-05-15,2016.0,5.0
BETSIBOKA.2004,Tropical Island,2004,-16.79922,46.93067,fan,18180400011.0,121.19439,2016-05-16,2016.0,5.0
BETSIBOKA.2004,Tropical Island,2004,-16.79922,46.93067,fan,18180400011.0,78.999916,2016-05-23,2016.0,5.0
BETSIBOKA.2004,Tropical Island,2004,-16.79922,46.93067,fan,18180400011.0,76.57184,2016-05-24,2016.0,5.0
BETSIBOKA.2004,Tropical Island,2004,-16.79922,46.93067,fan,18180400011.0,56.928593,2016-06-01,2016.0,6.0
BETSIBOKA.2004,Tropical Island,2004,-16.79922,46.93067,fan,18180400011.0,60.62031,2016-06-08,2016.0,6.0
BETSIBOKA.2004,Tropical Island,2004,-16.79922,46.93067,fan,18180400011.0,41.905457,2016-06-24,2016.0,6.0
BETSIBOKA.2004,Tropical Island,2004,-16.79922,46.93067,fan,18180400011.0,60.90525,2016-07-02,2016.0,7.0
BETSIBOKA.2004,Tropical Island,2004,-16.79922,46.93067,fan,18180400011.0,32.959198,2016-07-03,2016.0,7.0
BETSIBOKA.2004,Tropical Island,2004,-16.79922,46.93067,fan,18180400011.0,39.31493,2016-07-10,2016.0,7.0
BETSIBOKA.2004,Tropical Island,2004,-16.79922,46.93067,fan,18180400011.0,63.739014,2016-07-19,2016.0,7.0
BETSIBOKA.2004,Tropical Island,2004,-16.79922,46.93067,fan,18180400011.0,29.626902,2016-07-26,2016.0,7.0
BETSIBOKA.2004,Tropical Island,2004,-16.79922,46.93067,fan,18180400011.0,33.630394,2016-07-27,2016.0,7.0
BETSIBOKA.2004,Tropical Island,2004,-16.79922,46.93067,fan,18180400011.0,52.727184,2016-08-03,2016.0,8.0
BETSIBOKA.2004,Tropical Island,2004,-16.79922,46.93067,fan,18180400011.0,69.51802,2016-08-04,2016.0,8.0
BETSIBOKA.2004,Tropical Island,2004,-16.79922,46.93067,fan,18180400011.0,30.255217,2016-08-11,2016.0,8.0
BETSIBOKA.2004,Tropical Island,2004,-16.79922,46.93067,fan,18180400011.0,66.64302,2016-08-12,2016.0,8.0
BETSIBOKA.2004,Tropical Island,2004,-16.79922,46.93067,fan,18180400011.0,35.94241,2016-08-19,2016.0,8.0
BETSIBOKA.2004,Tropical Island,2004,-16.79922,46.93067,fan,18180400011.0,75.230125,2016-08-20,2016.0,8.0
BETSIBOKA.2004,Tropical Island,2004,-16.79922,46.93067,fan,18180400011.0,32.030544,2016-08-27,2016.0,8.0
BETSIBOKA.2004,Tropical Island,2004,-16.79922,46.93067,fan,18180400011.0,47.502747,2016-09-05,2016.0,9.0
BETSIBOKA.2004,Tropical Island,2004,-16.79922,46.93067,fan,18180400011.0,39.43135,2016-09-12,2016.0,9.0
BETSIBOKA.2004,Tropical Island,2004,-16.79922,46.93067,fan,18180400011.0,72.83389,2016-09-13,2016.0,9.0
BETSIBOKA.2004,Tropical Island,2004,-16.79922,46.93067,fan,18180400011.0,45.08176,2016-09-20,2016.0,9.0
BETSIBOKA.2004,Tropical Island,2004,-16.79922,46.93067,fan,18180400011.0,59.651245,2016-09-21,2016.0,9.0
BETSIBOKA.2004,Tropical Island,2004,-16.79922,46.93067,fan,18180400011.0,66.291466,2016-09-28,2016.0,9.0
BETSIBOKA.2004,Tropical Island,2004,-16.79922,46.93067,fan,18180400011.0,57.952766,2016-09-29,2016.0,9.0
BETSIBOKA.2004,Tropical Island,2004,-16.79922,46.93067,fan,18180400011.0,111.97305,2016-10-07,2016.0,10.0
BETSIBOKA.2004,Tropical Island,2004,-16.79922,46.93067,fan,18180400011.0,149.23308,2016-10-14,2016.0,10.0
BETSIBOKA.2004,Tropical Island,2004,-16.79922,46.93067,fan,18180400011.0,224.23701,2016-10-22,2016.0,10.0
BETSIBOKA.2004,Tropical Island,2004,-16.79922,46.93067,fan,18180400011.0,116.67972,2016-10-23,2016.0,10.0
BETSIBOKA.2004,Tropical Island,2004,-16.79922,46.93067,fan,18180400011.0,749.6806,2016-10-30,2016.0,10.0
BETSIBOKA.2004,Tropical Island,2004,-16.79922,46.93067,fan,18180400011.0,671.477,2016-11-07,2016.0,11.0
BETSIBOKA.2004,Tropical Island,2004,-16.79922,46.93067,fan,18180400011.0,215.01854,2016-11-08,2016.0,11.0
BETSIBOKA.2004,Tropical Island,2004,-16.79922,46.93067,fan,18180400011.0,632.9323,2016-11-15,2016.0,11.0
BETSIBOKA.2004,Tropical Island,2004,-16.79922,46.93067,fan,18180400011.0,772.6967,2016-11-16,2016.0,11.0
BETSIBOKA.2004,Tropical Island,2004,-16.79922,46.93067,fan,18180400011.0,535.9918,2016-11-23,2016.0,11.0
BETSIBOKA.2004,Tropical Island,2004,-16.79922,46.93067,fan,18180400011.0,176.62733,2016-12-09,2016.0,12.0
BETSIBOKA.2004,Tropical Island,2004,-16.79922,46.93067,fan,18180400011.0,139.2952,2016-12-10,2016.0,12.0
BETSIBOKA.2004,Tropical Island,2004,-16.79922,46.93067,fan,18180400011.0,111.42607,2016-12-17,2016.0,12.0
BETSIBOKA.2004,Tropical Island,2004,-16.79922,46.93067,fan,18180400011.0,444.86786,2016-12-25,2016.0,12.0
BETSIBOKA.2004,Tropical Island,2004,-16.79922,46.93067,fan,18180400011.0,228.82715,2016-12-26,2016.0,12.0
BETSIBOKA.2004,Tropical Island,2004,-16.79922,46.93067,fan,18180400011.0,124.486595,2017-01-02,2017.0,1.0
BETSIBOKA.2004,Tropical Island,2004,-16.79922,46.93067,fan,18180400011.0,169.9486,2017-01-03,2017.0,1.0
BETSIBOKA.2004,Tropical Island,2004,-16.79922,46.93067,fan,18180400011.0,677.99066,2017-01-10,2017.0,1.0
BETSIBOKA.2004,Tropical Island,2004,-16.79922,46.93067,fan,18180400011.0,178.96065,2017-01-18,2017.0,1.0
BETSIBOKA.2004,Tropical Island,2004,-16.79922,46.93067,fan,18180400011.0,118.84991,2017-01-19,2017.0,1.0
BETSIBOKA.2004,Tropical Island,2004,-16.79922,46.93067,fan,18180400011.0,219.27583,2017-01-27,2017.0,1.0
BETSIBOKA.2004,Tropical Island,2004,-16.79922,46.93067,fan,18180400011.0,211.3249,2017-02-03,2017.0,2.0
BETSIBOKA.2004,Tropical Island,2004,-16.79922,46.93067,fan,18180400011.0,424.68182,2017-02-20,2017.0,2.0
BETSIBOKA.2004,Tropical Island,2004,-16.79922,46.93067,fan,18180400011.0,88.34753,2017-02-27,2017.0,2.0
BETSIBOKA.2004,Tropical Island,2004,-16.79922,46.93067,fan,18180400011.0,77.31998,2017-03-23,2017.0,3.0
BETSIBOKA.2004,Tropical Island,2004,-16.79922,46.93067,fan,18180400011.0,86.25899,2017-03-24,2017.0,3.0
BETSIBOKA.2004,Tropical Island,2004,-16.79922,46.93067,fan,18180400011.0,93.464615,2017-04-09,2017.0,4.0
BETSIBOKA.2004,Tropical Island,2004,-16.79922,46.93067,fan,18180400011.0,81.82085,2017-04-16,2017.0,4.0
BETSIBOKA.2004,Tropical Island,2004,-16.79922,46.93067,fan,18180400011.0,132.16985,2017-04-17,2017.0,4.0
BETSIBOKA.2004,Tropical Island,2004,-16.79922,46.93067,fan,18180400011.0,160.4521,2017-04-24,2017.0,4.0
BETSIBOKA.2004,Tropical Island,2004,-16.79922,46.93067,fan,18180400011.0,85.68442,2017-04-25,2017.0,4.0
BETSIBOKA.2004,Tropical Island,2004,-16.79922,46.93067,fan,18180400011.0,126.73072,2017-05-03,2017.0,5.0
BETSIBOKA.2004,Tropical Island,2004,-16.79922,46.93067,fan,18180400011.0,105.74516,2017-05-10,2017.0,5.0
BETSIBOKA.2004,Tropical Island,2004,-16.79922,46.93067,fan,18180400011.0,78.23084,2017-05-11,2017.0,5.0
BETSIBOKA.2004,Tropical Island,2004,-16.79922,46.93067,fan,18180400011.0,75.330505,2017-05-18,2017.0,5.0
BETSIBOKA.2004,Tropical Island,2004,-16.79922,46.93067,fan,18180400011.0,118.51274,2017-05-19,2017.0,5.0
BETSIBOKA.2004,Tropical Island,2004,-16.79922,46.93067,fan,18180400011.0,91.69695,2017-05-26,2017.0,5.0
BETSIBOKA.2004,Tropical Island,2004,-16.79922,46.93067,fan,18180400011.0,109.21599,2017-05-27,2017.0,5.0
BETSIBOKA.2004,Tropical Island,2004,-16.79922,46.93067,fan,18180400011.0,96.16464,2017-06-03,2017.0,6.0
BETSIBOKA.2004,Tropical Island,2004,-16.79922,46.93067,fan,18180400011.0,86.94956,2017-06-04,2017.0,6.0
BETSIBOKA.2004,Tropical Island,2004,-16.79922,46.93067,fan,18180400011.0,100.63106,2017-06-11,2017.0,6.0
BETSIBOKA.2004,Tropical Island,2004,-16.79922,46.93067,fan,18180400011.0,74.66466,2017-06-19,2017.0,6.0
BETSIBOKA.2004,Tropical Island,2004,-16.79922,46.93067,fan,18180400011.0,106.64945,2017-06-20,2017.0,6.0
BETSIBOKA.2004,Tropical Island,2004,-16.79922,46.93067,fan,18180400011.0,69.50665,2017-06-27,2017.0,6.0
BETSIBOKA.2004,Tropical Island,2004,-16.79922,46.93067,fan,18180400011.0,58.305786,2017-06-28,2017.0,6.0
BETSIBOKA.2004,Tropical Island,2004,-16.79922,46.93067,fan,18180400011.0,60.402676,2017-07-05,2017.0,7.0
BETSIBOKA.2004,Tropical Island,2004,-16.79922,46.93067,fan,18180400011.0,36.10536,2017-07-06,2017.0,7.0
BETSIBOKA.2004,Tropical Island,2004,-16.79922,46.93067,fan,18180400011.0,25.272223,2017-07-13,2017.0,7.0
BETSIBOKA.2004,Tropical Island,2004,-16.79922,46.93067,fan,18180400011.0,47.235535,2017-07-14,2017.0,7.0
BETSIBOKA.2004,Tropical Island,2004,-16.79922,46.93067,fan,18180400011.0,122.32671,2017-07-21,2017.0,7.0
BETSIBOKA.2004,Tropical Island,2004,-16.79922,46.93067,fan,18180400011.0,71.7624,2017-07-22,2017.0,7.0
BETSIBOKA.2004,Tropical Island,2004,-16.79922,46.93067,fan,18180400011.0,111.60692,2017-08-07,2017.0,8.0
BETSIBOKA.2004,Tropical Island,2004,-16.79922,46.93067,fan,18180400011.0,33.428406,2017-08-14,2017.0,8.0
BETSIBOKA.2004,Tropical Island,2004,-16.79922,46.93067,fan,18180400011.0,65.09128,2017-08-15,2017.0,8.0
BETSIBOKA.2004,Tropical Island,2004,-16.79922,46.93067,fan,18180400011.0,69.42609,2017-08-22,2017.0,8.0
BETSIBOKA.2004,Tropical Island,2004,-16.79922,46.93067,fan,18180400011.0,91.55867,2017-08-23,2017.0,8.0
BETSIBOKA.2004,Tropical Island,2004,-16.79922,46.93067,fan,18180400011.0,37.975555,2017-09-07,2017.0,9.0
BETSIBOKA.2004,Tropical Island,2004,-16.79922,46.93067,fan,18180400011.0,57.285378,2017-09-08,2017.0,9.0
BETSIBOKA.2004,Tropical Island,2004,-16.79922,46.93067,fan,18180400011.0,77.88753,2017-09-15,2017.0,9.0
BETSIBOKA.2004,Tropical Island,2004,-16.79922,46.93067,fan,18180400011.0,192.43988,2017-09-16,2017.0,9.0
BETSIBOKA.2004,Tropical Island,2004,-16.79922,46.93067,fan,18180400011.0,154.07721,2017-09-24,2017.0,9.0
BETSIBOKA.2004,Tropical Island,2004,-16.79922,46.93067,fan,18180400011.0,176.31354,2017-10-01,2017.0,10.0
BETSIBOKA.2004,Tropical Island,2004,-16.79922,46.93067,fan,18180400011.0,127.58789,2017-10-02,2017.0,10.0
BETSIBOKA.2004,Tropical Island,2004,-16.79922,46.93067,fan,18180400011.0,113.07874,2017-10-09,2017.0,10.0
BETSIBOKA.2004,Tropical Island,2004,-16.79922,46.93067,fan,18180400011.0,105.9215,2017-10-10,2017.0,10.0
BETSIBOKA.2004,Tropical Island,2004,-16.79922,46.93067,fan,18180400011.0,232.85367,2017-10-17,2017.0,10.0
BETSIBOKA.2004,Tropical Island,2004,-16.79922,46.93067,fan,18180400011.0,139.59352,2017-10-18,2017.0,10.0
BETSIBOKA.2004,Tropical Island,2004,-16.79922,46.93067,fan,18180400011.0,243.3944,2017-10-25,2017.0,10.0
BETSIBOKA.2004,Tropical Island,2004,-16.79922,46.93067,fan,18180400011.0,355.62088,2017-10-26,2017.0,10.0
BETSIBOKA.2004,Tropical Island,2004,-16.79922,46.93067,fan,18180400011.0,471.7812,2017-11-02,2017.0,11.0
BETSIBOKA.2004,Tropical Island,2004,-16.79922,46.93067,fan,18180400011.0,62.00566,2017-11-03,2017.0,11.0
BETSIBOKA.2004,Tropical Island,2004,-16.79922,46.93067,fan,18180400011.0,489.64044,2017-11-10,2017.0,11.0
BETSIBOKA.2004,Tropical Island,2004,-16.79922,46.93067,fan,18180400011.0,608.82434,2017-11-11,2017.0,11.0
BETSIBOKA.2004,Tropical Island,2004,-16.79922,46.93067,fan,18180400011.0,345.02524,2017-11-18,2017.0,11.0
BETSIBOKA.2004,Tropical Island,2004,-16.79922,46.93067,fan,18180400011.0,59.716152,2017-11-27,2017.0,11.0
BETSIBOKA.2004,Tropical Island,2004,-16.79922,46.93067,fan,18180400011.0,265.659,2017-12-12,2017.0,12.0
BETSIBOKA.2004,Tropical Island,2004,-16.79922,46.93067,fan,18180400011.0,136.10257,2017-12-21,2017.0,12.0
BETSIBOKA.2004,Tropical Island,2004,-16.79922,46.93067,fan,18180400011.0,249.89142,2018-01-14,2018.0,1.0
BETSIBOKA.2004,Tropical Island,2004,-16.79922,46.93067,fan,18180400011.0,123.275444,2018-01-22,2018.0,1.0
BETSIBOKA.2004,Tropical Island,2004,-16.79922,46.93067,fan,18180400011.0,205.77264,2018-03-19,2018.0,3.0
BETSIBOKA.2004,Tropical Island,2004,-16.79922,46.93067,fan,18180400011.0,104.92259,2018-03-26,2018.0,3.0
BETSIBOKA.2004,Tropical Island,2004,-16.79922,46.93067,fan,18180400011.0,117.88637,2018-03-26,2018.0,3.0
BETSIBOKA.2004,Tropical Island,2004,-16.79922,46.93067,fan,18180400011.0,104.52355,2018-03-27,2018.0,3.0
BETSIBOKA.2004,Tropical Island,2004,-16.79922,46.93067,fan,18180400011.0,74.549194,2018-04-03,2018.0,4.0
BETSIBOKA.2004,Tropical Island,2004,-16.79922,46.93067,fan,18180400011.0,522.35425,2018-04-04,2018.0,4.0
BETSIBOKA.2004,Tropical Island,2004,-16.79922,46.93067,fan,18180400011.0,103.874756,2018-04-11,2018.0,4.0
BETSIBOKA.2004,Tropical Island,2004,-16.79922,46.93067,fan,18180400011.0,81.806046,2018-04-11,2018.0,4.0
BETSIBOKA.2004,Tropical Island,2004,-16.79922,46.93067,fan,18180400011.0,93.735695,2018-04-12,2018.0,4.0
BETSIBOKA.2004,Tropical Island,2004,-16.79922,46.93067,fan,18180400011.0,136.46565,2018-04-20,2018.0,4.0
BETSIBOKA.2004,Tropical Island,2004,-16.79922,46.93067,fan,18180400011.0,208.283,2018-04-27,2018.0,4.0
BETSIBOKA.2004,Tropical Island,2004,-16.79922,46.93067,fan,18180400011.0,89.22723,2018-04-28,2018.0,4.0
BETSIBOKA.2004,Tropical Island,2004,-16.79922,46.93067,fan,18180400011.0,79.16466,2018-05-05,2018.0,5.0
BETSIBOKA.2004,Tropical Island,2004,-16.79922,46.93067,fan,18180400011.0,165.97346,2018-05-06,2018.0,5.0
BETSIBOKA.2004,Tropical Island,2004,-16.79922,46.93067,fan,18180400011.0,119.65752,2018-05-13,2018.0,5.0
BETSIBOKA.2004,Tropical Island,2004,-16.79922,46.93067,fan,18180400011.0,78.076195,2018-05-13,2018.0,5.0
BETSIBOKA.2004,Tropical Island,2004,-16.79922,46.93067,fan,18180400011.0,100.20899,2018-05-14,2018.0,5.0
BETSIBOKA.2004,Tropical Island,2004,-16.79922,46.93067,fan,18180400011.0,59.722084,2018-05-22,2018.0,5.0
BETSIBOKA.2004,Tropical Island,2004,-16.79922,46.93067,fan,18180400011.0,60.75988,2018-05-29,2018.0,5.0
BETSIBOKA.2004,Tropical Island,2004,-16.79922,46.93067,fan,18180400011.0,121.16132,2018-05-29,2018.0,5.0
BETSIBOKA.2004,Tropical Island,2004,-16.79922,46.93067,fan,18180400011.0,85.48408,2018-05-30,2018.0,5.0
BETSIBOKA.2004,Tropical Island,2004,-16.79922,46.93067,fan,18180400011.0,53.753693,2018-06-06,2018.0,6.0
BETSIBOKA.2004,Tropical Island,2004,-16.79922,46.93067,fan,18180400011.0,97.817116,2018-06-07,2018.0,6.0
BETSIBOKA.2004,Tropical Island,2004,-16.79922,46.93067,fan,18180400011.0,193.17934,2018-06-14,2018.0,6.0
BETSIBOKA.2004,Tropical Island,2004,-16.79922,46.93067,fan,18180400011.0,53.75247,2018-06-22,2018.0,6.0
BETSIBOKA.2004,Tropical Island,2004,-16.79922,46.93067,fan,18180400011.0,78.596985,2018-06-23,2018.0,6.0
BETSIBOKA.2004,Tropical Island,2004,-16.79922,46.93067,fan,18180400011.0,77.79264,2018-06-30,2018.0,6.0
BETSIBOKA.2004,Tropical Island,2004,-16.79922,46.93067,fan,18180400011.0,185.96721,2018-06-30,2018.0,6.0
BETSIBOKA.2004,Tropical Island,2004,-16.79922,46.93067,fan,18180400011.0,39.475132,2018-07-01,2018.0,7.0
BETSIBOKA.2004,Tropical Island,2004,-16.79922,46.93067,fan,18180400011.0,24.855265,2018-07-08,2018.0,7.0
BETSIBOKA.2004,Tropical Island,2004,-16.79922,46.93067,fan,18180400011.0,56.76182,2018-07-09,2018.0,7.0
BETSIBOKA.2004,Tropical Island,2004,-16.79922,46.93067,fan,18180400011.0,173.65039,2018-07-16,2018.0,7.0
BETSIBOKA.2004,Tropical Island,2004,-16.79922,46.93067,fan,18180400011.0,32.666454,2018-07-16,2018.0,7.0
BETSIBOKA.2004,Tropical Island,2004,-16.79922,46.93067,fan,18180400011.0,24.923399,2018-07-24,2018.0,7.0
BETSIBOKA.2004,Tropical Island,2004,-16.79922,46.93067,fan,18180400011.0,68.955505,2018-08-01,2018.0,8.0
BETSIBOKA.2004,Tropical Island,2004,-16.79922,46.93067,fan,18180400011.0,176.20963,2018-08-01,2018.0,8.0
BETSIBOKA.2004,Tropical Island,2004,-16.79922,46.93067,fan,18180400011.0,50.76773,2018-08-02,2018.0,8.0
BETSIBOKA.2004,Tropical Island,2004,-16.79922,46.93067,fan,18180400011.0,30.45901,2018-08-09,2018.0,8.0
BETSIBOKA.2004,Tropical Island,2004,-16.79922,46.93067,fan,18180400011.0,60.372772,2018-08-10,2018.0,8.0
BETSIBOKA.2004,Tropical Island,2004,-16.79922,46.93067,fan,18180400011.0,161.68338,2018-08-17,2018.0,8.0
BETSIBOKA.2004,Tropical Island,2004,-16.79922,46.93067,fan,18180400011.0,41.613255,2018-08-17,2018.0,8.0
BETSIBOKA.2004,Tropical Island,2004,-16.79922,46.93067,fan,18180400011.0,38.43166,2018-08-18,2018.0,8.0
BETSIBOKA.2004,Tropical Island,2004,-16.79922,46.93067,fan,18180400011.0,32.68128,2018-08-25,2018.0,8.0
BETSIBOKA.2004,Tropical Island,2004,-16.79922,46.93067,fan,18180400011.0,59.834583,2018-08-26,2018.0,8.0
BETSIBOKA.2004,Tropical Island,2004,-16.79922,46.93067,fan,18180400011.0,268.1867,2018-09-02,2018.0,9.0
BETSIBOKA.2004,Tropical Island,2004,-16.79922,46.93067,fan,18180400011.0,59.654766,2018-09-02,2018.0,9.0
BETSIBOKA.2004,Tropical Island,2004,-16.79922,46.93067,fan,18180400011.0,93.42599,2018-09-11,2018.0,9.0
BETSIBOKA.2004,Tropical Island,2004,-16.79922,46.93067,fan,18180400011.0,59.770023,2018-09-18,2018.0,9.0
BETSIBOKA.2004,Tropical Island,2004,-16.79922,46.93067,fan,18180400011.0,62.734295,2018-09-19,2018.0,9.0
BETSIBOKA.2004,Tropical Island,2004,-16.79922,46.93067,fan,18180400011.0,50.51065,2018-09-26,2018.0,9.0
BETSIBOKA.2004,Tropical Island,2004,-16.79922,46.93067,fan,18180400011.0,124.746216,2018-09-27,2018.0,9.0
BETSIBOKA.2004,Tropical Island,2004,-16.79922,46.93067,fan,18180400011.0,107.23319,2018-10-04,2018.0,10.0
BETSIBOKA.2004,Tropical Island,2004,-16.79922,46.93067,fan,18180400011.0,116.1714,2018-10-05,2018.0,10.0
BETSIBOKA.2004,Tropical Island,2004,-16.79922,46.93067,fan,18180400011.0,67.221375,2018-10-12,2018.0,10.0
BETSIBOKA.2004,Tropical Island,2004,-16.79922,46.93067,fan,18180400011.0,131.75734,2018-10-13,2018.0,10.0
BETSIBOKA.2004,Tropical Island,2004,-16.79922,46.93067,fan,18180400011.0,604.5535,2018-10-20,2018.0,10.0
BETSIBOKA.2004,Tropical Island,2004,-16.79922,46.93067,fan,18180400011.0,437.49475,2018-10-21,2018.0,10.0
BETSIBOKA.2004,Tropical Island,2004,-16.79922,46.93067,fan,18180400011.0,835.0764,2018-10-28,2018.0,10.0
BETSIBOKA.2004,Tropical Island,2004,-16.79922,46.93067,fan,18180400011.0,216.09053,2018-10-29,2018.0,10.0
BETSIBOKA.2004,Tropical Island,2004,-16.79922,46.93067,fan,18180400011.0,529.5474,2018-11-05,2018.0,11.0
BETSIBOKA.2004,Tropical Island,2004,-16.79922,46.93067,fan,18180400011.0,288.3549,2018-11-06,2018.0,11.0
BETSIBOKA.2004,Tropical Island,2004,-16.79922,46.93067,fan,18180400011.0,724.7739,2018-11-13,2018.0,11.0
BETSIBOKA.2004,Tropical Island,2004,-16.79922,46.93067,fan,18180400011.0,113.3613,2018-11-14,2018.0,11.0
BETSIBOKA.2004,Tropical Island,2004,-16.79922,46.93067,fan,18180400011.0,198.22807,2018-11-21,2018.0,11.0
BETSIBOKA.2004,Tropical Island,2004,-16.79922,46.93067,fan,18180400011.0,171.72452,2018-11-22,2018.0,11.0
BETSIBOKA.2004,Tropical Island,2004,-16.79922,46.93067,fan,18180400011.0,858.012,2018-11-29,2018.0,11.0
BETSIBOKA.2004,Tropical Island,2004,-16.79922,46.93067,fan,18180400011.0,386.96848,2018-11-30,2018.0,11.0
BETSIBOKA.2004,Tropical Island,2004,-16.79922,46.93067,fan,18180400011.0,255.37502,2018-12-23,2018.0,12.0
BETSIBOKA.2004,Tropical Island,2004,-16.79922,46.93067,fan,18180400011.0,78.283966,2019-02-01,2019.0,2.0
BETSIBOKA.2004,Tropical Island,2004,-16.79922,46.93067,fan,18180400011.0,723.1341,2019-02-02,2019.0,2.0
BETSIBOKA.2004,Tropical Island,2004,-16.79922,46.93067,fan,18180400011.0,132.44273,2019-02-25,2019.0,2.0
BETSIBOKA.2004,Tropical Island,2004,-16.79922,46.93067,fan,18180400011.0,200.57634,2019-03-29,2019.0,3.0
BETSIBOKA.2004,Tropical Island,2004,-16.79922,46.93067,fan,18180400011.0,182.45953,2019-04-14,2019.0,4.0
BETSIBOKA.2004,Tropical Island,2004,-16.79922,46.93067,fan,18180400011.0,176.267,2019-04-14,2019.0,4.0
BETSIBOKA.2004,Tropical Island,2004,-16.79922,46.93067,fan,18180400011.0,150.96033,2019-04-23,2019.0,4.0
BETSIBOKA.2004,Tropical Island,2004,-16.79922,46.93067,fan,18180400011.0,85.479996,2019-05-08,2019.0,5.0
BETSIBOKA.2004,Tropical Island,2004,-16.79922,46.93067,fan,18180400011.0,95.19914,2019-05-08,2019.0,5.0
BETSIBOKA.2004,Tropical Island,2004,-16.79922,46.93067,fan,18180400011.0,135.71355,2019-05-09,2019.0,5.0
BETSIBOKA.2004,Tropical Island,2004,-16.79922,46.93067,fan,18180400011.0,100.61205,2019-05-16,2019.0,5.0
BETSIBOKA.2004,Tropical Island,2004,-16.79922,46.93067,fan,18180400011.0,81.312836,2019-05-16,2019.0,5.0
BETSIBOKA.2004,Tropical Island,2004,-16.79922,46.93067,fan,18180400011.0,90.420845,2019-05-17,2019.0,5.0
BETSIBOKA.2004,Tropical Island,2004,-16.79922,46.93067,fan,18180400011.0,171.93639,2019-05-24,2019.0,5.0
BETSIBOKA.2004,Tropical Island,2004,-16.79922,46.93067,fan,18180400011.0,161.8299,2019-05-24,2019.0,5.0
BETSIBOKA.2004,Tropical Island,2004,-16.79922,46.93067,fan,18180400011.0,96.69155,2019-05-25,2019.0,5.0
BETSIBOKA.2004,Tropical Island,2004,-16.79922,46.93067,fan,18180400011.0,100.54133,2019-06-01,2019.0,6.0
BETSIBOKA.2004,Tropical Island,2004,-16.79922,46.93067,fan,18180400011.0,98.00899,2019-06-01,2019.0,6.0
BETSIBOKA.2004,Tropical Island,2004,-16.79922,46.93067,fan,18180400011.0,98.56745,2019-06-02,2019.0,6.0
BETSIBOKA.2004,Tropical Island,2004,-16.79922,46.93067,fan,18180400011.0,76.32871,2019-06-09,2019.0,6.0
BETSIBOKA.2004,Tropical Island,2004,-16.79922,46.93067,fan,18180400011.0,73.21922,2019-06-09,2019.0,6.0
BETSIBOKA.2004,Tropical Island,2004,-16.79922,46.93067,fan,18180400011.0,100.76738,2019-06-10,2019.0,6.0
BETSIBOKA.2004,Tropical Island,2004,-16.79922,46.93067,fan,18180400011.0,173.0746,2019-06-17,2019.0,6.0
BETSIBOKA.2004,Tropical Island,2004,-16.79922,46.93067,fan,18180400011.0,59.166584,2019-06-18,2019.0,6.0
BETSIBOKA.2004,Tropical Island,2004,-16.79922,46.93067,fan,18180400011.0,143.11258,2019-06-26,2019.0,6.0
BETSIBOKA.2004,Tropical Island,2004,-16.79922,46.93067,fan,18180400011.0,50.9585,2019-07-03,2019.0,7.0
BETSIBOKA.2004,Tropical Island,2004,-16.79922,46.93067,fan,18180400011.0,50.40016,2019-07-03,2019.0,7.0
BETSIBOKA.2004,Tropical Island,2004,-16.79922,46.93067,fan,18180400011.0,79.08058,2019-07-11,2019.0,7.0
BETSIBOKA.2004,Tropical Island,2004,-16.79922,46.93067,fan,18180400011.0,106.41476,2019-07-12,2019.0,7.0
BETSIBOKA.2004,Tropical Island,2004,-16.79922,46.93067,fan,18180400011.0,43.756332,2019-07-19,2019.0,7.0
BETSIBOKA.2004,Tropical Island,2004,-16.79922,46.93067,fan,18180400011.0,39.31493,2019-07-19,2019.0,7.0
BETSIBOKA.2004,Tropical Island,2004,-16.79922,46.93067,fan,18180400011.0,35.98475,2019-07-20,2019.0,7.0
BETSIBOKA.2004,Tropical Island,2004,-16.79922,46.93067,fan,18180400011.0,133.28064,2019-07-28,2019.0,7.0
BETSIBOKA.2004,Tropical Island,2004,-16.79922,46.93067,fan,18180400011.0,32.005497,2019-08-04,2019.0,8.0
BETSIBOKA.2004,Tropical Island,2004,-16.79922,46.93067,fan,18180400011.0,33.2001,2019-08-04,2019.0,8.0
BETSIBOKA.2004,Tropical Island,2004,-16.79922,46.93067,fan,18180400011.0,25.472813,2019-08-12,2019.0,8.0
BETSIBOKA.2004,Tropical Island,2004,-16.79922,46.93067,fan,18180400011.0,38.379486,2019-08-12,2019.0,8.0
BETSIBOKA.2004,Tropical Island,2004,-16.79922,46.93067,fan,18180400011.0,53.260357,2019-08-13,2019.0,8.0
BETSIBOKA.2004,Tropical Island,2004,-16.79922,46.93067,fan,18180400011.0,32.134335,2019-08-20,2019.0,8.0
BETSIBOKA.2004,Tropical Island,2004,-16.79922,46.93067,fan,18180400011.0,33.117428,2019-08-20,2019.0,8.0
BETSIBOKA.2004,Tropical Island,2004,-16.79922,46.93067,fan,18180400011.0,67.50427,2019-08-29,2019.0,8.0
BETSIBOKA.2004,Tropical Island,2004,-16.79922,46.93067,fan,18180400011.0,55.118347,2019-09-05,2019.0,9.0
BETSIBOKA.2004,Tropical Island,2004,-16.79922,46.93067,fan,18180400011.0,72.01592,2019-09-05,2019.0,9.0
BETSIBOKA.2004,Tropical Island,2004,-16.79922,46.93067,fan,18180400011.0,64.06052,2019-09-06,2019.0,9.0
BETSIBOKA.2004,Tropical Island,2004,-16.79922,46.93067,fan,18180400011.0,50.596504,2019-09-13,2019.0,9.0
BETSIBOKA.2004,Tropical Island,2004,-16.79922,46.93067,fan,18180400011.0,48.340076,2019-09-13,2019.0,9.0
BETSIBOKA.2004,Tropical Island,2004,-16.79922,46.93067,fan,18180400011.0,140.64343,2019-09-21,2019.0,9.0
BETSIBOKA.2004,Tropical Island,2004,-16.79922,46.93067,fan,18180400011.0,131.2352,2019-09-21,2019.0,9.0
BETSIBOKA.2004,Tropical Island,2004,-16.79922,46.93067,fan,18180400011.0,68.16829,2019-09-22,2019.0,9.0
BETSIBOKA.2004,Tropical Island,2004,-16.79922,46.93067,fan,18180400011.0,137.93059,2019-09-30,2019.0,9.0
BETSIBOKA.2004,Tropical Island,2004,-16.79922,46.93067,fan,18180400011.0,151.13379,2019-10-07,2019.0,10.0
BETSIBOKA.2004,Tropical Island,2004,-16.79922,46.93067,fan,18180400011.0,117.67939,2019-10-08,2019.0,10.0
BETSIBOKA.2004,Tropical Island,2004,-16.79922,46.93067,fan,18180400011.0,238.82204,2019-10-15,2019.0,10.0
BETSIBOKA.2004,Tropical Island,2004,-16.79922,46.93067,fan,18180400011.0,131.38968,2019-10-16,2019.0,10.0
BETSIBOKA.2004,Tropical Island,2004,-16.79922,46.93067,fan,18180400011.0,585.1905,2019-10-23,2019.0,10.0
BETSIBOKA.2004,Tropical Island,2004,-16.79922,46.93067,fan,18180400011.0,484.97437,2019-10-23,2019.0,10.0
BETSIBOKA.2004,Tropical Island,2004,-16.79922,46.93067,fan,18180400011.0,152.87247,2019-10-24,2019.0,10.0
BETSIBOKA.2004,Tropical Island,2004,-16.79922,46.93067,fan,18180400011.0,599.1883,2019-10-31,2019.0,10.0
BETSIBOKA.2004,Tropical Island,2004,-16.79922,46.93067,fan,18180400011.0,289.2518,2019-10-31,2019.0,10.0
BETSIBOKA.2004,Tropical Island,2004,-16.79922,46.93067,fan,18180400011.0,251.09412,2019-11-01,2019.0,11.0
BETSIBOKA.2004,Tropical Island,2004,-16.79922,46.93067,fan,18180400011.0,222.9593,2019-11-08,2019.0,11.0
BETSIBOKA.2004,Tropical Island,2004,-16.79922,46.93067,fan,18180400011.0,190.40698,2019-11-08,2019.0,11.0
BETSIBOKA.2004,Tropical Island,2004,-16.79922,46.93067,fan,18180400011.0,346.74216,2019-11-09,2019.0,11.0
BETSIBOKA.2004,Tropical Island,2004,-16.79922,46.93067,fan,18180400011.0,137.4801,2019-12-03,2019.0,12.0
BETSIBOKA.2004,Tropical Island,2004,-16.79922,46.93067,fan,18180400011.0,133.04956,2019-12-26,2019.0,12.0
BETSIBOKA.2004,Tropical Island,2004,-16.79922,46.93067,fan,18180400011.0,124.74074,2019-12-26,2019.0,12.0
BETSIBOKA.2004,Tropical Island,2004,-16.79922,46.93067,fan,18180400011.0,113.09774,2020-01-11,2020.0,1.0
BETSIBOKA.2004,Tropical Island,2004,-16.79922,46.93067,fan,18180400011.0,80.572586,2020-02-04,2020.0,2.0
BETSIBOKA.2004,Tropical Island,2004,-16.79922,46.93067,fan,18180400011.0,84.675865,2020-02-04,2020.0,2.0
BETSIBOKA.2004,Tropical Island,2004,-16.79922,46.93067,fan,18180400011.0,140.30905,2020-02-05,2020.0,2.0
BETSIBOKA.2004,Tropical Island,2004,-16.79922,46.93067,fan,18180400011.0,99.93595,2020-03-16,2020.0,3.0
BETSIBOKA.2004,Tropical Island,2004,-16.79922,46.93067,fan,18180400011.0,219.17006,2020-03-24,2020.0,3.0
BETSIBOKA.2004,Tropical Island,2004,-16.79922,46.93067,fan,18180400011.0,172.1231,2020-03-31,2020.0,3.0
BETSIBOKA.2004,Tropical Island,2004,-16.79922,46.93067,fan,18180400011.0,146.46048,2020-04-08,2020.0,4.0
BETSIBOKA.2004,Tropical Island,2004,-16.79922,46.93067,fan,18180400011.0,104.72435,2020-04-16,2020.0,4.0
BETSIBOKA.2004,Tropical Island,2004,-16.79922,46.93067,fan,18180400011.0,80.108376,2020-04-17,2020.0,4.0
BETSIBOKA.2004,Tropical Island,2004,-16.79922,46.93067,fan,18180400011.0,123.703964,2020-04-25,2020.0,4.0
BETSIBOKA.2004,Tropical Island,2004,-16.79922,46.93067,fan,18180400011.0,290.3596,2020-05-02,2020.0,5.0
BETSIBOKA.2004,Tropical Island,2004,-16.79922,46.93067,fan,18180400011.0,124.6436,2020-05-03,2020.0,5.0
BETSIBOKA.2004,Tropical Island,2004,-16.79922,46.93067,fan,18180400011.0,146.34483,2020-05-10,2020.0,5.0
BETSIBOKA.2004,Tropical Island,2004,-16.79922,46.93067,fan,18180400011.0,82.42271,2020-05-18,2020.0,5.0
BETSIBOKA.2004,Tropical Island,2004,-16.79922,46.93067,fan,18180400011.0,94.339775,2020-05-19,2020.0,5.0
BETSIBOKA.2004,Tropical Island,2004,-16.79922,46.93067,fan,18180400011.0,73.5113,2020-05-26,2020.0,5.0
BETSIBOKA.2004,Tropical Island,2004,-16.79922,46.93067,fan,18180400011.0,124.13493,2020-05-27,2020.0,5.0
BETSIBOKA.2004,Tropical Island,2004,-16.79922,46.93067,fan,18180400011.0,64.17227,2020-06-03,2020.0,6.0
BETSIBOKA.2004,Tropical Island,2004,-16.79922,46.93067,fan,18180400011.0,78.57423,2020-06-11,2020.0,6.0
BETSIBOKA.2004,Tropical Island,2004,-16.79922,46.93067,fan,18180400011.0,66.95695,2020-06-12,2020.0,6.0
BETSIBOKA.2004,Tropical Island,2004,-16.79922,46.93067,fan,18180400011.0,450.02698,2020-06-19,2020.0,6.0
BETSIBOKA.2004,Tropical Island,2004,-16.79922,46.93067,fan,18180400011.0,56.298027,2020-06-27,2020.0,6.0
BETSIBOKA.2004,Tropical Island,2004,-16.79922,46.93067,fan,18180400011.0,78.08938,2020-06-28,2020.0,6.0
BETSIBOKA.2004,Tropical Island,2004,-16.79922,46.93067,fan,18180400011.0,25.88924,2020-07-05,2020.0,7.0
BETSIBOKA.2004,Tropical Island,2004,-16.79922,46.93067,fan,18180400011.0,59.87372,2020-07-06,2020.0,7.0
BETSIBOKA.2004,Tropical Island,2004,-16.79922,46.93067,fan,18180400011.0,29.635914,2020-07-13,2020.0,7.0
BETSIBOKA.2004,Tropical Island,2004,-16.79922,46.93067,fan,18180400011.0,66.88753,2020-07-14,2020.0,7.0
BETSIBOKA.2004,Tropical Island,2004,-16.79922,46.93067,fan,18180400011.0,33.577026,2020-07-21,2020.0,7.0
BETSIBOKA.2004,Tropical Island,2004,-16.79922,46.93067,fan,18180400011.0,72.052666,2020-07-30,2020.0,7.0
BETSIBOKA.2004,Tropical Island,2004,-16.79922,46.93067,fan,18180400011.0,34.105873,2020-08-06,2020.0,8.0
BETSIBOKA.2004,Tropical Island,2004,-16.79922,46.93067,fan,18180400011.0,39.18115,2020-08-07,2020.0,8.0
BETSIBOKA.2004,Tropical Island,2004,-16.79922,46.93067,fan,18180400011.0,32.58622,2020-08-14,2020.0,8.0
BETSIBOKA.2004,Tropical Island,2004,-16.79922,46.93067,fan,18180400011.0,108.59963,2020-08-15,2020.0,8.0
BETSIBOKA.2004,Tropical Island,2004,-16.79922,46.93067,fan,18180400011.0,57.499294,2020-08-22,2020.0,8.0
BETSIBOKA.2004,Tropical Island,2004,-16.79922,46.93067,fan,18180400011.0,34.766735,2020-08-23,2020.0,8.0
BETSIBOKA.2004,Tropical Island,2004,-16.79922,46.93067,fan,18180400011.0,30.820683,2020-09-07,2020.0,9.0
BETSIBOKA.2004,Tropical Island,2004,-16.79922,46.93067,fan,18180400011.0,78.049644,2020-09-16,2020.0,9.0
BETSIBOKA.2004,Tropical Island,2004,-16.79922,46.93067,fan,18180400011.0,71.597145,2020-09-23,2020.0,9.0
BETSIBOKA.2004,Tropical Island,2004,-16.79922,46.93067,fan,18180400011.0,117.05659,2020-09-24,2020.0,9.0
BETSIBOKA.2004,Tropical Island,2004,-16.79922,46.93067,fan,18180400011.0,208.1183,2020-10-01,2020.0,10.0
BETSIBOKA.2004,Tropical Island,2004,-16.79922,46.93067,fan,18180400011.0,205.51625,2020-10-02,2020.0,10.0
BETSIBOKA.2004,Tropical Island,2004,-16.79922,46.93067,fan,18180400011.0,505.12372,2020-10-18,2020.0,10.0
BETSIBOKA.2004,Tropical Island,2004,-16.79922,46.93067,fan,18180400011.0,169.1719,2020-10-26,2020.0,10.0
BETSIBOKA.2004,Tropical Island,2004,-16.79922,46.93067,fan,18180400011.0,249.89992,2020-11-10,2020.0,11.0
BETSIBOKA.2004,Tropical Island,2004,-16.79922,46.93067,fan,18180400011.0,154.73024,2020-11-11,2020.0,11.0
BETSIBOKA.2004,Tropical Island,2004,-16.79922,46.93067,fan,18180400011.0,460.85767,2020-11-18,2020.0,11.0
BETSIBOKA.2004,Tropical Island,2004,-16.79922,46.93067,fan,18180400011.0,317.8005,2020-11-19,2020.0,11.0
BETSIBOKA.2004,Tropical Island,2004,-16.79922,46.93067,fan,18180400011.0,566.60345,2020-11-27,2020.0,11.0
BETSIBOKA.2004,Tropical Island,2004,-16.79922,46.93067,fan,18180400011.0,417.21408,2020-12-05,2020.0,12.0
BETSIBOKA.2004,Tropical Island,2004,-16.79922,46.93067,fan,18180400011.0,82.42365,2021-01-05,2021.0,1.0
BETSIBOKA.2004,Tropical Island,2004,-16.79922,46.93067,fan,18180400011.0,541.1544,2021-01-06,2021.0,1.0
BETSIBOKA.2004,Tropical Island,2004,-16.79922,46.93067,fan,18180400011.0,75.06515,2021-01-13,2021.0,1.0
BETSIBOKA.2004,Tropical Island,2004,-16.79922,46.93067,fan,18180400011.0,367.59583,2021-02-06,2021.0,2.0
BETSIBOKA.2004,Tropical Island,2004,-16.79922,46.93067,fan,18180400011.0,29.897224,2021-02-22,2021.0,2.0
BETSIBOKA.2004,Tropical Island,2004,-16.79922,46.93067,fan,18180400011.0,126.96603,2021-02-23,2021.0,2.0
BETSIBOKA.2004,Tropical Island,2004,-16.79922,46.93067,fan,18180400011.0,74.90625,2021-03-02,2021.0,3.0
BETSIBOKA.2004,Tropical Island,2004,-16.79922,46.93067,fan,18180400011.0,183.71733,2021-03-03,2021.0,3.0
BETSIBOKA.2004,Tropical Island,2004,-16.79922,46.93067,fan,18180400011.0,8.395382,2021-03-26,2021.0,3.0
BETSIBOKA.2004,Tropical Island,2004,-16.79922,46.93067,fan,18180400011.0,170.42584,2021-03-27,2021.0,3.0
BETSIBOKA.2004,Tropical Island,2004,-16.79922,46.93067,fan,18180400011.0,81.001495,2021-04-04,2021.0,4.0
BETSIBOKA.2004,Tropical Island,2004,-16.79922,46.93067,fan,18180400011.0,593.25385,2021-04-12,2021.0,4.0
BETSIBOKA.2004,Tropical Island,2004,-16.79922,46.93067,fan,18180400011.0,132.77739,2021-04-28,2021.0,4.0
BETSIBOKA.2004,Tropical Island,2004,-16.79922,46.93067,fan,18180400011.0,114.23316,2021-05-05,2021.0,5.0
BETSIBOKA.2004,Tropical Island,2004,-16.79922,46.93067,fan,18180400011.0,116.39349,2021-05-05,2021.0,5.0
BETSIBOKA.2004,Tropical Island,2004,-16.79922,46.93067,fan,18180400011.0,108.31485,2021-05-06,2021.0,5.0
BETSIBOKA.2004,Tropical Island,2004,-16.79922,46.93067,fan,18180400011.0,77.05446,2021-05-13,2021.0,5.0
BETSIBOKA.2004,Tropical Island,2004,-16.79922,46.93067,fan,18180400011.0,71.47193,2021-05-13,2021.0,5.0
BETSIBOKA.2004,Tropical Island,2004,-16.79922,46.93067,fan,18180400011.0,99.61815,2021-05-14,2021.0,5.0
BETSIBOKA.2004,Tropical Island,2004,-16.79922,46.93067,fan,18180400011.0,94.26815,2021-05-21,2021.0,5.0
BETSIBOKA.2004,Tropical Island,2004,-16.79922,46.93067,fan,18180400011.0,87.416595,2021-05-21,2021.0,5.0
BETSIBOKA.2004,Tropical Island,2004,-16.79922,46.93067,fan,18180400011.0,72.91941,2021-05-22,2021.0,5.0
BETSIBOKA.2004,Tropical Island,2004,-16.79922,46.93067,fan,18180400011.0,83.66212,2021-05-29,2021.0,5.0
BETSIBOKA.2004,Tropical Island,2004,-16.79922,46.93067,fan,18180400011.0,118.48184,2021-05-30,2021.0,5.0
BETSIBOKA.2004,Tropical Island,2004,-16.79922,46.93067,fan,18180400011.0,102.127594,2021-06-06,2021.0,6.0
BETSIBOKA.2004,Tropical Island,2004,-16.79922,46.93067,fan,18180400011.0,103.65641,2021-06-07,2021.0,6.0
BETSIBOKA.2004,Tropical Island,2004,-16.79922,46.93067,fan,18180400011.0,100.54177,2021-06-22,2021.0,6.0
BETSIBOKA.2004,Tropical Island,2004,-16.79922,46.93067,fan,18180400011.0,57.01532,2021-06-30,2021.0,6.0
BETSIBOKA.2004,Tropical Island,2004,-16.79922,46.93067,fan,18180400011.0,50.690838,2021-07-01,2021.0,7.0
BETSIBOKA.2004,Tropical Island,2004,-16.79922,46.93067,fan,18180400011.0,33.93123,2021-07-08,2021.0,7.0
BETSIBOKA.2004,Tropical Island,2004,-16.79922,46.93067,fan,18180400011.0,57.646152,2021-07-16,2021.0,7.0
BETSIBOKA.2004,Tropical Island,2004,-16.79922,46.93067,fan,18180400011.0,76.34401,2021-07-17,2021.0,7.0
BETSIBOKA.2004,Tropical Island,2004,-16.79922,46.93067,fan,18180400011.0,36.58809,2021-07-24,2021.0,7.0
BETSIBOKA.2004,Tropical Island,2004,-16.79922,46.93067,fan,18180400011.0,37.7155,2021-08-01,2021.0,8.0
BETSIBOKA.2004,Tropical Island,2004,-16.79922,46.93067,fan,18180400011.0,35.336807,2021-08-02,2021.0,8.0
BETSIBOKA.2004,Tropical Island,2004,-16.79922,46.93067,fan,18180400011.0,60.76942,2021-08-09,2021.0,8.0
BETSIBOKA.2004,Tropical Island,2004,-16.79922,46.93067,fan,18180400011.0,92.2395,2021-08-10,2021.0,8.0
BETSIBOKA.2004,Tropical Island,2004,-16.79922,46.93067,fan,18180400011.0,25.676165,2021-08-17,2021.0,8.0
BETSIBOKA.2004,Tropical Island,2004,-16.79922,46.93067,fan,18180400011.0,42.40052,2021-08-18,2021.0,8.0
BETSIBOKA.2004,Tropical Island,2004,-16.79922,46.93067,fan,18180400011.0,82.25543,2021-08-25,2021.0,8.0
BETSIBOKA.2004,Tropical Island,2004,-16.79922,46.93067,fan,18180400011.0,201.84598,2021-08-26,2021.0,8.0
BETSIBOKA.2004,Tropical Island,2004,-16.79922,46.93067,fan,18180400011.0,33.65688,2021-09-02,2021.0,9.0
BETSIBOKA.2004,Tropical Island,2004,-16.79922,46.93067,fan,18180400011.0,74.810844,2021-09-03,2021.0,9.0
BETSIBOKA.2004,Tropical Island,2004,-16.79922,46.93067,fan,18180400011.0,59.940643,2021-09-10,2021.0,9.0
BETSIBOKA.2004,Tropical Island,2004,-16.79922,46.93067,fan,18180400011.0,61.336502,2021-09-27,2021.0,9.0
BETSIBOKA.2004,Tropical Island,2004,-16.79922,46.93067,fan,18180400011.0,60.825874,2021-10-04,2021.0,10.0
BETSIBOKA.2004,Tropical Island,2004,-16.79922,46.93067,fan,18180400011.0,196.51686,2021-10-05,2021.0,10.0
BETSIBOKA.2004,Tropical Island,2004,-16.79922,46.93067,fan,18180400011.0,114.10511,2021-10-12,2021.0,10.0
BETSIBOKA.2004,Tropical Island,2004,-16.79922,46.93067,fan,18180400011.0,103.35292,2021-10-13,2021.0,10.0
BETSIBOKA.2004,Tropical Island,2004,-16.79922,46.93067,fan,18180400011.0,101.828865,2021-10-13,2021.0,10.0
BETSIBOKA.2004,Tropical Island,2004,-16.79922,46.93067,fan,18180400011.0,118.57118,2021-10-20,2021.0,10.0
BETSIBOKA.2004,Tropical Island,2004,-16.79922,46.93067,fan,18180400011.0,187.85191,2021-10-21,2021.0,10.0
BETSIBOKA.2004,Tropical Island,2004,-16.79922,46.93067,fan,18180400011.0,772.1052,2021-10-28,2021.0,10.0
BETSIBOKA.2004,Tropical Island,2004,-16.79922,46.93067,fan,18180400011.0,557.1271,2021-11-06,2021.0,11.0
BETSIBOKA.2004,Tropical Island,2004,-16.79922,46.93067,fan,18180400011.0,568.4198,2021-11-13,2021.0,11.0
BETSIBOKA.2004,Tropical Island,2004,-16.79922,46.93067,fan,18180400011.0,101.58214,2021-11-29,2021.0,11.0
BETSIBOKA.2004,Tropical Island,2004,-16.79922,46.93067,fan,18180400011.0,122.01712,2021-12-07,2021.0,12.0
BETSIBOKA.2004,Tropical Island,2004,-16.79922,46.93067,fan,18180400011.0,122.81388,2021-12-08,2021.0,12.0
BETSIBOKA.2004,Tropical Island,2004,-16.79922,46.93067,fan,18180400011.0,156.13072,2021-12-15,2021.0,12.0
BETSIBOKA.2004,Tropical Island,2004,-16.79922,46.93067,fan,18180400011.0,62.015125,2021-12-16,2021.0,12.0
BETSIBOKA.2004,Tropical Island,2004,-16.79922,46.93067,fan,18180400011.0,382.33554,2021-12-24,2021.0,12.0
BETSIBOKA.2004,Tropical Island,2004,-16.79922,46.93067,fan,,,,,
BETSIBOKA.2004,Tropical Island,2004,-16.79922,46.93067,fan,,,,,
BETSIBOKA.2004,Tropical Island,2004,-16.79922,46.93067,fan,,,,,
BETSIBOKA.2004,Tropical Island,2004,-16.79922,46.93067,fan,,,,,
