site_name,site_lat,site_lon,reach_ID,y_pred,date,year,month
Jurua_Gaviao,-4.84,-66.85,62296300501,63.853065,1984-05-28,1984,5
Jurua_Gaviao,-4.84,-66.85,62296300501,164.10812,1984-07-31,1984,7
Jurua_Gaviao,-4.84,-66.85,62296300501,153.98581,1984-08-16,1984,8
Jurua_Gaviao,-4.84,-66.85,62296300501,167.3215,1984-09-01,1984,9
Jurua_Gaviao,-4.84,-66.85,62296300501,355.65952,1984-11-20,1984,11
Jurua_Gaviao,-4.84,-66.85,62296300501,226.46916,1985-02-24,1985,2
Jurua_Gaviao,-4.84,-66.85,62296300501,153.45744,1985-09-04,1985,9
Jurua_Gaviao,-4.84,-66.85,62296300501,125.940834,1985-10-06,1985,10
Jurua_Gaviao,-4.84,-66.85,62296300501,268.66577,1985-10-22,1985,10
Jurua_Gaviao,-4.84,-66.85,62296300501,230.40724,1986-06-19,1986,6
Jurua_Gaviao,-4.84,-66.85,62296300501,99.39538,1986-07-21,1986,7
Jurua_Gaviao,-4.84,-66.85,62296300501,75.33247,1986-08-06,1986,8
Jurua_Gaviao,-4.84,-66.85,62296300501,57.26923,1986-08-22,1986,8
Jurua_Gaviao,-4.84,-66.85,62296300501,71.95011,1987-02-14,1987,2
Jurua_Gaviao,-4.84,-66.85,62296300501,235.78473,1987-05-05,1987,5
Jurua_Gaviao,-4.84,-66.85,62296300501,177.46681,1987-05-21,1987,5
Jurua_Gaviao,-4.84,-66.85,62296300501,149.79893,1987-07-08,1987,7
Jurua_Gaviao,-4.84,-66.85,62296300501,53.77751,1987-08-09,1987,8
Jurua_Gaviao,-4.84,-66.85,62296300501,73.030945,1987-08-25,1987,8
Jurua_Gaviao,-4.84,-66.85,62296300501,44.032207,1987-09-26,1987,9
Jurua_Gaviao,-4.84,-66.85,62296300501,64.19831,1987-10-12,1987,10
Jurua_Gaviao,-4.84,-66.85,62296300501,153.75215,1988-07-26,1988,7
Jurua_Gaviao,-4.84,-66.85,62296300501,119.3157,1989-03-07,1989,3
Jurua_Gaviao,-4.84,-66.85,62296300501,271.46518,1989-03-23,1989,3
Jurua_Gaviao,-4.84,-66.85,62296300501,199.06232,1989-07-29,1989,7
Jurua_Gaviao,-4.84,-66.85,62296300501,129.73842,1990-03-26,1990,3
Jurua_Gaviao,-4.84,-66.85,62296300501,173.95534,1990-05-13,1990,5
Jurua_Gaviao,-4.84,-66.85,62296300501,238.12714,1990-06-30,1990,6
Jurua_Gaviao,-4.84,-66.85,62296300501,66.30878,1990-08-01,1990,8
Jurua_Gaviao,-4.84,-66.85,62296300501,59.852554,1990-08-17,1990,8
Jurua_Gaviao,-4.84,-66.85,62296300501,41.670887,1990-09-18,1990,9
Jurua_Gaviao,-4.84,-66.85,62296300501,174.63354,1990-11-05,1990,11
Jurua_Gaviao,-4.84,-66.85,62296300501,470.50348,1991-01-08,1991,1
Jurua_Gaviao,-4.84,-66.85,62296300501,280.3207,1991-01-24,1991,1
Jurua_Gaviao,-4.84,-66.85,62296300501,117.63599,1991-06-01,1991,6
Jurua_Gaviao,-4.84,-66.85,62296300501,281.05157,1991-06-17,1991,6
Jurua_Gaviao,-4.84,-66.85,62296300501,119.21598,1991-09-21,1991,9
Jurua_Gaviao,-4.84,-66.85,62296300501,118.967674,1991-10-07,1991,10
Jurua_Gaviao,-4.84,-66.85,62296300501,313.58124,1992-07-05,1992,7
Jurua_Gaviao,-4.84,-66.85,62296300501,130.61162,1992-07-21,1992,7
Jurua_Gaviao,-4.84,-66.85,62296300501,354.31662,1992-12-28,1992,12
Jurua_Gaviao,-4.84,-66.85,62296300501,235.28188,1993-02-14,1993,2
Jurua_Gaviao,-4.84,-66.85,62296300501,290.28708,1993-06-06,1993,6
Jurua_Gaviao,-4.84,-66.85,62296300501,83.79429,1993-07-24,1993,7
Jurua_Gaviao,-4.84,-66.85,62296300501,63.19846,1993-08-09,1993,8
Jurua_Gaviao,-4.84,-66.85,62296300501,117.399666,1993-08-25,1993,8
Jurua_Gaviao,-4.84,-66.85,62296300501,90.90125,1993-09-10,1993,9
Jurua_Gaviao,-4.84,-66.85,62296300501,71.67734,1993-09-26,1993,9
Jurua_Gaviao,-4.84,-66.85,62296300501,129.86212,1994-05-24,1994,5
Jurua_Gaviao,-4.84,-66.85,62296300501,316.03253,1994-07-27,1994,7
Jurua_Gaviao,-4.84,-66.85,62296300501,443.5975,1995-03-24,1995,3
Jurua_Gaviao,-4.84,-66.85,62296300501,203.59276,1995-06-28,1995,6
Jurua_Gaviao,-4.84,-66.85,62296300501,226.10419,1995-12-21,1995,12
Jurua_Gaviao,-4.84,-66.85,62296300501,59.6179,1996-04-27,1996,4
Jurua_Gaviao,-4.84,-66.85,62296300501,103.467255,1996-08-01,1996,8
Jurua_Gaviao,-4.84,-66.85,62296300501,63.48245,1996-08-17,1996,8
Jurua_Gaviao,-4.84,-66.85,62296300501,60.888233,1996-09-02,1996,9
Jurua_Gaviao,-4.84,-66.85,62296300501,415.53445,1996-12-23,1996,12
Jurua_Gaviao,-4.84,-66.85,62296300501,221.95909,1997-01-24,1997,1
Jurua_Gaviao,-4.84,-66.85,62296300501,82.08379,1997-08-04,1997,8
Jurua_Gaviao,-4.84,-66.85,62296300501,69.186714,1997-09-05,1997,9
Jurua_Gaviao,-4.84,-66.85,62296300501,59.86397,1997-09-21,1997,9
Jurua_Gaviao,-4.84,-66.85,62296300501,39.497246,1997-10-07,1997,10
Jurua_Gaviao,-4.84,-66.85,62296300501,303.1611,1998-01-27,1998,1
Jurua_Gaviao,-4.84,-66.85,62296300501,319.77774,1998-03-16,1998,3
Jurua_Gaviao,-4.84,-66.85,62296300501,159.95247,1998-04-01,1998,4
Jurua_Gaviao,-4.84,-66.85,62296300501,143.97491,1998-04-17,1998,4
Jurua_Gaviao,-4.84,-66.85,62296300501,287.0372,1998-07-06,1998,7
Jurua_Gaviao,-4.84,-66.85,62296300501,127.557495,1998-07-22,1998,7
Jurua_Gaviao,-4.84,-66.85,62296300501,74.001076,1998-08-07,1998,8
Jurua_Gaviao,-4.84,-66.85,62296300501,43.18121,1998-08-23,1998,8
Jurua_Gaviao,-4.84,-66.85,62296300501,250.32268,1998-11-11,1998,11
Jurua_Gaviao,-4.84,-66.85,62296300501,416.23538,1998-12-13,1998,12
Jurua_Gaviao,-4.84,-66.85,62296300501,219.33821,1998-12-29,1998,12
Jurua_Gaviao,-4.84,-66.85,62296300501,121.537315,1999-03-19,1999,3
Jurua_Gaviao,-4.84,-66.85,62296300501,299.29156,1999-07-09,1999,7
Jurua_Gaviao,-4.84,-66.85,62296300501,410.5742,1999-08-10,1999,8
Jurua_Gaviao,-4.84,-66.85,62296300501,376.37677,2000-01-01,2000,1
Jurua_Gaviao,-4.84,-66.85,62296300501,173.33884,2000-06-09,2000,6
Jurua_Gaviao,-4.84,-66.85,62296300501,277.99103,2000-07-11,2000,7
Jurua_Gaviao,-4.84,-66.85,62296300501,87.64843,2000-08-28,2000,8
Jurua_Gaviao,-4.84,-66.85,62296300501,172.52695,2000-09-13,2000,9
Jurua_Gaviao,-4.84,-66.85,62296300501,107.49317,2000-09-29,2000,9
Jurua_Gaviao,-4.84,-66.85,62296300501,185.92004,2001-05-27,2001,5
Jurua_Gaviao,-4.84,-66.85,62296300501,276.8602,2001-06-28,2001,6
Jurua_Gaviao,-4.84,-66.85,62296300501,72.51605,2001-07-30,2001,7
Jurua_Gaviao,-4.84,-66.85,62296300501,102.28251,2001-08-15,2001,8
Jurua_Gaviao,-4.84,-66.85,62296300501,87.56794,2001-08-31,2001,8
Jurua_Gaviao,-4.84,-66.85,62296300501,47.64647,2001-10-02,2001,10
Jurua_Gaviao,-4.84,-66.85,62296300501,155.63097,2001-11-03,2001,11
Jurua_Gaviao,-4.84,-66.85,62296300501,210.35426,2003-06-18,2003,6
Jurua_Gaviao,-4.84,-66.85,62296300501,235.30849,2003-07-04,2003,7
Jurua_Gaviao,-4.84,-66.85,62296300501,310.3761,2003-07-20,2003,7
Jurua_Gaviao,-4.84,-66.85,62296300501,178.08742,2003-08-05,2003,8
Jurua_Gaviao,-4.84,-66.85,62296300501,104.01873,2003-10-08,2003,10
Jurua_Gaviao,-4.84,-66.85,62296300501,168.536,2003-10-24,2003,10
Jurua_Gaviao,-4.84,-66.85,62296300501,240.9683,2003-11-25,2003,11
Jurua_Gaviao,-4.84,-66.85,62296300501,508.40427,2003-12-27,2003,12
Jurua_Gaviao,-4.84,-66.85,62296300501,255.31459,2004-04-01,2004,4
Jurua_Gaviao,-4.84,-66.85,62296300501,117.6303,2004-08-23,2004,8
Jurua_Gaviao,-4.84,-66.85,62296300501,126.82287,2004-09-08,2004,9
Jurua_Gaviao,-4.84,-66.85,62296300501,204.60733,2004-09-24,2004,9
Jurua_Gaviao,-4.84,-66.85,62296300501,213.9992,2004-11-11,2004,11
Jurua_Gaviao,-4.84,-66.85,62296300501,219.0179,2004-12-29,2004,12
Jurua_Gaviao,-4.84,-66.85,62296300501,83.98816,2005-04-20,2005,4
Jurua_Gaviao,-4.84,-66.85,62296300501,128.1062,2005-05-22,2005,5
Jurua_Gaviao,-4.84,-66.85,62296300501,211.7625,2005-06-07,2005,6
Jurua_Gaviao,-4.84,-66.85,62296300501,180.1969,2005-07-09,2005,7
Jurua_Gaviao,-4.84,-66.85,62296300501,76.08272,2005-08-10,2005,8
Jurua_Gaviao,-4.84,-66.85,62296300501,97.39311,2005-10-29,2005,10
Jurua_Gaviao,-4.84,-66.85,62296300501,221.87418,2006-04-23,2006,4
Jurua_Gaviao,-4.84,-66.85,62296300501,236.76118,2006-06-10,2006,6
Jurua_Gaviao,-4.84,-66.85,62296300501,135.1634,2006-06-26,2006,6
Jurua_Gaviao,-4.84,-66.85,62296300501,150.67384,2006-07-12,2006,7
Jurua_Gaviao,-4.84,-66.85,62296300501,24.775877,2006-09-14,2006,9
Jurua_Gaviao,-4.84,-66.85,62296300501,169.33961,2007-03-25,2007,3
Jurua_Gaviao,-4.84,-66.85,62296300501,255.8656,2007-05-12,2007,5
Jurua_Gaviao,-4.84,-66.85,62296300501,229.8491,2007-06-29,2007,6
Jurua_Gaviao,-4.84,-66.85,62296300501,88.485115,2007-09-17,2007,9
Jurua_Gaviao,-4.84,-66.85,62296300501,218.591,2008-07-01,2008,7
Jurua_Gaviao,-4.84,-66.85,62296300501,112.950066,2008-07-17,2008,7
Jurua_Gaviao,-4.84,-66.85,62296300501,83.662766,2008-08-02,2008,8
Jurua_Gaviao,-4.84,-66.85,62296300501,54.489998,2008-09-03,2008,9
Jurua_Gaviao,-4.84,-66.85,62296300501,83.54627,2008-09-19,2008,9
Jurua_Gaviao,-4.84,-66.85,62296300501,46.81655,2008-10-05,2008,10
Jurua_Gaviao,-4.84,-66.85,62296300501,329.99997,2008-12-08,2008,12
Jurua_Gaviao,-4.84,-66.85,62296300501,377.56775,2009-01-09,2009,1
Jurua_Gaviao,-4.84,-66.85,62296300501,132.86649,2009-02-26,2009,2
Jurua_Gaviao,-4.84,-66.85,62296300501,216.67224,2009-07-20,2009,7
Jurua_Gaviao,-4.84,-66.85,62296300501,208.58176,2009-08-05,2009,8
Jurua_Gaviao,-4.84,-66.85,62296300501,114.43728,2009-09-06,2009,9
Jurua_Gaviao,-4.84,-66.85,62296300501,84.258644,2009-09-22,2009,9
Jurua_Gaviao,-4.84,-66.85,62296300501,246.18431,2009-11-25,2009,11
Jurua_Gaviao,-4.84,-66.85,62296300501,380.73093,2010-04-18,2010,4
Jurua_Gaviao,-4.84,-66.85,62296300501,186.2949,2010-06-21,2010,6
Jurua_Gaviao,-4.84,-66.85,62296300501,41.966225,2010-08-08,2010,8
Jurua_Gaviao,-4.84,-66.85,62296300501,59.82892,2010-08-24,2010,8
Jurua_Gaviao,-4.84,-66.85,62296300501,234.3056,2010-11-28,2010,11
Jurua_Gaviao,-4.84,-66.85,62296300501,179.05057,2011-07-10,2011,7
Jurua_Gaviao,-4.84,-66.85,62296300501,95.90065,2011-08-11,2011,8
Jurua_Gaviao,-4.84,-66.85,62296300501,63.47621,2011-08-27,2011,8
Jurua_Gaviao,-4.84,-66.85,62296300501,286.80078,1999-07-17,1999,7
Jurua_Gaviao,-4.84,-66.85,62296300501,336.19098,1999-08-18,1999,8
Jurua_Gaviao,-4.84,-66.85,62296300501,56.948753,1999-09-03,1999,9
Jurua_Gaviao,-4.84,-66.85,62296300501,69.253746,1999-09-19,1999,9
Jurua_Gaviao,-4.84,-66.85,62296300501,79.109085,2000-04-14,2000,4
Jurua_Gaviao,-4.84,-66.85,62296300501,195.6037,2000-06-01,2000,6
Jurua_Gaviao,-4.84,-66.85,62296300501,94.10344,2000-08-20,2000,8
Jurua_Gaviao,-4.84,-66.85,62296300501,248.05334,2000-11-08,2000,11
Jurua_Gaviao,-4.84,-66.85,62296300501,151.17213,2000-11-24,2000,11
Jurua_Gaviao,-4.84,-66.85,62296300501,335.34012,2001-04-01,2001,4
Jurua_Gaviao,-4.84,-66.85,62296300501,72.248276,2001-07-22,2001,7
Jurua_Gaviao,-4.84,-66.85,62296300501,84.693535,2001-08-07,2001,8
Jurua_Gaviao,-4.84,-66.85,62296300501,55.21182,2001-09-24,2001,9
Jurua_Gaviao,-4.84,-66.85,62296300501,190.98413,2001-11-11,2001,11
Jurua_Gaviao,-4.84,-66.85,62296300501,102.06023,2002-05-06,2002,5
Jurua_Gaviao,-4.84,-66.85,62296300501,276.13828,2002-07-09,2002,7
Jurua_Gaviao,-4.84,-66.85,62296300501,128.38423,2002-07-25,2002,7
Jurua_Gaviao,-4.84,-66.85,62296300501,132.0997,2002-08-10,2002,8
Jurua_Gaviao,-4.84,-66.85,62296300501,64.8543,2002-09-11,2002,9
Jurua_Gaviao,-4.84,-66.85,62296300501,70.418015,2003-03-22,2003,3
Jurua_Gaviao,-4.84,-66.85,62296300501,171.91995,2003-08-13,2003,8
Jurua_Gaviao,-4.84,-66.85,62296300501,240.683,2003-08-29,2003,8
Jurua_Gaviao,-4.84,-66.85,62296300501,190.69183,2003-11-17,2003,11
Jurua_Gaviao,-4.84,-66.85,62296300501,233.45935,2004-06-12,2004,6
Jurua_Gaviao,-4.84,-66.85,62296300501,225.83139,2004-06-28,2004,6
Jurua_Gaviao,-4.84,-66.85,62296300501,81.91001,2004-08-15,2004,8
Jurua_Gaviao,-4.84,-66.85,62296300501,161.01904,2004-10-18,2004,10
Jurua_Gaviao,-4.84,-66.85,62296300501,395.7031,2005-06-15,2005,6
Jurua_Gaviao,-4.84,-66.85,62296300501,73.11732,2005-07-17,2005,7
Jurua_Gaviao,-4.84,-66.85,62296300501,95.51198,2005-08-02,2005,8
Jurua_Gaviao,-4.84,-66.85,62296300501,52.803818,2005-10-21,2005,10
Jurua_Gaviao,-4.84,-66.85,62296300501,147.66325,2006-07-04,2006,7
Jurua_Gaviao,-4.84,-66.85,62296300501,34.380333,2006-08-05,2006,8
Jurua_Gaviao,-4.84,-66.85,62296300501,45.12674,2006-09-06,2006,9
Jurua_Gaviao,-4.84,-66.85,62296300501,26.96122,2006-09-22,2006,9
Jurua_Gaviao,-4.84,-66.85,62296300501,70.3375,2006-10-24,2006,10
Jurua_Gaviao,-4.84,-66.85,62296300501,200.41466,2007-06-21,2007,6
Jurua_Gaviao,-4.84,-66.85,62296300501,265.6708,2007-07-07,2007,7
Jurua_Gaviao,-4.84,-66.85,62296300501,62.71245,2007-07-23,2007,7
Jurua_Gaviao,-4.84,-66.85,62296300501,117.297554,2007-09-09,2007,9
Jurua_Gaviao,-4.84,-66.85,62296300501,110.51525,2008-07-09,2008,7
Jurua_Gaviao,-4.84,-66.85,62296300501,71.76888,2008-07-25,2008,7
Jurua_Gaviao,-4.84,-66.85,62296300501,83.77649,2008-08-10,2008,8
Jurua_Gaviao,-4.84,-66.85,62296300501,58.17106,2008-09-11,2008,9
Jurua_Gaviao,-4.84,-66.85,62296300501,116.38717,2008-10-29,2008,10
Jurua_Gaviao,-4.84,-66.85,62296300501,55.919018,2009-04-23,2009,4
Jurua_Gaviao,-4.84,-66.85,62296300501,88.13891,2009-05-09,2009,5
Jurua_Gaviao,-4.84,-66.85,62296300501,84.22595,2009-05-25,2009,5
Jurua_Gaviao,-4.84,-66.85,62296300501,121.76859,2009-07-28,2009,7
Jurua_Gaviao,-4.84,-66.85,62296300501,96.31422,2009-08-13,2009,8
Jurua_Gaviao,-4.84,-66.85,62296300501,110.99657,2010-01-20,2010,1
Jurua_Gaviao,-4.84,-66.85,62296300501,339.23352,2010-06-13,2010,6
Jurua_Gaviao,-4.84,-66.85,62296300501,261.75204,2010-06-29,2010,6
Jurua_Gaviao,-4.84,-66.85,62296300501,33.4235,2010-07-31,2010,7
Jurua_Gaviao,-4.84,-66.85,62296300501,79.68352,2010-08-16,2010,8
Jurua_Gaviao,-4.84,-66.85,62296300501,78.19233,2011-05-31,2011,5
Jurua_Gaviao,-4.84,-66.85,62296300501,228.18387,2011-06-16,2011,6
Jurua_Gaviao,-4.84,-66.85,62296300501,269.91333,2011-07-02,2011,7
Jurua_Gaviao,-4.84,-66.85,62296300501,138.42838,2011-07-18,2011,7
Jurua_Gaviao,-4.84,-66.85,62296300501,73.18892,2011-08-03,2011,8
Jurua_Gaviao,-4.84,-66.85,62296300501,27.578405,2011-08-19,2011,8
Jurua_Gaviao,-4.84,-66.85,62296300501,121.592575,2011-10-22,2011,10
Jurua_Gaviao,-4.84,-66.85,62296300501,429.71982,2011-12-09,2011,12
Jurua_Gaviao,-4.84,-66.85,62296300501,81.47361,2012-06-02,2012,6
Jurua_Gaviao,-4.84,-66.85,62296300501,225.53319,2012-06-18,2012,6
Jurua_Gaviao,-4.84,-66.85,62296300501,71.268776,2012-08-05,2012,8
Jurua_Gaviao,-4.84,-66.85,62296300501,39.71969,2012-08-21,2012,8
Jurua_Gaviao,-4.84,-66.85,62296300501,49.129715,2012-09-06,2012,9
Jurua_Gaviao,-4.84,-66.85,62296300501,81.60985,2012-09-22,2012,9
Jurua_Gaviao,-4.84,-66.85,62296300501,93.72013,2012-10-24,2012,10
Jurua_Gaviao,-4.84,-66.85,62296300501,196.36534,2013-06-05,2013,6
Jurua_Gaviao,-4.84,-66.85,62296300501,196.85623,2013-06-21,2013,6
Jurua_Gaviao,-4.84,-66.85,62296300501,211.31923,2013-07-23,2013,7
Jurua_Gaviao,-4.84,-66.85,62296300501,82.241005,2013-09-25,2013,9
Jurua_Gaviao,-4.84,-66.85,62296300501,354.99826,2013-11-28,2013,11
Jurua_Gaviao,-4.84,-66.85,62296300501,137.74747,2014-05-23,2014,5
Jurua_Gaviao,-4.84,-66.85,62296300501,334.46222,2014-06-24,2014,6
Jurua_Gaviao,-4.84,-66.85,62296300501,50.383507,2014-08-11,2014,8
Jurua_Gaviao,-4.84,-66.85,62296300501,43.969402,2014-09-12,2014,9
Jurua_Gaviao,-4.84,-66.85,62296300501,231.15538,2014-10-14,2014,10
Jurua_Gaviao,-4.84,-66.85,62296300501,255.21188,2014-10-30,2014,10
Jurua_Gaviao,-4.84,-66.85,62296300501,322.9156,2014-12-01,2014,12
Jurua_Gaviao,-4.84,-66.85,62296300501,386.71066,2014-12-17,2014,12
Jurua_Gaviao,-4.84,-66.85,62296300501,53.722393,2015-04-08,2015,4
Jurua_Gaviao,-4.84,-66.85,62296300501,43.008316,2015-04-24,2015,4
Jurua_Gaviao,-4.84,-66.85,62296300501,178.08018,2015-06-27,2015,6
Jurua_Gaviao,-4.84,-66.85,62296300501,101.3305,2015-07-29,2015,7
Jurua_Gaviao,-4.84,-66.85,62296300501,51.639973,2015-10-01,2015,10
Jurua_Gaviao,-4.84,-66.85,62296300501,104.21295,2015-11-18,2015,11
Jurua_Gaviao,-4.84,-66.85,62296300501,184.70708,2016-05-28,2016,5
Jurua_Gaviao,-4.84,-66.85,62296300501,163.62675,2016-06-13,2016,6
Jurua_Gaviao,-4.84,-66.85,62296300501,165.2719,2016-06-29,2016,6
Jurua_Gaviao,-4.84,-66.85,62296300501,28.25408,2016-07-31,2016,7
Jurua_Gaviao,-4.84,-66.85,62296300501,29.934359,2016-08-16,2016,8
Jurua_Gaviao,-4.84,-66.85,62296300501,202.95377,2016-10-19,2016,10
Jurua_Gaviao,-4.84,-66.85,62296300501,174.48415,2017-05-31,2017,5
Jurua_Gaviao,-4.84,-66.85,62296300501,216.62288,2017-06-16,2017,6
Jurua_Gaviao,-4.84,-66.85,62296300501,75.121826,2017-08-03,2017,8
Jurua_Gaviao,-4.84,-66.85,62296300501,38.86798,2017-08-19,2017,8
Jurua_Gaviao,-4.84,-66.85,62296300501,26.6543,2017-09-04,2017,9
Jurua_Gaviao,-4.84,-66.85,62296300501,51.213036,2017-09-20,2017,9
Jurua_Gaviao,-4.84,-66.85,62296300501,288.1275,2018-07-05,2018,7
Jurua_Gaviao,-4.84,-66.85,62296300501,89.687164,2018-07-21,2018,7
Jurua_Gaviao,-4.84,-66.85,62296300501,55.5506,2018-09-23,2018,9
Jurua_Gaviao,-4.84,-66.85,62296300501,174.02917,2018-10-25,2018,10
Jurua_Gaviao,-4.84,-66.85,62296300501,59.265537,2019-03-18,2019,3
Jurua_Gaviao,-4.84,-66.85,62296300501,153.79741,2019-04-19,2019,4
Jurua_Gaviao,-4.84,-66.85,62296300501,92.123795,2019-05-05,2019,5
Jurua_Gaviao,-4.84,-66.85,62296300501,56.74417,2019-07-24,2019,7
Jurua_Gaviao,-4.84,-66.85,62296300501,61.208935,2019-08-09,2019,8
Jurua_Gaviao,-4.84,-66.85,62296300501,47.11374,2019-09-10,2019,9
Jurua_Gaviao,-4.84,-66.85,62296300501,30.796513,2019-09-26,2019,9
Jurua_Gaviao,-4.84,-66.85,62296300501,77.71743,2019-10-12,2019,10
Jurua_Gaviao,-4.84,-66.85,62296300501,179.85603,2020-03-20,2020,3
Jurua_Gaviao,-4.84,-66.85,62296300501,147.74507,2020-05-23,2020,5
Jurua_Gaviao,-4.84,-66.85,62296300501,50.53854,2020-09-12,2020,9
Jurua_Gaviao,-4.84,-66.85,62296300501,47.974083,2021-04-08,2021,4
Jurua_Gaviao,-4.84,-66.85,62296300501,57.59581,2021-04-24,2021,4
Jurua_Gaviao,-4.84,-66.85,62296300501,221.23927,2021-06-11,2021,6
Jurua_Gaviao,-4.84,-66.85,62296300501,118.63395,2021-07-13,2021,7
Jurua_Gaviao,-4.84,-66.85,62296300501,47.148785,2021-09-15,2021,9
Jurua_Gaviao,-4.84,-66.85,62296300501,187.17838,2013-06-13,2013,6
Jurua_Gaviao,-4.84,-66.85,62296300501,183.44572,2013-07-15,2013,7
Jurua_Gaviao,-4.84,-66.85,62296300501,130.74118,2013-07-31,2013,7
Jurua_Gaviao,-4.84,-66.85,62296300501,84.57738,2013-09-01,2013,9
Jurua_Gaviao,-4.84,-66.85,62296300501,80.418335,2013-09-17,2013,9
Jurua_Gaviao,-4.84,-66.85,62296300501,291.29373,2013-12-06,2013,12
Jurua_Gaviao,-4.84,-66.85,62296300501,557.2672,2014-01-23,2014,1
Jurua_Gaviao,-4.84,-66.85,62296300501,72.960175,2014-03-28,2014,3
Jurua_Gaviao,-4.84,-66.85,62296300501,195.06271,2014-06-16,2014,6
Jurua_Gaviao,-4.84,-66.85,62296300501,160.91087,2014-07-18,2014,7
Jurua_Gaviao,-4.84,-66.85,62296300501,164.87987,2014-08-03,2014,8
Jurua_Gaviao,-4.84,-66.85,62296300501,94.767105,2014-08-19,2014,8
Jurua_Gaviao,-4.84,-66.85,62296300501,70.31659,2014-09-04,2014,9
Jurua_Gaviao,-4.84,-66.85,62296300501,383.8087,2014-11-23,2014,11
Jurua_Gaviao,-4.84,-66.85,62296300501,88.55917,2015-02-27,2015,2
Jurua_Gaviao,-4.84,-66.85,62296300501,97.914604,2015-08-06,2015,8
Jurua_Gaviao,-4.84,-66.85,62296300501,94.05262,2015-08-22,2015,8
Jurua_Gaviao,-4.84,-66.85,62296300501,83.14685,2015-09-07,2015,9
Jurua_Gaviao,-4.84,-66.85,62296300501,79.09065,2015-09-23,2015,9
Jurua_Gaviao,-4.84,-66.85,62296300501,53.385616,2015-10-09,2015,10
Jurua_Gaviao,-4.84,-66.85,62296300501,219.96463,2015-11-26,2015,11
Jurua_Gaviao,-4.84,-66.85,62296300501,354.6677,2016-02-14,2016,2
Jurua_Gaviao,-4.84,-66.85,62296300501,195.51427,2016-05-20,2016,5
Jurua_Gaviao,-4.84,-66.85,62296300501,134.64241,2016-07-07,2016,7
Jurua_Gaviao,-4.84,-66.85,62296300501,41.5208,2016-08-08,2016,8
Jurua_Gaviao,-4.84,-66.85,62296300501,34.046467,2016-08-24,2016,8
Jurua_Gaviao,-4.84,-66.85,62296300501,330.4405,2017-01-15,2017,1
Jurua_Gaviao,-4.84,-66.85,62296300501,132.91144,2017-02-16,2017,2
Jurua_Gaviao,-4.84,-66.85,62296300501,102.754364,2017-04-05,2017,4
Jurua_Gaviao,-4.84,-66.85,62296300501,182.30585,2017-06-08,2017,6
Jurua_Gaviao,-4.84,-66.85,62296300501,126.567055,2017-07-10,2017,7
Jurua_Gaviao,-4.84,-66.85,62296300501,77.54595,2017-07-26,2017,7
Jurua_Gaviao,-4.84,-66.85,62296300501,37.6446,2017-08-11,2017,8
Jurua_Gaviao,-4.84,-66.85,62296300501,43.20989,2017-08-27,2017,8
Jurua_Gaviao,-4.84,-66.85,62296300501,58.943874,2017-09-28,2017,9
Jurua_Gaviao,-4.84,-66.85,62296300501,266.22238,2017-12-01,2017,12
Jurua_Gaviao,-4.84,-66.85,62296300501,289.97073,2017-12-17,2017,12
Jurua_Gaviao,-4.84,-66.85,62296300501,312.30716,2018-01-02,2018,1
Jurua_Gaviao,-4.84,-66.85,62296300501,145.65137,2018-05-10,2018,5
Jurua_Gaviao,-4.84,-66.85,62296300501,221.37535,2018-06-11,2018,6
Jurua_Gaviao,-4.84,-66.85,62296300501,319.3618,2018-06-27,2018,6
Jurua_Gaviao,-4.84,-66.85,62296300501,45.744225,2018-08-30,2018,8
Jurua_Gaviao,-4.84,-66.85,62296300501,215.33488,2018-10-17,2018,10
Jurua_Gaviao,-4.84,-66.85,62296300501,270.60666,2018-11-02,2018,11
Jurua_Gaviao,-4.84,-66.85,62296300501,354.21042,2018-11-18,2018,11
Jurua_Gaviao,-4.84,-66.85,62296300501,98.589966,2019-03-26,2019,3
Jurua_Gaviao,-4.84,-66.85,62296300501,57.62628,2019-07-16,2019,7
Jurua_Gaviao,-4.84,-66.85,62296300501,86.50083,2019-08-01,2019,8
Jurua_Gaviao,-4.84,-66.85,62296300501,190.2956,2019-11-05,2019,11
Jurua_Gaviao,-4.84,-66.85,62296300501,264.20618,2020-01-08,2020,1
Jurua_Gaviao,-4.84,-66.85,62296300501,204.22096,2020-03-12,2020,3
Jurua_Gaviao,-4.84,-66.85,62296300501,394.73193,2020-03-28,2020,3
Jurua_Gaviao,-4.84,-66.85,62296300501,272.64493,2020-07-02,2020,7
Jurua_Gaviao,-4.84,-66.85,62296300501,106.57758,2020-08-03,2020,8
Jurua_Gaviao,-4.84,-66.85,62296300501,60.29017,2020-09-04,2020,9
Jurua_Gaviao,-4.84,-66.85,62296300501,43.726017,2020-09-20,2020,9
Jurua_Gaviao,-4.84,-66.85,62296300501,47.561367,2020-10-06,2020,10
Jurua_Gaviao,-4.84,-66.85,62296300501,226.1068,2020-12-25,2020,12
Jurua_Gaviao,-4.84,-66.85,62296300501,345.27402,2021-01-10,2021,1
Jurua_Gaviao,-4.84,-66.85,62296300501,177.92072,2021-06-03,2021,6
Jurua_Gaviao,-4.84,-66.85,62296300501,82.676056,2021-08-06,2021,8
Jurua_Gaviao,-4.84,-66.85,62296300501,70.017426,2021-08-22,2021,8
Jurua_Gaviao,-4.84,-66.85,62296300501,40.21771,2021-09-07,2021,9
Jurua_Gaviao,-4.84,-66.85,62296300501,66.363815,2021-10-09,2021,10
Jurua_SantosDumont,-6.44,-68.25,62296300931,285.22482,1984-05-28,1984,5
Jurua_SantosDumont,-6.44,-68.25,62296300931,170.83922,1984-07-31,1984,7
Jurua_SantosDumont,-6.44,-68.25,62296300931,643.8423,1984-09-01,1984,9
Jurua_SantosDumont,-6.44,-68.25,62296300931,400.8847,1984-11-20,1984,11
Jurua_SantosDumont,-6.44,-68.25,62296300931,268.1777,1985-07-02,1985,7
Jurua_SantosDumont,-6.44,-68.25,62296300931,247.43112,1985-09-04,1985,9
Jurua_SantosDumont,-6.44,-68.25,62296300931,103.55744,1985-09-20,1985,9
Jurua_SantosDumont,-6.44,-68.25,62296300931,228.24438,1985-10-22,1985,10
Jurua_SantosDumont,-6.44,-68.25,62296300931,168.89871,1986-05-18,1986,5
Jurua_SantosDumont,-6.44,-68.25,62296300931,402.15323,1986-06-19,1986,6
Jurua_SantosDumont,-6.44,-68.25,62296300931,84.209076,1986-08-06,1986,8
Jurua_SantosDumont,-6.44,-68.25,62296300931,87.51025,1986-08-22,1986,8
Jurua_SantosDumont,-6.44,-68.25,62296300931,207.32462,1986-09-07,1986,9
Jurua_SantosDumont,-6.44,-68.25,62296300931,234.43042,1986-11-10,1986,11
Jurua_SantosDumont,-6.44,-68.25,62296300931,447.15402,1987-05-05,1987,5
Jurua_SantosDumont,-6.44,-68.25,62296300931,276.67407,1987-05-21,1987,5
Jurua_SantosDumont,-6.44,-68.25,62296300931,346.386,1987-06-06,1987,6
Jurua_SantosDumont,-6.44,-68.25,62296300931,63.102203,1987-08-09,1987,8
Jurua_SantosDumont,-6.44,-68.25,62296300931,41.857483,1987-08-25,1987,8
Jurua_SantosDumont,-6.44,-68.25,62296300931,130.1806,1987-09-26,1987,9
Jurua_SantosDumont,-6.44,-68.25,62296300931,125.340485,1987-10-12,1987,10
Jurua_SantosDumont,-6.44,-68.25,62296300931,350.0527,1988-03-04,1988,3
Jurua_SantosDumont,-6.44,-68.25,62296300931,393.6657,1988-06-08,1988,6
Jurua_SantosDumont,-6.44,-68.25,62296300931,290.37775,1988-06-24,1988,6
Jurua_SantosDumont,-6.44,-68.25,62296300931,97.151505,1988-07-26,1988,7
Jurua_SantosDumont,-6.44,-68.25,62296300931,52.196968,1988-08-11,1988,8
Jurua_SantosDumont,-6.44,-68.25,62296300931,211.38304,1988-10-30,1988,10
Jurua_SantosDumont,-6.44,-68.25,62296300931,436.92734,1988-12-17,1988,12
Jurua_SantosDumont,-6.44,-68.25,62296300931,226.63857,1989-07-29,1989,7
Jurua_SantosDumont,-6.44,-68.25,62296300931,128.32475,1989-08-30,1989,8
Jurua_SantosDumont,-6.44,-68.25,62296300931,170.48816,1989-09-15,1989,9
Jurua_SantosDumont,-6.44,-68.25,62296300931,283.5213,1989-12-04,1989,12
Jurua_SantosDumont,-6.44,-68.25,62296300931,180.50423,1990-04-27,1990,4
Jurua_SantosDumont,-6.44,-68.25,62296300931,230.31291,1990-06-30,1990,6
Jurua_SantosDumont,-6.44,-68.25,62296300931,124.201256,1990-07-16,1990,7
Jurua_SantosDumont,-6.44,-68.25,62296300931,98.25931,1990-08-01,1990,8
Jurua_SantosDumont,-6.44,-68.25,62296300931,38.419624,1990-09-02,1990,9
Jurua_SantosDumont,-6.44,-68.25,62296300931,57.225185,1990-09-18,1990,9
Jurua_SantosDumont,-6.44,-68.25,62296300931,274.86826,1990-11-05,1990,11
Jurua_SantosDumont,-6.44,-68.25,62296300931,517.0919,1991-01-08,1991,1
Jurua_SantosDumont,-6.44,-68.25,62296300931,117.283714,1991-04-14,1991,4
Jurua_SantosDumont,-6.44,-68.25,62296300931,286.09125,1991-06-01,1991,6
Jurua_SantosDumont,-6.44,-68.25,62296300931,915.3927,1991-07-19,1991,7
Jurua_SantosDumont,-6.44,-68.25,62296300931,121.27558,1991-09-21,1991,9
Jurua_SantosDumont,-6.44,-68.25,62296300931,152.86777,1992-07-21,1992,7
Jurua_SantosDumont,-6.44,-68.25,62296300931,94.07963,1992-08-06,1992,8
Jurua_SantosDumont,-6.44,-68.25,62296300931,293.95108,1992-12-28,1992,12
Jurua_SantosDumont,-6.44,-68.25,62296300931,360.34625,1993-02-14,1993,2
Jurua_SantosDumont,-6.44,-68.25,62296300931,123.21022,1993-04-03,1993,4
Jurua_SantosDumont,-6.44,-68.25,62296300931,397.03674,1993-06-06,1993,6
Jurua_SantosDumont,-6.44,-68.25,62296300931,103.19826,1993-07-24,1993,7
Jurua_SantosDumont,-6.44,-68.25,62296300931,74.42092,1993-08-09,1993,8
Jurua_SantosDumont,-6.44,-68.25,62296300931,115.2533,1993-10-12,1993,10
Jurua_SantosDumont,-6.44,-68.25,62296300931,161.36992,1994-05-24,1994,5
Jurua_SantosDumont,-6.44,-68.25,62296300931,239.60999,1994-07-27,1994,7
Jurua_SantosDumont,-6.44,-68.25,62296300931,79.73463,1994-10-15,1994,10
Jurua_SantosDumont,-6.44,-68.25,62296300931,248.1164,1995-03-24,1995,3
Jurua_SantosDumont,-6.44,-68.25,62296300931,211.93172,1995-04-09,1995,4
Jurua_SantosDumont,-6.44,-68.25,62296300931,87.26446,1995-07-30,1995,7
Jurua_SantosDumont,-6.44,-68.25,62296300931,35.091064,1995-08-31,1995,8
Jurua_SantosDumont,-6.44,-68.25,62296300931,41.564407,1995-10-02,1995,10
Jurua_SantosDumont,-6.44,-68.25,62296300931,255.23766,1995-11-03,1995,11
Jurua_SantosDumont,-6.44,-68.25,62296300931,134.49568,1996-03-26,1996,3
Jurua_SantosDumont,-6.44,-68.25,62296300931,317.90207,1996-06-14,1996,6
Jurua_SantosDumont,-6.44,-68.25,62296300931,89.44218,1996-08-01,1996,8
Jurua_SantosDumont,-6.44,-68.25,62296300931,225.4417,1996-08-17,1996,8
Jurua_SantosDumont,-6.44,-68.25,62296300931,79.49278,1996-09-02,1996,9
Jurua_SantosDumont,-6.44,-68.25,62296300931,153.20836,1996-09-18,1996,9
Jurua_SantosDumont,-6.44,-68.25,62296300931,429.44485,1996-12-23,1996,12
Jurua_SantosDumont,-6.44,-68.25,62296300931,325.5038,1997-06-17,1997,6
Jurua_SantosDumont,-6.44,-68.25,62296300931,50.547127,1997-08-20,1997,8
Jurua_SantosDumont,-6.44,-68.25,62296300931,38.140694,1997-09-21,1997,9
Jurua_SantosDumont,-6.44,-68.25,62296300931,69.19463,1997-10-07,1997,10
Jurua_SantosDumont,-6.44,-68.25,62296300931,475.95963,1998-01-27,1998,1
Jurua_SantosDumont,-6.44,-68.25,62296300931,168.4619,1998-04-17,1998,4
Jurua_SantosDumont,-6.44,-68.25,62296300931,393.86392,1998-06-04,1998,6
Jurua_SantosDumont,-6.44,-68.25,62296300931,439.9053,1998-06-20,1998,6
Jurua_SantosDumont,-6.44,-68.25,62296300931,235.69453,1998-07-06,1998,7
Jurua_SantosDumont,-6.44,-68.25,62296300931,169.32549,1998-07-22,1998,7
Jurua_SantosDumont,-6.44,-68.25,62296300931,70.09963,1998-08-07,1998,8
Jurua_SantosDumont,-6.44,-68.25,62296300931,53.334908,1998-08-23,1998,8
Jurua_SantosDumont,-6.44,-68.25,62296300931,25.528257,1998-09-08,1998,9
Jurua_SantosDumont,-6.44,-68.25,62296300931,35.597206,1998-09-24,1998,9
Jurua_SantosDumont,-6.44,-68.25,62296300931,383.37845,1998-12-29,1998,12
Jurua_SantosDumont,-6.44,-68.25,62296300931,393.17822,1999-07-09,1999,7
Jurua_SantosDumont,-6.44,-68.25,62296300931,279.91043,1999-08-10,1999,8
Jurua_SantosDumont,-6.44,-68.25,62296300931,305.73245,1999-08-26,1999,8
Jurua_SantosDumont,-6.44,-68.25,62296300931,254.13478,2000-07-11,2000,7
Jurua_SantosDumont,-6.44,-68.25,62296300931,155.93301,2000-07-27,2000,7
Jurua_SantosDumont,-6.44,-68.25,62296300931,158.77907,2000-08-28,2000,8
Jurua_SantosDumont,-6.44,-68.25,62296300931,77.79373,2000-09-29,2000,9
Jurua_SantosDumont,-6.44,-68.25,62296300931,449.01788,2000-12-02,2000,12
Jurua_SantosDumont,-6.44,-68.25,62296300931,292.9254,2001-05-27,2001,5
Jurua_SantosDumont,-6.44,-68.25,62296300931,302.93735,2001-06-12,2001,6
Jurua_SantosDumont,-6.44,-68.25,62296300931,252.7984,2001-06-28,2001,6
Jurua_SantosDumont,-6.44,-68.25,62296300931,90.84371,2001-08-31,2001,8
Jurua_SantosDumont,-6.44,-68.25,62296300931,55.793896,2001-10-02,2001,10
Jurua_SantosDumont,-6.44,-68.25,62296300931,282.3125,2001-11-03,2001,11
Jurua_SantosDumont,-6.44,-68.25,62296300931,307.99454,2003-07-04,2003,7
Jurua_SantosDumont,-6.44,-68.25,62296300931,249.02509,2003-07-20,2003,7
Jurua_SantosDumont,-6.44,-68.25,62296300931,197.22629,2003-08-05,2003,8
Jurua_SantosDumont,-6.44,-68.25,62296300931,153.77867,2003-09-06,2003,9
Jurua_SantosDumont,-6.44,-68.25,62296300931,166.96512,2003-10-08,2003,10
Jurua_SantosDumont,-6.44,-68.25,62296300931,207.99402,2003-10-24,2003,10
Jurua_SantosDumont,-6.44,-68.25,62296300931,369.61798,2003-11-09,2003,11
Jurua_SantosDumont,-6.44,-68.25,62296300931,216.23091,2003-12-27,2003,12
Jurua_SantosDumont,-6.44,-68.25,62296300931,489.99564,2004-04-01,2004,4
Jurua_SantosDumont,-6.44,-68.25,62296300931,243.77605,2004-05-03,2004,5
Jurua_SantosDumont,-6.44,-68.25,62296300931,271.0923,2004-06-20,2004,6
Jurua_SantosDumont,-6.44,-68.25,62296300931,214.64172,2004-09-08,2004,9
Jurua_SantosDumont,-6.44,-68.25,62296300931,419.6575,2004-09-24,2004,9
Jurua_SantosDumont,-6.44,-68.25,62296300931,327.71674,2004-11-11,2004,11
Jurua_SantosDumont,-6.44,-68.25,62296300931,349.65973,2004-12-29,2004,12
Jurua_SantosDumont,-6.44,-68.25,62296300931,186.00223,2005-05-22,2005,5
Jurua_SantosDumont,-6.44,-68.25,62296300931,316.4999,2005-06-07,2005,6
Jurua_SantosDumont,-6.44,-68.25,62296300931,160.30066,2005-07-09,2005,7
Jurua_SantosDumont,-6.44,-68.25,62296300931,31.79511,2005-10-13,2005,10
Jurua_SantosDumont,-6.44,-68.25,62296300931,109.4428,2006-06-10,2006,6
Jurua_SantosDumont,-6.44,-68.25,62296300931,37.852024,2006-07-28,2006,7
Jurua_SantosDumont,-6.44,-68.25,62296300931,36.596245,2006-09-14,2006,9
Jurua_SantosDumont,-6.44,-68.25,62296300931,60.37955,2006-10-16,2006,10
Jurua_SantosDumont,-6.44,-68.25,62296300931,449.71826,2007-03-25,2007,3
Jurua_SantosDumont,-6.44,-68.25,62296300931,198.5728,2007-05-12,2007,5
Jurua_SantosDumont,-6.44,-68.25,62296300931,210.39977,2007-06-29,2007,6
Jurua_SantosDumont,-6.44,-68.25,62296300931,131.63313,2007-07-15,2007,7
Jurua_SantosDumont,-6.44,-68.25,62296300931,143.85126,2007-08-16,2007,8
Jurua_SantosDumont,-6.44,-68.25,62296300931,139.8961,2007-09-01,2007,9
Jurua_SantosDumont,-6.44,-68.25,62296300931,103.0656,2007-09-17,2007,9
Jurua_SantosDumont,-6.44,-68.25,62296300931,162.58128,2008-07-01,2008,7
Jurua_SantosDumont,-6.44,-68.25,62296300931,122.9513,2008-07-17,2008,7
Jurua_SantosDumont,-6.44,-68.25,62296300931,68.3699,2008-08-02,2008,8
Jurua_SantosDumont,-6.44,-68.25,62296300931,135.44969,2008-08-18,2008,8
Jurua_SantosDumont,-6.44,-68.25,62296300931,78.76425,2008-09-19,2008,9
Jurua_SantosDumont,-6.44,-68.25,62296300931,44.54151,2008-10-05,2008,10
Jurua_SantosDumont,-6.44,-68.25,62296300931,241.28984,2009-02-26,2009,2
Jurua_SantosDumont,-6.44,-68.25,62296300931,132.58705,2009-03-30,2009,3
Jurua_SantosDumont,-6.44,-68.25,62296300931,236.23341,2009-07-20,2009,7
Jurua_SantosDumont,-6.44,-68.25,62296300931,169.81607,2009-09-06,2009,9
Jurua_SantosDumont,-6.44,-68.25,62296300931,484.65125,2010-01-28,2010,1
Jurua_SantosDumont,-6.44,-68.25,62296300931,270.07593,2010-04-18,2010,4
Jurua_SantosDumont,-6.44,-68.25,62296300931,215.44852,2010-06-21,2010,6
Jurua_SantosDumont,-6.44,-68.25,62296300931,40.474518,2010-07-23,2010,7
Jurua_SantosDumont,-6.44,-68.25,62296300931,77.03439,2010-08-08,2010,8
Jurua_SantosDumont,-6.44,-68.25,62296300931,37.4477,2010-08-24,2010,8
Jurua_SantosDumont,-6.44,-68.25,62296300931,35.004913,2010-09-25,2010,9
Jurua_SantosDumont,-6.44,-68.25,62296300931,141.06238,2010-10-11,2010,10
Jurua_SantosDumont,-6.44,-68.25,62296300931,251.324,2010-11-28,2010,11
Jurua_SantosDumont,-6.44,-68.25,62296300931,125.882904,2011-04-21,2011,4
Jurua_SantosDumont,-6.44,-68.25,62296300931,292.3994,2011-06-24,2011,6
Jurua_SantosDumont,-6.44,-68.25,62296300931,216.4914,2011-07-10,2011,7
Jurua_SantosDumont,-6.44,-68.25,62296300931,34.355694,2011-08-11,2011,8
Jurua_SantosDumont,-6.44,-68.25,62296300931,444.29358,2011-10-30,2011,10
Jurua_SantosDumont,-6.44,-68.25,62296300931,258.64127,1999-07-17,1999,7
Jurua_SantosDumont,-6.44,-68.25,62296300931,331.8583,1999-08-18,1999,8
Jurua_SantosDumont,-6.44,-68.25,62296300931,350.57214,1999-10-21,1999,10
Jurua_SantosDumont,-6.44,-68.25,62296300931,243.1225,2000-04-14,2000,4
Jurua_SantosDumont,-6.44,-68.25,62296300931,252.91917,2000-08-20,2000,8
Jurua_SantosDumont,-6.44,-68.25,62296300931,306.64755,2000-10-23,2000,10
Jurua_SantosDumont,-6.44,-68.25,62296300931,299.171,2000-11-24,2000,11
Jurua_SantosDumont,-6.44,-68.25,62296300931,561.51306,2001-03-16,2001,3
Jurua_SantosDumont,-6.44,-68.25,62296300931,173.44621,2001-04-17,2001,4
Jurua_SantosDumont,-6.44,-68.25,62296300931,97.20299,2001-07-22,2001,7
Jurua_SantosDumont,-6.44,-68.25,62296300931,116.24254,2001-08-07,2001,8
Jurua_SantosDumont,-6.44,-68.25,62296300931,399.38263,2001-11-11,2001,11
Jurua_SantosDumont,-6.44,-68.25,62296300931,186.7112,2002-06-07,2002,6
Jurua_SantosDumont,-6.44,-68.25,62296300931,316.42,2002-06-23,2002,6
Jurua_SantosDumont,-6.44,-68.25,62296300931,231.83173,2002-07-09,2002,7
Jurua_SantosDumont,-6.44,-68.25,62296300931,87.51652,2002-07-25,2002,7
Jurua_SantosDumont,-6.44,-68.25,62296300931,151.72485,2002-08-10,2002,8
Jurua_SantosDumont,-6.44,-68.25,62296300931,106.34088,2002-08-26,2002,8
Jurua_SantosDumont,-6.44,-68.25,62296300931,161.76746,2002-10-13,2002,10
Jurua_SantosDumont,-6.44,-68.25,62296300931,196.83095,2003-08-13,2003,8
Jurua_SantosDumont,-6.44,-68.25,62296300931,163.86578,2004-05-11,2004,5
Jurua_SantosDumont,-6.44,-68.25,62296300931,230.06624,2004-06-12,2004,6
Jurua_SantosDumont,-6.44,-68.25,62296300931,255.95312,2004-10-18,2004,10
Jurua_SantosDumont,-6.44,-68.25,62296300931,204.39223,2005-05-14,2005,5
Jurua_SantosDumont,-6.44,-68.25,62296300931,325.20767,2005-06-15,2005,6
Jurua_SantosDumont,-6.44,-68.25,62296300931,125.230576,2005-07-17,2005,7
Jurua_SantosDumont,-6.44,-68.25,62296300931,60.634674,2005-08-02,2005,8
Jurua_SantosDumont,-6.44,-68.25,62296300931,163.81577,2005-11-06,2005,11
Jurua_SantosDumont,-6.44,-68.25,62296300931,82.97941,2006-06-18,2006,6
Jurua_SantosDumont,-6.44,-68.25,62296300931,148.72617,2006-07-04,2006,7
Jurua_SantosDumont,-6.44,-68.25,62296300931,36.244373,2006-07-20,2006,7
Jurua_SantosDumont,-6.44,-68.25,62296300931,39.402256,2006-09-22,2006,9
Jurua_SantosDumont,-6.44,-68.25,62296300931,493.47748,2007-06-05,2007,6
Jurua_SantosDumont,-6.44,-68.25,62296300931,79.78647,2007-07-07,2007,7
Jurua_SantosDumont,-6.44,-68.25,62296300931,85.6274,2007-07-23,2007,7
Jurua_SantosDumont,-6.44,-68.25,62296300931,105.68359,2007-08-08,2007,8
Jurua_SantosDumont,-6.44,-68.25,62296300931,60.203365,2007-09-09,2007,9
Jurua_SantosDumont,-6.44,-68.25,62296300931,90.95684,2008-05-06,2008,5
Jurua_SantosDumont,-6.44,-68.25,62296300931,163.8128,2008-07-09,2008,7
Jurua_SantosDumont,-6.44,-68.25,62296300931,112.909454,2008-07-25,2008,7
Jurua_SantosDumont,-6.44,-68.25,62296300931,55.367256,2008-09-11,2008,9
Jurua_SantosDumont,-6.44,-68.25,62296300931,146.13971,2008-10-29,2008,10
Jurua_SantosDumont,-6.44,-68.25,62296300931,82.466515,2009-05-09,2009,5
Jurua_SantosDumont,-6.44,-68.25,62296300931,131.88354,2009-05-25,2009,5
Jurua_SantosDumont,-6.44,-68.25,62296300931,128.43027,2009-07-28,2009,7
Jurua_SantosDumont,-6.44,-68.25,62296300931,84.921875,2009-08-13,2009,8
Jurua_SantosDumont,-6.44,-68.25,62296300931,262.89215,2010-05-12,2010,5
Jurua_SantosDumont,-6.44,-68.25,62296300931,190.97836,2010-06-29,2010,6
Jurua_SantosDumont,-6.44,-68.25,62296300931,39.975773,2010-07-31,2010,7
Jurua_SantosDumont,-6.44,-68.25,62296300931,221.0204,2010-08-16,2010,8
Jurua_SantosDumont,-6.44,-68.25,62296300931,101.80718,2011-05-31,2011,5
Jurua_SantosDumont,-6.44,-68.25,62296300931,93.17322,2011-08-03,2011,8
Jurua_SantosDumont,-6.44,-68.25,62296300931,28.035896,2011-08-19,2011,8
Jurua_SantosDumont,-6.44,-68.25,62296300931,144.39998,2012-03-14,2012,3
Jurua_SantosDumont,-6.44,-68.25,62296300931,198.50085,2012-05-17,2012,5
Jurua_SantosDumont,-6.44,-68.25,62296300931,418.5435,2012-06-18,2012,6
Jurua_SantosDumont,-6.44,-68.25,62296300931,121.54739,2012-07-20,2012,7
Jurua_SantosDumont,-6.44,-68.25,62296300931,86.81301,2012-08-05,2012,8
Jurua_SantosDumont,-6.44,-68.25,62296300931,69.462456,2012-08-21,2012,8
Jurua_SantosDumont,-6.44,-68.25,62296300931,33.027744,2012-09-06,2012,9
Jurua_SantosDumont,-6.44,-68.25,62296300931,85.74242,2013-04-18,2013,4
Jurua_SantosDumont,-6.44,-68.25,62296300931,258.73227,2013-06-05,2013,6
Jurua_SantosDumont,-6.44,-68.25,62296300931,135.94142,2013-09-25,2013,9
Jurua_SantosDumont,-6.44,-68.25,62296300931,324.34827,2014-05-23,2014,5
Jurua_SantosDumont,-6.44,-68.25,62296300931,261.11783,2014-06-08,2014,6
Jurua_SantosDumont,-6.44,-68.25,62296300931,303.2022,2014-06-24,2014,6
Jurua_SantosDumont,-6.44,-68.25,62296300931,49.30035,2014-09-12,2014,9
Jurua_SantosDumont,-6.44,-68.25,62296300931,460.63483,2014-10-14,2014,10
Jurua_SantosDumont,-6.44,-68.25,62296300931,405.8694,2014-10-30,2014,10
Jurua_SantosDumont,-6.44,-68.25,62296300931,399.39447,2014-12-17,2014,12
Jurua_SantosDumont,-6.44,-68.25,62296300931,71.15842,2015-04-08,2015,4
Jurua_SantosDumont,-6.44,-68.25,62296300931,57.57518,2015-05-10,2015,5
Jurua_SantosDumont,-6.44,-68.25,62296300931,227.70572,2015-06-27,2015,6
Jurua_SantosDumont,-6.44,-68.25,62296300931,227.64948,2015-07-13,2015,7
Jurua_SantosDumont,-6.44,-68.25,62296300931,422.13727,2015-07-29,2015,7
Jurua_SantosDumont,-6.44,-68.25,62296300931,117.79729,2015-08-30,2015,8
Jurua_SantosDumont,-6.44,-68.25,62296300931,54.463276,2015-10-01,2015,10
Jurua_SantosDumont,-6.44,-68.25,62296300931,52.430183,2015-10-17,2015,10
Jurua_SantosDumont,-6.44,-68.25,62296300931,360.6831,2015-11-18,2015,11
Jurua_SantosDumont,-6.44,-68.25,62296300931,243.15561,2016-04-26,2016,4
Jurua_SantosDumont,-6.44,-68.25,62296300931,272.16742,2016-05-28,2016,5
Jurua_SantosDumont,-6.44,-68.25,62296300931,153.4892,2016-06-13,2016,6
Jurua_SantosDumont,-6.44,-68.25,62296300931,168.78766,2016-06-29,2016,6
Jurua_SantosDumont,-6.44,-68.25,62296300931,93.6996,2016-07-15,2016,7
Jurua_SantosDumont,-6.44,-68.25,62296300931,30.243841,2016-07-31,2016,7
Jurua_SantosDumont,-6.44,-68.25,62296300931,31.244967,2016-08-16,2016,8
Jurua_SantosDumont,-6.44,-68.25,62296300931,240.64706,2017-06-16,2017,6
Jurua_SantosDumont,-6.44,-68.25,62296300931,36.17328,2017-09-04,2017,9
Jurua_SantosDumont,-6.44,-68.25,62296300931,287.48444,2017-09-20,2017,9
Jurua_SantosDumont,-6.44,-68.25,62296300931,216.9192,2018-05-18,2018,5
Jurua_SantosDumont,-6.44,-68.25,62296300931,215.48389,2018-07-05,2018,7
Jurua_SantosDumont,-6.44,-68.25,62296300931,100.41275,2018-08-22,2018,8
Jurua_SantosDumont,-6.44,-68.25,62296300931,139.83997,2018-09-07,2018,9
Jurua_SantosDumont,-6.44,-68.25,62296300931,34.03779,2018-09-23,2018,9
Jurua_SantosDumont,-6.44,-68.25,62296300931,233.76855,2018-10-25,2018,10
Jurua_SantosDumont,-6.44,-68.25,62296300931,81.44971,2019-04-19,2019,4
Jurua_SantosDumont,-6.44,-68.25,62296300931,90.24368,2019-07-24,2019,7
Jurua_SantosDumont,-6.44,-68.25,62296300931,30.40311,2019-09-26,2019,9
Jurua_SantosDumont,-6.44,-68.25,62296300931,263.3716,2020-05-23,2020,5
Jurua_SantosDumont,-6.44,-68.25,62296300931,280.4391,2020-06-24,2020,6
Jurua_SantosDumont,-6.44,-68.25,62296300931,82.24302,2020-09-12,2020,9
Jurua_SantosDumont,-6.44,-68.25,62296300931,94.543304,2021-04-08,2021,4
Jurua_SantosDumont,-6.44,-68.25,62296300931,108.627716,2021-04-24,2021,4
Jurua_SantosDumont,-6.44,-68.25,62296300931,179.98267,2021-06-11,2021,6
Jurua_SantosDumont,-6.44,-68.25,62296300931,132.73883,2021-06-27,2021,6
Jurua_SantosDumont,-6.44,-68.25,62296300931,72.50551,2021-07-13,2021,7
Jurua_SantosDumont,-6.44,-68.25,62296300931,115.143135,2021-10-01,2021,10
Jurua_SantosDumont,-6.44,-68.25,62296300931,211.38269,2013-06-13,2013,6
Jurua_SantosDumont,-6.44,-68.25,62296300931,188.81635,2013-07-15,2013,7
Jurua_SantosDumont,-6.44,-68.25,62296300931,95.960526,2013-08-16,2013,8
Jurua_SantosDumont,-6.44,-68.25,62296300931,125.13031,2013-09-01,2013,9
Jurua_SantosDumont,-6.44,-68.25,62296300931,113.41483,2013-09-17,2013,9
Jurua_SantosDumont,-6.44,-68.25,62296300931,73.36872,2013-10-03,2013,10
Jurua_SantosDumont,-6.44,-68.25,62296300931,206.06396,2013-12-06,2013,12
Jurua_SantosDumont,-6.44,-68.25,62296300931,258.50272,2014-01-23,2014,1
Jurua_SantosDumont,-6.44,-68.25,62296300931,146.1061,2014-02-08,2014,2
Jurua_SantosDumont,-6.44,-68.25,62296300931,245.9116,2014-06-16,2014,6
Jurua_SantosDumont,-6.44,-68.25,62296300931,193.10405,2014-07-02,2014,7
Jurua_SantosDumont,-6.44,-68.25,62296300931,97.5707,2014-07-18,2014,7
Jurua_SantosDumont,-6.44,-68.25,62296300931,83.49336,2014-08-03,2014,8
Jurua_SantosDumont,-6.44,-68.25,62296300931,100.31765,2014-08-19,2014,8
Jurua_SantosDumont,-6.44,-68.25,62296300931,69.82445,2014-09-20,2014,9
Jurua_SantosDumont,-6.44,-68.25,62296300931,166.18845,2014-10-22,2014,10
Jurua_SantosDumont,-6.44,-68.25,62296300931,47.763035,2015-05-02,2015,5
Jurua_SantosDumont,-6.44,-68.25,62296300931,144.03253,2015-06-03,2015,6
Jurua_SantosDumont,-6.44,-68.25,62296300931,104.59771,2015-08-06,2015,8
Jurua_SantosDumont,-6.44,-68.25,62296300931,117.245476,2015-08-22,2015,8
Jurua_SantosDumont,-6.44,-68.25,62296300931,76.0463,2015-09-07,2015,9
Jurua_SantosDumont,-6.44,-68.25,62296300931,90.302826,2015-09-23,2015,9
Jurua_SantosDumont,-6.44,-68.25,62296300931,79.60978,2015-10-09,2015,10
Jurua_SantosDumont,-6.44,-68.25,62296300931,246.17635,2015-11-26,2015,11
Jurua_SantosDumont,-6.44,-68.25,62296300931,390.22195,2016-02-14,2016,2
Jurua_SantosDumont,-6.44,-68.25,62296300931,319.4756,2016-05-20,2016,5
Jurua_SantosDumont,-6.44,-68.25,62296300931,220.56635,2016-06-05,2016,6
Jurua_SantosDumont,-6.44,-68.25,62296300931,122.95265,2016-06-21,2016,6
Jurua_SantosDumont,-6.44,-68.25,62296300931,93.57461,2016-07-07,2016,7
Jurua_SantosDumont,-6.44,-68.25,62296300931,41.548336,2016-07-23,2016,7
Jurua_SantosDumont,-6.44,-68.25,62296300931,41.48919,2016-08-08,2016,8
Jurua_SantosDumont,-6.44,-68.25,62296300931,36.464787,2016-08-24,2016,8
Jurua_SantosDumont,-6.44,-68.25,62296300931,188.8995,2016-11-28,2016,11
Jurua_SantosDumont,-6.44,-68.25,62296300931,243.2731,2017-01-15,2017,1
Jurua_SantosDumont,-6.44,-68.25,62296300931,223.71959,2017-06-08,2017,6
Jurua_SantosDumont,-6.44,-68.25,62296300931,161.90659,2017-07-10,2017,7
Jurua_SantosDumont,-6.44,-68.25,62296300931,55.51222,2017-07-26,2017,7
Jurua_SantosDumont,-6.44,-68.25,62296300931,32.625412,2017-08-11,2017,8
Jurua_SantosDumont,-6.44,-68.25,62296300931,51.850567,2017-08-27,2017,8
Jurua_SantosDumont,-6.44,-68.25,62296300931,164.58144,2017-10-30,2017,10
Jurua_SantosDumont,-6.44,-68.25,62296300931,262.94962,2017-12-17,2017,12
Jurua_SantosDumont,-6.44,-68.25,62296300931,291.17206,2018-01-02,2018,1
Jurua_SantosDumont,-6.44,-68.25,62296300931,619.6946,2018-01-18,2018,1
Jurua_SantosDumont,-6.44,-68.25,62296300931,306.1327,2018-04-24,2018,4
Jurua_SantosDumont,-6.44,-68.25,62296300931,169.55199,2018-05-10,2018,5
Jurua_SantosDumont,-6.44,-68.25,62296300931,244.83128,2018-06-11,2018,6
Jurua_SantosDumont,-6.44,-68.25,62296300931,375.28387,2018-06-27,2018,6
Jurua_SantosDumont,-6.44,-68.25,62296300931,112.06007,2018-07-13,2018,7
Jurua_SantosDumont,-6.44,-68.25,62296300931,112.167656,2018-08-30,2018,8
Jurua_SantosDumont,-6.44,-68.25,62296300931,160.90408,2019-06-14,2019,6
Jurua_SantosDumont,-6.44,-68.25,62296300931,142.16765,2019-06-30,2019,6
Jurua_SantosDumont,-6.44,-68.25,62296300931,103.803154,2019-08-01,2019,8
Jurua_SantosDumont,-6.44,-68.25,62296300931,147.8879,2020-04-29,2020,4
Jurua_SantosDumont,-6.44,-68.25,62296300931,303.25482,2020-06-16,2020,6
Jurua_SantosDumont,-6.44,-68.25,62296300931,66.88683,2020-07-18,2020,7
Jurua_SantosDumont,-6.44,-68.25,62296300931,184.98706,2020-08-03,2020,8
Jurua_SantosDumont,-6.44,-68.25,62296300931,122.67534,2020-08-19,2020,8
Jurua_SantosDumont,-6.44,-68.25,62296300931,60.58704,2020-09-04,2020,9
Jurua_SantosDumont,-6.44,-68.25,62296300931,65.355515,2020-09-20,2020,9
Jurua_SantosDumont,-6.44,-68.25,62296300931,100.86612,2020-10-06,2020,10
Jurua_SantosDumont,-6.44,-68.25,62296300931,289.4041,2021-01-10,2021,1
Jurua_SantosDumont,-6.44,-68.25,62296300931,52.553764,2021-04-16,2021,4
Jurua_SantosDumont,-6.44,-68.25,62296300931,243.73094,2021-06-03,2021,6
Jurua_SantosDumont,-6.44,-68.25,62296300931,63.976818,2021-08-06,2021,8
Jurua_SantosDumont,-6.44,-68.25,62296300931,57.218822,2021-08-22,2021,8
Jurua_SantosDumont,-6.44,-68.25,62296300931,37.799187,2021-09-07,2021,9
Jurua_SantosDumont,-6.44,-68.25,62296300931,149.96236,2021-10-09,2021,10
Jurua_SantosDumont,-6.44,-68.25,62296300931,56.432537,2013-04-10,2013,4
Jurua_SantosDumont,-6.44,-68.25,62296300931,208.00682,1984-05-28,1984,5
Jurua_SantosDumont,-6.44,-68.25,62296300931,177.18129,1984-07-31,1984,7
Jurua_SantosDumont,-6.44,-68.25,62296300931,492.66705,1984-09-01,1984,9
Jurua_SantosDumont,-6.44,-68.25,62296300931,420.86575,1984-11-20,1984,11
Jurua_SantosDumont,-6.44,-68.25,62296300931,487.6663,1985-02-24,1985,2
Jurua_SantosDumont,-6.44,-68.25,62296300931,297.3375,1985-05-31,1985,5
Jurua_SantosDumont,-6.44,-68.25,62296300931,300.45132,1985-09-04,1985,9
Jurua_SantosDumont,-6.44,-68.25,62296300931,116.368126,1985-09-20,1985,9
Jurua_SantosDumont,-6.44,-68.25,62296300931,224.83485,1985-10-06,1985,10
Jurua_SantosDumont,-6.44,-68.25,62296300931,237.00526,1985-10-22,1985,10
Jurua_SantosDumont,-6.44,-68.25,62296300931,170.86098,1986-05-18,1986,5
Jurua_SantosDumont,-6.44,-68.25,62296300931,448.03763,1986-06-19,1986,6
Jurua_SantosDumont,-6.44,-68.25,62296300931,81.26375,1986-08-06,1986,8
Jurua_SantosDumont,-6.44,-68.25,62296300931,90.345,1986-08-22,1986,8
Jurua_SantosDumont,-6.44,-68.25,62296300931,205.57674,1986-09-07,1986,9
Jurua_SantosDumont,-6.44,-68.25,62296300931,208.01036,1986-11-10,1986,11
Jurua_SantosDumont,-6.44,-68.25,62296300931,134.29294,1987-02-14,1987,2
Jurua_SantosDumont,-6.44,-68.25,62296300931,445.13168,1987-05-05,1987,5
Jurua_SantosDumont,-6.44,-68.25,62296300931,226.43808,1987-05-21,1987,5
Jurua_SantosDumont,-6.44,-68.25,62296300931,128.64407,1987-07-08,1987,7
Jurua_SantosDumont,-6.44,-68.25,62296300931,62.481056,1987-08-09,1987,8
Jurua_SantosDumont,-6.44,-68.25,62296300931,40.909252,1987-08-25,1987,8
Jurua_SantosDumont,-6.44,-68.25,62296300931,175.83449,1987-09-26,1987,9
Jurua_SantosDumont,-6.44,-68.25,62296300931,151.52126,1987-10-12,1987,10
Jurua_SantosDumont,-6.44,-68.25,62296300931,350.35742,1988-03-04,1988,3
Jurua_SantosDumont,-6.44,-68.25,62296300931,159.36609,1988-05-23,1988,5
Jurua_SantosDumont,-6.44,-68.25,62296300931,387.29617,1988-06-08,1988,6
Jurua_SantosDumont,-6.44,-68.25,62296300931,267.71024,1988-06-24,1988,6
Jurua_SantosDumont,-6.44,-68.25,62296300931,97.151505,1988-07-26,1988,7
Jurua_SantosDumont,-6.44,-68.25,62296300931,167.47534,1988-08-11,1988,8
Jurua_SantosDumont,-6.44,-68.25,62296300931,27.992205,1988-09-12,1988,9
Jurua_SantosDumont,-6.44,-68.25,62296300931,425.0471,1988-12-17,1988,12
Jurua_SantosDumont,-6.44,-68.25,62296300931,134.95195,1989-05-10,1989,5
Jurua_SantosDumont,-6.44,-68.25,62296300931,229.09564,1989-05-26,1989,5
Jurua_SantosDumont,-6.44,-68.25,62296300931,201.26706,1989-07-29,1989,7
Jurua_SantosDumont,-6.44,-68.25,62296300931,128.22266,1989-08-30,1989,8
Jurua_SantosDumont,-6.44,-68.25,62296300931,182.06781,1989-09-15,1989,9
Jurua_SantosDumont,-6.44,-68.25,62296300931,486.5699,1989-12-04,1989,12
Jurua_SantosDumont,-6.44,-68.25,62296300931,229.4924,1990-03-10,1990,3
Jurua_SantosDumont,-6.44,-68.25,62296300931,188.04207,1990-04-27,1990,4
Jurua_SantosDumont,-6.44,-68.25,62296300931,231.991,1990-06-30,1990,6
Jurua_SantosDumont,-6.44,-68.25,62296300931,124.201256,1990-07-16,1990,7
Jurua_SantosDumont,-6.44,-68.25,62296300931,99.12017,1990-08-01,1990,8
Jurua_SantosDumont,-6.44,-68.25,62296300931,42.551556,1990-09-02,1990,9
Jurua_SantosDumont,-6.44,-68.25,62296300931,65.21583,1990-09-18,1990,9
Jurua_SantosDumont,-6.44,-68.25,62296300931,243.61324,1990-11-05,1990,11
Jurua_SantosDumont,-6.44,-68.25,62296300931,306.09772,1991-06-01,1991,6
Jurua_SantosDumont,-6.44,-68.25,62296300931,923.46356,1991-07-19,1991,7
Jurua_SantosDumont,-6.44,-68.25,62296300931,292.94214,1991-09-21,1991,9
Jurua_SantosDumont,-6.44,-68.25,62296300931,120.71344,1992-07-21,1992,7
Jurua_SantosDumont,-6.44,-68.25,62296300931,120.56582,1992-08-06,1992,8
Jurua_SantosDumont,-6.44,-68.25,62296300931,370.4602,1992-12-28,1992,12
Jurua_SantosDumont,-6.44,-68.25,62296300931,379.37955,1993-02-14,1993,2
Jurua_SantosDumont,-6.44,-68.25,62296300931,123.04279,1993-04-03,1993,4
Jurua_SantosDumont,-6.44,-68.25,62296300931,462.6359,1993-06-06,1993,6
Jurua_SantosDumont,-6.44,-68.25,62296300931,97.008064,1993-07-24,1993,7
Jurua_SantosDumont,-6.44,-68.25,62296300931,66.82085,1993-08-09,1993,8
Jurua_SantosDumont,-6.44,-68.25,62296300931,123.173164,1993-10-12,1993,10
Jurua_SantosDumont,-6.44,-68.25,62296300931,155.66403,1994-05-24,1994,5
Jurua_SantosDumont,-6.44,-68.25,62296300931,227.80263,1994-07-27,1994,7
Jurua_SantosDumont,-6.44,-68.25,62296300931,114.94375,1994-08-12,1994,8
Jurua_SantosDumont,-6.44,-68.25,62296300931,73.24867,1994-10-15,1994,10
Jurua_SantosDumont,-6.44,-68.25,62296300931,200.91081,1995-01-19,1995,1
Jurua_SantosDumont,-6.44,-68.25,62296300931,335.6816,1995-03-24,1995,3
Jurua_SantosDumont,-6.44,-68.25,62296300931,86.42562,1995-07-30,1995,7
Jurua_SantosDumont,-6.44,-68.25,62296300931,35.02255,1995-08-31,1995,8
Jurua_SantosDumont,-6.44,-68.25,62296300931,62.287075,1995-09-16,1995,9
Jurua_SantosDumont,-6.44,-68.25,62296300931,38.41643,1995-10-02,1995,10
Jurua_SantosDumont,-6.44,-68.25,62296300931,26.279064,1995-10-18,1995,10
Jurua_SantosDumont,-6.44,-68.25,62296300931,296.17706,1995-11-03,1995,11
Jurua_SantosDumont,-6.44,-68.25,62296300931,132.11356,1996-03-26,1996,3
Jurua_SantosDumont,-6.44,-68.25,62296300931,317.27982,1996-06-14,1996,6
Jurua_SantosDumont,-6.44,-68.25,62296300931,279.3552,1996-06-30,1996,6
Jurua_SantosDumont,-6.44,-68.25,62296300931,106.08654,1996-07-16,1996,7
Jurua_SantosDumont,-6.44,-68.25,62296300931,152.33504,1996-08-01,1996,8
Jurua_SantosDumont,-6.44,-68.25,62296300931,134.3621,1996-08-17,1996,8
Jurua_SantosDumont,-6.44,-68.25,62296300931,147.9064,1996-09-18,1996,9
Jurua_SantosDumont,-6.44,-68.25,62296300931,219.77296,1996-10-20,1996,10
Jurua_SantosDumont,-6.44,-68.25,62296300931,301.34418,1996-11-05,1996,11
Jurua_SantosDumont,-6.44,-68.25,62296300931,429.44485,1996-12-23,1996,12
Jurua_SantosDumont,-6.44,-68.25,62296300931,379.8695,1997-06-01,1997,6
Jurua_SantosDumont,-6.44,-68.25,62296300931,330.54355,1997-06-17,1997,6
Jurua_SantosDumont,-6.44,-68.25,62296300931,184.09665,1997-07-19,1997,7
Jurua_SantosDumont,-6.44,-68.25,62296300931,150.0429,1997-08-04,1997,8
Jurua_SantosDumont,-6.44,-68.25,62296300931,54.71884,1997-08-20,1997,8
Jurua_SantosDumont,-6.44,-68.25,62296300931,37.33346,1997-09-21,1997,9
Jurua_SantosDumont,-6.44,-68.25,62296300931,78.017044,1997-10-07,1997,10
Jurua_SantosDumont,-6.44,-68.25,62296300931,161.65587,1998-04-17,1998,4
Jurua_SantosDumont,-6.44,-68.25,62296300931,200.44249,1998-05-19,1998,5
Jurua_SantosDumont,-6.44,-68.25,62296300931,389.25955,1998-06-04,1998,6
Jurua_SantosDumont,-6.44,-68.25,62296300931,467.18475,1998-06-20,1998,6
Jurua_SantosDumont,-6.44,-68.25,62296300931,233.71518,1998-07-06,1998,7
Jurua_SantosDumont,-6.44,-68.25,62296300931,137.67882,1998-07-22,1998,7
Jurua_SantosDumont,-6.44,-68.25,62296300931,45.77772,1998-08-07,1998,8
Jurua_SantosDumont,-6.44,-68.25,62296300931,83.37361,1998-08-23,1998,8
Jurua_SantosDumont,-6.44,-68.25,62296300931,30.8883,1998-09-08,1998,9
Jurua_SantosDumont,-6.44,-68.25,62296300931,36.04422,1998-09-24,1998,9
Jurua_SantosDumont,-6.44,-68.25,62296300931,35.762722,1998-10-10,1998,10
Jurua_SantosDumont,-6.44,-68.25,62296300931,404.8786,1999-07-09,1999,7
Jurua_SantosDumont,-6.44,-68.25,62296300931,310.154,1999-08-10,1999,8
Jurua_SantosDumont,-6.44,-68.25,62296300931,473.6975,1999-08-26,1999,8
Jurua_SantosDumont,-6.44,-68.25,62296300931,269.33398,2000-07-11,2000,7
Jurua_SantosDumont,-6.44,-68.25,62296300931,157.96234,2000-07-27,2000,7
Jurua_SantosDumont,-6.44,-68.25,62296300931,158.77907,2000-08-28,2000,8
Jurua_SantosDumont,-6.44,-68.25,62296300931,174.95328,2000-09-13,2000,9
Jurua_SantosDumont,-6.44,-68.25,62296300931,65.92725,2000-09-29,2000,9
Jurua_SantosDumont,-6.44,-68.25,62296300931,442.18295,2000-12-02,2000,12
Jurua_SantosDumont,-6.44,-68.25,62296300931,338.68475,2001-05-27,2001,5
Jurua_SantosDumont,-6.44,-68.25,62296300931,353.82367,2001-06-12,2001,6
Jurua_SantosDumont,-6.44,-68.25,62296300931,252.7984,2001-06-28,2001,6
Jurua_SantosDumont,-6.44,-68.25,62296300931,99.41494,2001-08-31,2001,8
Jurua_SantosDumont,-6.44,-68.25,62296300931,41.385853,2001-10-02,2001,10
Jurua_SantosDumont,-6.44,-68.25,62296300931,282.3125,2001-11-03,2001,11
Jurua_SantosDumont,-6.44,-68.25,62296300931,311.1739,2003-07-04,2003,7
Jurua_SantosDumont,-6.44,-68.25,62296300931,245.21652,2003-07-20,2003,7
Jurua_SantosDumont,-6.44,-68.25,62296300931,198.8704,2003-08-05,2003,8
Jurua_SantosDumont,-6.44,-68.25,62296300931,133.07088,2003-10-08,2003,10
Jurua_SantosDumont,-6.44,-68.25,62296300931,184.92369,2003-10-24,2003,10
Jurua_SantosDumont,-6.44,-68.25,62296300931,427.95767,2003-11-09,2003,11
Jurua_SantosDumont,-6.44,-68.25,62296300931,489.99564,2004-04-01,2004,4
Jurua_SantosDumont,-6.44,-68.25,62296300931,344.19168,2004-06-04,2004,6
Jurua_SantosDumont,-6.44,-68.25,62296300931,271.0923,2004-06-20,2004,6
Jurua_SantosDumont,-6.44,-68.25,62296300931,161.02965,2004-07-06,2004,7
Jurua_SantosDumont,-6.44,-68.25,62296300931,221.78017,2004-08-23,2004,8
Jurua_SantosDumont,-6.44,-68.25,62296300931,255.3181,2004-09-08,2004,9
Jurua_SantosDumont,-6.44,-68.25,62296300931,417.01782,2004-09-24,2004,9
Jurua_SantosDumont,-6.44,-68.25,62296300931,182.90271,2005-05-22,2005,5
Jurua_SantosDumont,-6.44,-68.25,62296300931,314.4749,2005-06-07,2005,6
Jurua_SantosDumont,-6.44,-68.25,62296300931,168.61253,2005-07-09,2005,7
Jurua_SantosDumont,-6.44,-68.25,62296300931,46.289707,2005-08-10,2005,8
Jurua_SantosDumont,-6.44,-68.25,62296300931,32.62663,2005-10-13,2005,10
Jurua_SantosDumont,-6.44,-68.25,62296300931,110.06509,2006-06-10,2006,6
Jurua_SantosDumont,-6.44,-68.25,62296300931,36.78499,2006-07-28,2006,7
Jurua_SantosDumont,-6.44,-68.25,62296300931,119.69759,2006-08-13,2006,8
Jurua_SantosDumont,-6.44,-68.25,62296300931,48.185135,2006-09-14,2006,9
Jurua_SantosDumont,-6.44,-68.25,62296300931,57.946926,2006-10-16,2006,10
Jurua_SantosDumont,-6.44,-68.25,62296300931,227.40953,2007-05-12,2007,5
Jurua_SantosDumont,-6.44,-68.25,62296300931,210.39977,2007-06-29,2007,6
Jurua_SantosDumont,-6.44,-68.25,62296300931,140.77606,2007-07-15,2007,7
Jurua_SantosDumont,-6.44,-68.25,62296300931,132.36989,2007-07-31,2007,7
Jurua_SantosDumont,-6.44,-68.25,62296300931,119.713036,2007-08-16,2007,8
Jurua_SantosDumont,-6.44,-68.25,62296300931,125.68832,2007-09-01,2007,9
Jurua_SantosDumont,-6.44,-68.25,62296300931,54.599655,2007-09-17,2007,9
Jurua_SantosDumont,-6.44,-68.25,62296300931,213.12424,2007-10-03,2007,10
Jurua_SantosDumont,-6.44,-68.25,62296300931,162.58128,2008-07-01,2008,7
Jurua_SantosDumont,-6.44,-68.25,62296300931,122.62202,2008-07-17,2008,7
Jurua_SantosDumont,-6.44,-68.25,62296300931,78.53041,2008-08-02,2008,8
Jurua_SantosDumont,-6.44,-68.25,62296300931,99.2702,2008-08-18,2008,8
Jurua_SantosDumont,-6.44,-68.25,62296300931,77.25116,2008-09-19,2008,9
Jurua_SantosDumont,-6.44,-68.25,62296300931,42.68639,2008-10-05,2008,10
Jurua_SantosDumont,-6.44,-68.25,62296300931,243.38545,2009-07-20,2009,7
Jurua_SantosDumont,-6.44,-68.25,62296300931,213.23085,2009-08-05,2009,8
Jurua_SantosDumont,-6.44,-68.25,62296300931,322.6347,2009-08-21,2009,8
Jurua_SantosDumont,-6.44,-68.25,62296300931,103.29665,2009-09-06,2009,9
Jurua_SantosDumont,-6.44,-68.25,62296300931,241.65227,2010-04-18,2010,4
Jurua_SantosDumont,-6.44,-68.25,62296300931,190.92354,2010-06-21,2010,6
Jurua_SantosDumont,-6.44,-68.25,62296300931,63.788616,2010-07-23,2010,7
Jurua_SantosDumont,-6.44,-68.25,62296300931,106.56968,2010-08-08,2010,8
Jurua_SantosDumont,-6.44,-68.25,62296300931,34.568417,2010-08-24,2010,8
Jurua_SantosDumont,-6.44,-68.25,62296300931,33.65966,2010-09-25,2010,9
Jurua_SantosDumont,-6.44,-68.25,62296300931,109.859055,2010-10-11,2010,10
Jurua_SantosDumont,-6.44,-68.25,62296300931,220.59589,2010-11-28,2010,11
Jurua_SantosDumont,-6.44,-68.25,62296300931,133.6728,2011-04-21,2011,4
Jurua_SantosDumont,-6.44,-68.25,62296300931,196.64107,2011-05-23,2011,5
Jurua_SantosDumont,-6.44,-68.25,62296300931,287.49738,2011-06-24,2011,6
Jurua_SantosDumont,-6.44,-68.25,62296300931,216.4914,2011-07-10,2011,7
Jurua_SantosDumont,-6.44,-68.25,62296300931,153.0052,2011-07-26,2011,7
Jurua_SantosDumont,-6.44,-68.25,62296300931,34.5853,2011-08-11,2011,8
Jurua_SantosDumont,-6.44,-68.25,62296300931,338.5403,2011-10-30,2011,10
Jurua_SantosDumont,-6.44,-68.25,62296300931,330.80698,1999-08-18,1999,8
Jurua_SantosDumont,-6.44,-68.25,62296300931,633.0442,1999-10-05,1999,10
Jurua_SantosDumont,-6.44,-68.25,62296300931,332.78912,1999-10-21,1999,10
Jurua_SantosDumont,-6.44,-68.25,62296300931,237.88881,2000-04-14,2000,4
Jurua_SantosDumont,-6.44,-68.25,62296300931,277.3669,2000-06-01,2000,6
Jurua_SantosDumont,-6.44,-68.25,62296300931,311.27777,2000-10-23,2000,10
Jurua_SantosDumont,-6.44,-68.25,62296300931,339.33856,2000-11-24,2000,11
Jurua_SantosDumont,-6.44,-68.25,62296300931,158.96259,2001-04-17,2001,4
Jurua_SantosDumont,-6.44,-68.25,62296300931,251.20497,2001-06-04,2001,6
Jurua_SantosDumont,-6.44,-68.25,62296300931,95.61559,2001-07-22,2001,7
Jurua_SantosDumont,-6.44,-68.25,62296300931,118.16025,2001-08-07,2001,8
Jurua_SantosDumont,-6.44,-68.25,62296300931,491.01242,2001-11-11,2001,11
Jurua_SantosDumont,-6.44,-68.25,62296300931,218.59735,2002-06-07,2002,6
Jurua_SantosDumont,-6.44,-68.25,62296300931,226.7955,2002-06-23,2002,6
Jurua_SantosDumont,-6.44,-68.25,62296300931,224.08319,2002-07-09,2002,7
Jurua_SantosDumont,-6.44,-68.25,62296300931,86.95749,2002-07-25,2002,7
Jurua_SantosDumont,-6.44,-68.25,62296300931,132.94559,2002-08-10,2002,8
Jurua_SantosDumont,-6.44,-68.25,62296300931,108.00276,2002-08-26,2002,8
Jurua_SantosDumont,-6.44,-68.25,62296300931,172.65694,2003-08-13,2003,8
Jurua_SantosDumont,-6.44,-68.25,62296300931,110.75261,2003-11-01,2003,11
Jurua_SantosDumont,-6.44,-68.25,62296300931,164.56734,2004-05-11,2004,5
Jurua_SantosDumont,-6.44,-68.25,62296300931,242.46672,2004-06-12,2004,6
Jurua_SantosDumont,-6.44,-68.25,62296300931,252.67923,2004-10-18,2004,10
Jurua_SantosDumont,-6.44,-68.25,62296300931,162.25859,2005-04-12,2005,4
Jurua_SantosDumont,-6.44,-68.25,62296300931,202.99466,2005-05-14,2005,5
Jurua_SantosDumont,-6.44,-68.25,62296300931,319.01062,2005-06-15,2005,6
Jurua_SantosDumont,-6.44,-68.25,62296300931,141.1324,2005-07-17,2005,7
Jurua_SantosDumont,-6.44,-68.25,62296300931,61.907127,2005-08-02,2005,8
Jurua_SantosDumont,-6.44,-68.25,62296300931,163.37283,2005-11-06,2005,11
Jurua_SantosDumont,-6.44,-68.25,62296300931,89.801414,2006-06-18,2006,6
Jurua_SantosDumont,-6.44,-68.25,62296300931,158.0516,2006-07-04,2006,7
Jurua_SantosDumont,-6.44,-68.25,62296300931,43.41664,2006-07-20,2006,7
Jurua_SantosDumont,-6.44,-68.25,62296300931,54.723347,2006-09-22,2006,9
Jurua_SantosDumont,-6.44,-68.25,62296300931,181.86362,2006-10-24,2006,10
Jurua_SantosDumont,-6.44,-68.25,62296300931,159.43338,2007-01-28,2007,1
Jurua_SantosDumont,-6.44,-68.25,62296300931,468.7565,2007-06-05,2007,6
Jurua_SantosDumont,-6.44,-68.25,62296300931,91.95955,2007-07-07,2007,7
Jurua_SantosDumont,-6.44,-68.25,62296300931,85.2965,2007-07-23,2007,7
Jurua_SantosDumont,-6.44,-68.25,62296300931,85.8651,2007-08-08,2007,8
Jurua_SantosDumont,-6.44,-68.25,62296300931,62.973053,2007-09-09,2007,9
Jurua_SantosDumont,-6.44,-68.25,62296300931,90.95684,2008-05-06,2008,5
Jurua_SantosDumont,-6.44,-68.25,62296300931,146.55281,2008-07-09,2008,7
Jurua_SantosDumont,-6.44,-68.25,62296300931,121.67524,2008-07-25,2008,7
Jurua_SantosDumont,-6.44,-68.25,62296300931,44.159126,2008-08-10,2008,8
Jurua_SantosDumont,-6.44,-68.25,62296300931,60.271454,2008-09-11,2008,9
Jurua_SantosDumont,-6.44,-68.25,62296300931,146.13971,2008-10-29,2008,10
Jurua_SantosDumont,-6.44,-68.25,62296300931,161.33403,2009-05-25,2009,5
Jurua_SantosDumont,-6.44,-68.25,62296300931,134.73032,2009-07-28,2009,7
Jurua_SantosDumont,-6.44,-68.25,62296300931,98.4019,2009-08-13,2009,8
Jurua_SantosDumont,-6.44,-68.25,62296300931,167.121,2009-09-30,2009,9
Jurua_SantosDumont,-6.44,-68.25,62296300931,143.80855,2010-04-26,2010,4
Jurua_SantosDumont,-6.44,-68.25,62296300931,303.9877,2010-05-12,2010,5
Jurua_SantosDumont,-6.44,-68.25,62296300931,173.0822,2010-06-29,2010,6
Jurua_SantosDumont,-6.44,-68.25,62296300931,38.426006,2010-07-31,2010,7
Jurua_SantosDumont,-6.44,-68.25,62296300931,128.69592,2010-08-16,2010,8
Jurua_SantosDumont,-6.44,-68.25,62296300931,115.79414,2011-05-31,2011,5
Jurua_SantosDumont,-6.44,-68.25,62296300931,93.35203,2011-08-03,2011,8
Jurua_SantosDumont,-6.44,-68.25,62296300931,31.595594,2011-08-19,2011,8
Jurua_SantosDumont,-6.44,-68.25,62296300931,84.69121,2011-09-04,2011,9
Jurua_SantosDumont,-6.44,-68.25,62296300931,133.2442,2012-03-14,2012,3
Jurua_SantosDumont,-6.44,-68.25,62296300931,466.2598,2012-06-18,2012,6
Jurua_SantosDumont,-6.44,-68.25,62296300931,119.298935,2012-07-20,2012,7
Jurua_SantosDumont,-6.44,-68.25,62296300931,96.37086,2012-08-05,2012,8
Jurua_SantosDumont,-6.44,-68.25,62296300931,59.9636,2012-08-21,2012,8
Jurua_SantosDumont,-6.44,-68.25,62296300931,42.68429,2012-09-06,2012,9
Jurua_SantosDumont,-6.44,-68.25,62296300931,261.7585,2013-06-05,2013,6
Jurua_SantosDumont,-6.44,-68.25,62296300931,105.11717,2013-09-25,2013,9
Jurua_SantosDumont,-6.44,-68.25,62296300931,46.51709,2014-09-12,2014,9
Jurua_SantosDumont,-6.44,-68.25,62296300931,443.25964,2014-10-14,2014,10
Jurua_SantosDumont,-6.44,-68.25,62296300931,406.03452,2014-10-30,2014,10
Jurua_SantosDumont,-6.44,-68.25,62296300931,581.2185,2014-12-01,2014,12
Jurua_SantosDumont,-6.44,-68.25,62296300931,69.883675,2015-04-08,2015,4
Jurua_SantosDumont,-6.44,-68.25,62296300931,185.72173,2015-06-11,2015,6
Jurua_SantosDumont,-6.44,-68.25,62296300931,262.53995,2015-06-27,2015,6
Jurua_SantosDumont,-6.44,-68.25,62296300931,229.34303,2015-07-13,2015,7
Jurua_SantosDumont,-6.44,-68.25,62296300931,243.9257,2015-07-29,2015,7
Jurua_SantosDumont,-6.44,-68.25,62296300931,149.515,2015-08-30,2015,8
Jurua_SantosDumont,-6.44,-68.25,62296300931,65.09101,2015-10-01,2015,10
Jurua_SantosDumont,-6.44,-68.25,62296300931,50.0448,2015-10-17,2015,10
Jurua_SantosDumont,-6.44,-68.25,62296300931,306.94803,2015-11-18,2015,11
Jurua_SantosDumont,-6.44,-68.25,62296300931,237.43282,2016-04-26,2016,4
Jurua_SantosDumont,-6.44,-68.25,62296300931,173.7653,2016-06-13,2016,6
Jurua_SantosDumont,-6.44,-68.25,62296300931,185.94556,2016-06-29,2016,6
Jurua_SantosDumont,-6.44,-68.25,62296300931,80.2156,2016-07-15,2016,7
Jurua_SantosDumont,-6.44,-68.25,62296300931,32.740612,2016-07-31,2016,7
Jurua_SantosDumont,-6.44,-68.25,62296300931,31.240147,2016-08-16,2016,8
Jurua_SantosDumont,-6.44,-68.25,62296300931,44.64111,2016-09-01,2016,9
Jurua_SantosDumont,-6.44,-68.25,62296300931,476.35773,2016-10-19,2016,10
Jurua_SantosDumont,-6.44,-68.25,62296300931,260.63132,2017-05-15,2017,5
Jurua_SantosDumont,-6.44,-68.25,62296300931,259.96255,2017-06-16,2017,6
Jurua_SantosDumont,-6.44,-68.25,62296300931,174.92445,2017-07-18,2017,7
Jurua_SantosDumont,-6.44,-68.25,62296300931,37.400837,2017-09-04,2017,9
Jurua_SantosDumont,-6.44,-68.25,62296300931,279.89816,2017-09-20,2017,9
Jurua_SantosDumont,-6.44,-68.25,62296300931,208.188,2018-05-02,2018,5
Jurua_SantosDumont,-6.44,-68.25,62296300931,190.71361,2018-07-05,2018,7
Jurua_SantosDumont,-6.44,-68.25,62296300931,95.199196,2018-07-21,2018,7
Jurua_SantosDumont,-6.44,-68.25,62296300931,91.30048,2018-08-22,2018,8
Jurua_SantosDumont,-6.44,-68.25,62296300931,140.60684,2018-09-07,2018,9
Jurua_SantosDumont,-6.44,-68.25,62296300931,37.88198,2018-09-23,2018,9
Jurua_SantosDumont,-6.44,-68.25,62296300931,249.20793,2018-10-25,2018,10
Jurua_SantosDumont,-6.44,-68.25,62296300931,81.44971,2019-04-19,2019,4
Jurua_SantosDumont,-6.44,-68.25,62296300931,114.39953,2019-05-05,2019,5
Jurua_SantosDumont,-6.44,-68.25,62296300931,87.68246,2019-07-08,2019,7
Jurua_SantosDumont,-6.44,-68.25,62296300931,87.59835,2019-07-24,2019,7
Jurua_SantosDumont,-6.44,-68.25,62296300931,183.06847,2019-08-09,2019,8
Jurua_SantosDumont,-6.44,-68.25,62296300931,10.470961,2019-09-10,2019,9
Jurua_SantosDumont,-6.44,-68.25,62296300931,253.60811,2020-01-16,2020,1
Jurua_SantosDumont,-6.44,-68.25,62296300931,224.79042,2020-05-23,2020,5
Jurua_SantosDumont,-6.44,-68.25,62296300931,71.98243,2020-08-27,2020,8
Jurua_SantosDumont,-6.44,-68.25,62296300931,91.96987,2020-09-12,2020,9
Jurua_SantosDumont,-6.44,-68.25,62296300931,26.3725,2020-09-28,2020,9
Jurua_SantosDumont,-6.44,-68.25,62296300931,192.58107,2020-11-15,2020,11
Jurua_SantosDumont,-6.44,-68.25,62296300931,140.02818,2020-12-01,2020,12
Jurua_SantosDumont,-6.44,-68.25,62296300931,103.74778,2021-04-08,2021,4
Jurua_SantosDumont,-6.44,-68.25,62296300931,109.55166,2021-04-24,2021,4
Jurua_SantosDumont,-6.44,-68.25,62296300931,62.936695,2021-05-26,2021,5
Jurua_SantosDumont,-6.44,-68.25,62296300931,194.81367,2021-06-11,2021,6
Jurua_SantosDumont,-6.44,-68.25,62296300931,141.7332,2021-06-27,2021,6
Jurua_SantosDumont,-6.44,-68.25,62296300931,76.312454,2021-07-13,2021,7
Jurua_SantosDumont,-6.44,-68.25,62296300931,92.17805,2021-07-29,2021,7
Jurua_SantosDumont,-6.44,-68.25,62296300931,71.43751,2013-04-05,2013,4
Jurua_SantosDumont,-6.44,-68.25,62296300931,247.66092,2013-06-13,2013,6
Jurua_SantosDumont,-6.44,-68.25,62296300931,183.72017,2013-07-15,2013,7
Jurua_SantosDumont,-6.44,-68.25,62296300931,96.01754,2013-08-16,2013,8
Jurua_SantosDumont,-6.44,-68.25,62296300931,112.3935,2013-09-01,2013,9
Jurua_SantosDumont,-6.44,-68.25,62296300931,115.31849,2013-09-17,2013,9
Jurua_SantosDumont,-6.44,-68.25,62296300931,229.09514,2013-12-06,2013,12
Jurua_SantosDumont,-6.44,-68.25,62296300931,303.01883,2014-01-23,2014,1
Jurua_SantosDumont,-6.44,-68.25,62296300931,308.383,2014-02-08,2014,2
Jurua_SantosDumont,-6.44,-68.25,62296300931,176.40717,2014-07-02,2014,7
Jurua_SantosDumont,-6.44,-68.25,62296300931,98.10139,2014-07-18,2014,7
Jurua_SantosDumont,-6.44,-68.25,62296300931,69.85535,2014-08-03,2014,8
Jurua_SantosDumont,-6.44,-68.25,62296300931,112.80754,2014-08-19,2014,8
Jurua_SantosDumont,-6.44,-68.25,62296300931,64.74297,2014-09-20,2014,9
Jurua_SantosDumont,-6.44,-68.25,62296300931,162.77328,2014-10-22,2014,10
Jurua_SantosDumont,-6.44,-68.25,62296300931,56.548244,2015-05-02,2015,5
Jurua_SantosDumont,-6.44,-68.25,62296300931,111.26366,2015-07-21,2015,7
Jurua_SantosDumont,-6.44,-68.25,62296300931,111.276306,2015-08-06,2015,8
Jurua_SantosDumont,-6.44,-68.25,62296300931,119.657974,2015-08-22,2015,8
Jurua_SantosDumont,-6.44,-68.25,62296300931,86.47766,2015-09-07,2015,9
Jurua_SantosDumont,-6.44,-68.25,62296300931,83.346016,2015-09-23,2015,9
Jurua_SantosDumont,-6.44,-68.25,62296300931,86.25615,2015-10-09,2015,10
Jurua_SantosDumont,-6.44,-68.25,62296300931,230.39296,2015-11-26,2015,11
Jurua_SantosDumont,-6.44,-68.25,62296300931,323.38907,2015-12-12,2015,12
Jurua_SantosDumont,-6.44,-68.25,62296300931,524.30383,2016-02-14,2016,2
Jurua_SantosDumont,-6.44,-68.25,62296300931,259.60217,2016-06-05,2016,6
Jurua_SantosDumont,-6.44,-68.25,62296300931,156.84573,2016-06-21,2016,6
Jurua_SantosDumont,-6.44,-68.25,62296300931,91.19739,2016-07-07,2016,7
Jurua_SantosDumont,-6.44,-68.25,62296300931,42.967926,2016-07-23,2016,7
Jurua_SantosDumont,-6.44,-68.25,62296300931,45.01719,2016-08-08,2016,8
Jurua_SantosDumont,-6.44,-68.25,62296300931,46.23726,2016-08-24,2016,8
Jurua_SantosDumont,-6.44,-68.25,62296300931,34.4578,2016-09-09,2016,9
Jurua_SantosDumont,-6.44,-68.25,62296300931,200.43446,2016-11-28,2016,11
Jurua_SantosDumont,-6.44,-68.25,62296300931,244.76825,2017-06-08,2017,6
Jurua_SantosDumont,-6.44,-68.25,62296300931,304.17084,2017-06-24,2017,6
Jurua_SantosDumont,-6.44,-68.25,62296300931,161.37141,2017-07-10,2017,7
Jurua_SantosDumont,-6.44,-68.25,62296300931,58.170853,2017-07-26,2017,7
Jurua_SantosDumont,-6.44,-68.25,62296300931,56.732914,2017-08-27,2017,8
Jurua_SantosDumont,-6.44,-68.25,62296300931,157.56023,2017-10-30,2017,10
Jurua_SantosDumont,-6.44,-68.25,62296300931,280.3738,2018-01-02,2018,1
Jurua_SantosDumont,-6.44,-68.25,62296300931,645.4798,2018-01-18,2018,1
Jurua_SantosDumont,-6.44,-68.25,62296300931,299.3956,2018-04-24,2018,4
Jurua_SantosDumont,-6.44,-68.25,62296300931,252.43909,2018-06-11,2018,6
Jurua_SantosDumont,-6.44,-68.25,62296300931,469.23282,2018-06-27,2018,6
Jurua_SantosDumont,-6.44,-68.25,62296300931,110.166824,2018-07-13,2018,7
Jurua_SantosDumont,-6.44,-68.25,62296300931,109.76856,2018-08-30,2018,8
Jurua_SantosDumont,-6.44,-68.25,62296300931,196.03166,2019-04-27,2019,4
Jurua_SantosDumont,-6.44,-68.25,62296300931,166.81265,2019-06-14,2019,6
Jurua_SantosDumont,-6.44,-68.25,62296300931,190.99734,2019-06-30,2019,6
Jurua_SantosDumont,-6.44,-68.25,62296300931,84.775475,2019-07-16,2019,7
Jurua_SantosDumont,-6.44,-68.25,62296300931,111.28535,2019-08-01,2019,8
Jurua_SantosDumont,-6.44,-68.25,62296300931,24.920855,2019-09-18,2019,9
Jurua_SantosDumont,-6.44,-68.25,62296300931,253.57678,2019-11-05,2019,11
Jurua_SantosDumont,-6.44,-68.25,62296300931,287.71576,2020-06-16,2020,6
Jurua_SantosDumont,-6.44,-68.25,62296300931,67.4763,2020-07-18,2020,7
Jurua_SantosDumont,-6.44,-68.25,62296300931,207.63647,2020-08-03,2020,8
Jurua_SantosDumont,-6.44,-68.25,62296300931,130.48491,2020-08-19,2020,8
Jurua_SantosDumont,-6.44,-68.25,62296300931,50.57383,2020-09-04,2020,9
Jurua_SantosDumont,-6.44,-68.25,62296300931,75.652954,2020-09-20,2020,9
Jurua_SantosDumont,-6.44,-68.25,62296300931,98.84478,2020-10-06,2020,10
Jurua_SantosDumont,-6.44,-68.25,62296300931,299.2786,2021-01-10,2021,1
Jurua_SantosDumont,-6.44,-68.25,62296300931,67.33762,2021-04-16,2021,4
Jurua_SantosDumont,-6.44,-68.25,62296300931,238.51964,2021-06-03,2021,6
Jurua_SantosDumont,-6.44,-68.25,62296300931,61.532654,2021-08-06,2021,8
Jurua_SantosDumont,-6.44,-68.25,62296300931,55.681305,2021-08-22,2021,8
Jurua_SantosDumont,-6.44,-68.25,62296300931,39.519466,2021-09-07,2021,9
Jurua_SantosDumont,-6.44,-68.25,62296300931,197.6414,2021-10-09,2021,10
Jurua_SantosDumont,-6.44,-68.25,62296300931,153.5793,1984-05-03,1984,5
Jurua_SantosDumont,-6.44,-68.25,62296300931,302.69812,1984-06-20,1984,6
Jurua_SantosDumont,-6.44,-68.25,62296300931,210.39989,1984-07-06,1984,7
Jurua_SantosDumont,-6.44,-68.25,62296300931,198.18488,1984-07-22,1984,7
Jurua_SantosDumont,-6.44,-68.25,62296300931,427.77753,1985-03-19,1985,3
Jurua_SantosDumont,-6.44,-68.25,62296300931,293.8559,1986-06-26,1986,6
Jurua_SantosDumont,-6.44,-68.25,62296300931,97.75992,1986-07-12,1986,7
Jurua_SantosDumont,-6.44,-68.25,62296300931,64.744484,1986-07-28,1986,7
Jurua_SantosDumont,-6.44,-68.25,62296300931,229.89453,1986-09-30,1986,9
Jurua_SantosDumont,-6.44,-68.25,62296300931,258.8988,1986-11-01,1986,11
Jurua_SantosDumont,-6.44,-68.25,62296300931,199.62985,1987-03-09,1987,3
Jurua_SantosDumont,-6.44,-68.25,62296300931,338.80264,1987-05-12,1987,5
Jurua_SantosDumont,-6.44,-68.25,62296300931,219.11868,1987-05-28,1987,5
Jurua_SantosDumont,-6.44,-68.25,62296300931,41.87785,1987-08-16,1987,8
Jurua_SantosDumont,-6.44,-68.25,62296300931,302.01608,1987-11-04,1987,11
Jurua_SantosDumont,-6.44,-68.25,62296300931,314.22278,1988-03-11,1988,3
Jurua_SantosDumont,-6.44,-68.25,62296300931,323.30014,1988-07-01,1988,7
Jurua_SantosDumont,-6.44,-68.25,62296300931,145.62915,1988-07-17,1988,7
Jurua_SantosDumont,-6.44,-68.25,62296300931,59.805897,1988-08-02,1988,8
Jurua_SantosDumont,-6.44,-68.25,62296300931,198.26976,1989-08-05,1989,8
Jurua_SantosDumont,-6.44,-68.25,62296300931,104.23498,1989-09-22,1989,9
Jurua_SantosDumont,-6.44,-68.25,62296300931,296.16553,1989-11-25,1989,11
Jurua_SantosDumont,-6.44,-68.25,62296300931,562.80426,1989-12-27,1989,12
Jurua_SantosDumont,-6.44,-68.25,62296300931,182.42989,1990-05-20,1990,5
Jurua_SantosDumont,-6.44,-68.25,62296300931,276.8933,1990-06-05,1990,6
Jurua_SantosDumont,-6.44,-68.25,62296300931,67.81839,1990-07-23,1990,7
Jurua_SantosDumont,-6.44,-68.25,62296300931,84.50736,1990-08-24,1990,8
Jurua_SantosDumont,-6.44,-68.25,62296300931,50.227543,1990-09-09,1990,9
Jurua_SantosDumont,-6.44,-68.25,62296300931,304.18036,1991-03-04,1991,3
Jurua_SantosDumont,-6.44,-68.25,62296300931,433.95718,1991-07-10,1991,7
Jurua_SantosDumont,-6.44,-68.25,62296300931,720.8871,1991-07-26,1991,7
Jurua_SantosDumont,-6.44,-68.25,62296300931,156.09293,1991-08-11,1991,8
Jurua_SantosDumont,-6.44,-68.25,62296300931,128.71916,1991-10-14,1991,10
Jurua_SantosDumont,-6.44,-68.25,62296300931,340.44934,1992-02-03,1992,2
Jurua_SantosDumont,-6.44,-68.25,62296300931,334.16876,1992-05-09,1992,5
Jurua_SantosDumont,-6.44,-68.25,62296300931,68.971535,1992-08-13,1992,8
Jurua_SantosDumont,-6.44,-68.25,62296300931,306.14966,1993-05-12,1993,5
Jurua_SantosDumont,-6.44,-68.25,62296300931,127.06344,1993-07-15,1993,7
Jurua_SantosDumont,-6.44,-68.25,62296300931,113.439865,1993-09-01,1993,9
Jurua_SantosDumont,-6.44,-68.25,62296300931,68.9159,1993-10-03,1993,10
Jurua_SantosDumont,-6.44,-68.25,62296300931,221.36769,1994-07-02,1994,7
Jurua_SantosDumont,-6.44,-68.25,62296300931,240.08505,1994-07-18,1994,7
Jurua_SantosDumont,-6.44,-68.25,62296300931,387.48523,1995-01-10,1995,1
Jurua_SantosDumont,-6.44,-68.25,62296300931,139.7175,1995-07-05,1995,7
Jurua_SantosDumont,-6.44,-68.25,62296300931,269.715,1995-08-22,1995,8
Jurua_SantosDumont,-6.44,-68.25,62296300931,39.14415,1995-09-07,1995,9
Jurua_SantosDumont,-6.44,-68.25,62296300931,38.63655,1995-09-23,1995,9
Jurua_SantosDumont,-6.44,-68.25,62296300931,32.486954,1995-10-09,1995,10
Jurua_SantosDumont,-6.44,-68.25,62296300931,158.3946,1995-10-25,1995,10
Jurua_SantosDumont,-6.44,-68.25,62296300931,492.6565,1995-12-12,1995,12
Jurua_SantosDumont,-6.44,-68.25,62296300931,63.217216,1996-04-02,1996,4
Jurua_SantosDumont,-6.44,-68.25,62296300931,194.57085,1996-05-20,1996,5
Jurua_SantosDumont,-6.44,-68.25,62296300931,145.80954,1996-07-07,1996,7
Jurua_SantosDumont,-6.44,-68.25,62296300931,114.43388,1996-07-23,1996,7
Jurua_SantosDumont,-6.44,-68.25,62296300931,148.7995,1996-08-24,1996,8
Jurua_SantosDumont,-6.44,-68.25,62296300931,170.86116,1996-09-09,1996,9
Jurua_SantosDumont,-6.44,-68.25,62296300931,472.22974,1996-11-28,1996,11
Jurua_SantosDumont,-6.44,-68.25,62296300931,234.86775,1997-07-10,1997,7
Jurua_SantosDumont,-6.44,-68.25,62296300931,39.39647,1997-09-12,1997,9
Jurua_SantosDumont,-6.44,-68.25,62296300931,69.991234,1997-09-28,1997,9
Jurua_SantosDumont,-6.44,-68.25,62296300931,240.53004,1997-10-14,1997,10
Jurua_SantosDumont,-6.44,-68.25,62296300931,203.18643,1998-04-08,1998,4
Jurua_SantosDumont,-6.44,-68.25,62296300931,251.55495,1998-05-26,1998,5
Jurua_SantosDumont,-6.44,-68.25,62296300931,404.17996,1998-06-11,1998,6
Jurua_SantosDumont,-6.44,-68.25,62296300931,122.182884,1998-07-29,1998,7
Jurua_SantosDumont,-6.44,-68.25,62296300931,65.16037,1998-08-14,1998,8
Jurua_SantosDumont,-6.44,-68.25,62296300931,40.643883,1998-09-15,1998,9
Jurua_SantosDumont,-6.44,-68.25,62296300931,44.02417,1998-10-01,1998,10
Jurua_SantosDumont,-6.44,-68.25,62296300931,269.9,1999-03-26,1999,3
Jurua_SantosDumont,-6.44,-68.25,62296300931,270.68228,1999-05-29,1999,5
Jurua_SantosDumont,-6.44,-68.25,62296300931,328.77054,1999-08-01,1999,8
Jurua_SantosDumont,-6.44,-68.25,62296300931,421.2712,1999-08-17,1999,8
Jurua_SantosDumont,-6.44,-68.25,62296300931,128.90027,1999-09-18,1999,9
Jurua_SantosDumont,-6.44,-68.25,62296300931,538.1633,1999-11-21,1999,11
Jurua_SantosDumont,-6.44,-68.25,62296300931,227.59787,2000-07-18,2000,7
Jurua_SantosDumont,-6.44,-68.25,62296300931,164.71042,2000-08-03,2000,8
Jurua_SantosDumont,-6.44,-68.25,62296300931,212.1175,2000-08-19,2000,8
Jurua_SantosDumont,-6.44,-68.25,62296300931,68.727516,2000-09-20,2000,9
Jurua_SantosDumont,-6.44,-68.25,62296300931,267.45935,2001-06-03,2001,6
Jurua_SantosDumont,-6.44,-68.25,62296300931,107.270226,2001-07-21,2001,7
Jurua_SantosDumont,-6.44,-68.25,62296300931,143.45798,2001-08-06,2001,8
Jurua_SantosDumont,-6.44,-68.25,62296300931,71.13766,2001-09-23,2001,9
Jurua_SantosDumont,-6.44,-68.25,62296300931,84.78771,2001-10-09,2001,10
Jurua_SantosDumont,-6.44,-68.25,62296300931,416.46304,2003-07-27,2003,7
Jurua_SantosDumont,-6.44,-68.25,62296300931,104.99629,2003-09-13,2003,9
Jurua_SantosDumont,-6.44,-68.25,62296300931,299.91544,2004-06-11,2004,6
Jurua_SantosDumont,-6.44,-68.25,62296300931,379.11075,2004-09-15,2004,9
Jurua_SantosDumont,-6.44,-68.25,62296300931,393.51855,2004-10-17,2004,10
Jurua_SantosDumont,-6.44,-68.25,62296300931,220.54019,2005-05-13,2005,5
Jurua_SantosDumont,-6.44,-68.25,62296300931,191.11177,2005-07-16,2005,7
Jurua_SantosDumont,-6.44,-68.25,62296300931,39.939083,2005-08-17,2005,8
Jurua_SantosDumont,-6.44,-68.25,62296300931,35.14844,2005-10-04,2005,10
Jurua_SantosDumont,-6.44,-68.25,62296300931,241.1635,2006-05-16,2006,5
Jurua_SantosDumont,-6.44,-68.25,62296300931,139.63814,2006-07-03,2006,7
Jurua_SantosDumont,-6.44,-68.25,62296300931,55.448914,2006-08-04,2006,8
Jurua_SantosDumont,-6.44,-68.25,62296300931,103.25759,2006-08-20,2006,8
Jurua_SantosDumont,-6.44,-68.25,62296300931,34.01835,2006-09-21,2006,9
Jurua_SantosDumont,-6.44,-68.25,62296300931,182.64745,2006-10-23,2006,10
Jurua_SantosDumont,-6.44,-68.25,62296300931,475.41174,2007-06-20,2007,6
Jurua_SantosDumont,-6.44,-68.25,62296300931,120.59051,2007-07-06,2007,7
Jurua_SantosDumont,-6.44,-68.25,62296300931,71.001526,2007-07-22,2007,7
Jurua_SantosDumont,-6.44,-68.25,62296300931,89.040596,2007-09-24,2007,9
Jurua_SantosDumont,-6.44,-68.25,62296300931,131.82397,2008-05-21,2008,5
Jurua_SantosDumont,-6.44,-68.25,62296300931,123.93453,2008-07-08,2008,7
Jurua_SantosDumont,-6.44,-68.25,62296300931,150.05862,2008-07-24,2008,7
Jurua_SantosDumont,-6.44,-68.25,62296300931,45.002327,2008-09-10,2008,9
Jurua_SantosDumont,-6.44,-68.25,62296300931,52.16759,2008-10-12,2008,10
Jurua_SantosDumont,-6.44,-68.25,62296300931,157.65453,2009-04-22,2009,4
Jurua_SantosDumont,-6.44,-68.25,62296300931,186.1104,2009-05-24,2009,5
Jurua_SantosDumont,-6.44,-68.25,62296300931,213.15875,2009-07-11,2009,7
Jurua_SantosDumont,-6.44,-68.25,62296300931,140.56964,2009-08-12,2009,8
Jurua_SantosDumont,-6.44,-68.25,62296300931,143.04024,2009-09-13,2009,9
Jurua_SantosDumont,-6.44,-68.25,62296300931,93.205086,2009-09-29,2009,9
Jurua_SantosDumont,-6.44,-68.25,62296300931,290.93,2009-10-31,2009,10
Jurua_SantosDumont,-6.44,-68.25,62296300931,393.2607,2010-04-09,2010,4
Jurua_SantosDumont,-6.44,-68.25,62296300931,301.34317,2010-05-11,2010,5
Jurua_SantosDumont,-6.44,-68.25,62296300931,228.56915,2010-06-28,2010,6
Jurua_SantosDumont,-6.44,-68.25,62296300931,54.55263,2010-07-30,2010,7
Jurua_SantosDumont,-6.44,-68.25,62296300931,65.6451,2010-09-16,2010,9
Jurua_SantosDumont,-6.44,-68.25,62296300931,71.3608,2011-04-28,2011,4
Jurua_SantosDumont,-6.44,-68.25,62296300931,196.28116,2011-06-15,2011,6
Jurua_SantosDumont,-6.44,-68.25,62296300931,178.04451,2011-07-01,2011,7
Jurua_SantosDumont,-6.44,-68.25,62296300931,31.533749,2011-08-18,2011,8
Jurua_SantosDumont,-6.44,-68.25,62296300931,312.4735,1999-07-08,1999,7
Jurua_SantosDumont,-6.44,-68.25,62296300931,209.17265,1999-07-24,1999,7
Jurua_SantosDumont,-6.44,-68.25,62296300931,309.51804,1999-08-09,1999,8
Jurua_SantosDumont,-6.44,-68.25,62296300931,163.43419,1999-08-25,1999,8
Jurua_SantosDumont,-6.44,-68.25,62296300931,65.90384,1999-09-10,1999,9
Jurua_SantosDumont,-6.44,-68.25,62296300931,101.01923,1999-09-26,1999,9
Jurua_SantosDumont,-6.44,-68.25,62296300931,278.38885,1999-10-28,1999,10
Jurua_SantosDumont,-6.44,-68.25,62296300931,603.56433,1999-11-13,1999,11
Jurua_SantosDumont,-6.44,-68.25,62296300931,108.54855,2000-07-26,2000,7
Jurua_SantosDumont,-6.44,-68.25,62296300931,215.26125,2001-05-26,2001,5
Jurua_SantosDumont,-6.44,-68.25,62296300931,153.03537,2001-07-13,2001,7
Jurua_SantosDumont,-6.44,-68.25,62296300931,47.06507,2001-10-01,2001,10
Jurua_SantosDumont,-6.44,-68.25,62296300931,252.10449,2001-12-04,2001,12
Jurua_SantosDumont,-6.44,-68.25,62296300931,126.30579,2002-01-05,2002,1
Jurua_SantosDumont,-6.44,-68.25,62296300931,250.44392,2002-06-30,2002,6
Jurua_SantosDumont,-6.44,-68.25,62296300931,153.79192,2002-10-04,2002,10
Jurua_SantosDumont,-6.44,-68.25,62296300931,87.46707,2002-10-20,2002,10
Jurua_SantosDumont,-6.44,-68.25,62296300931,284.6806,2002-11-21,2002,11
Jurua_SantosDumont,-6.44,-68.25,62296300931,229.20798,2002-12-07,2002,12
Jurua_SantosDumont,-6.44,-68.25,62296300931,287.1614,2002-12-23,2002,12
Jurua_SantosDumont,-6.44,-68.25,62296300931,159.84344,2003-05-16,2003,5
Jurua_SantosDumont,-6.44,-68.25,62296300931,55.14636,2003-09-21,2003,9
Jurua_SantosDumont,-6.44,-68.25,62296300931,435.78375,2003-11-08,2003,11
Jurua_SantosDumont,-6.44,-68.25,62296300931,228.3671,2004-06-19,2004,6
Jurua_SantosDumont,-6.44,-68.25,62296300931,225.41583,2004-08-22,2004,8
Jurua_SantosDumont,-6.44,-68.25,62296300931,276.12067,2004-09-23,2004,9
Jurua_SantosDumont,-6.44,-68.25,62296300931,140.332,2004-10-09,2004,10
Jurua_SantosDumont,-6.44,-68.25,62296300931,134.53763,2005-06-06,2005,6
Jurua_SantosDumont,-6.44,-68.25,62296300931,105.87348,2005-07-08,2005,7
Jurua_SantosDumont,-6.44,-68.25,62296300931,82.306274,2005-08-09,2005,8
Jurua_SantosDumont,-6.44,-68.25,62296300931,28.600857,2005-09-10,2005,9
Jurua_SantosDumont,-6.44,-68.25,62296300931,32.394638,2005-09-26,2005,9
Jurua_SantosDumont,-6.44,-68.25,62296300931,36.29636,2005-10-12,2005,10
Jurua_SantosDumont,-6.44,-68.25,62296300931,150.04816,2006-06-09,2006,6
Jurua_SantosDumont,-6.44,-68.25,62296300931,183.00204,2006-06-25,2006,6
Jurua_SantosDumont,-6.44,-68.25,62296300931,118.665924,2006-07-11,2006,7
Jurua_SantosDumont,-6.44,-68.25,62296300931,29.994087,2006-07-27,2006,7
Jurua_SantosDumont,-6.44,-68.25,62296300931,71.519936,2006-08-12,2006,8
Jurua_SantosDumont,-6.44,-68.25,62296300931,26.049013,2006-08-28,2006,8
Jurua_SantosDumont,-6.44,-68.25,62296300931,36.016144,2006-09-13,2006,9
Jurua_SantosDumont,-6.44,-68.25,62296300931,26.343891,2006-09-29,2006,9
Jurua_SantosDumont,-6.44,-68.25,62296300931,181.6129,2006-10-31,2006,10
Jurua_SantosDumont,-6.44,-68.25,62296300931,318.23035,2007-06-12,2007,6
Jurua_SantosDumont,-6.44,-68.25,62296300931,172.78116,2007-06-28,2007,6
Jurua_SantosDumont,-6.44,-68.25,62296300931,87.47723,2007-07-30,2007,7
Jurua_SantosDumont,-6.44,-68.25,62296300931,118.10252,2007-08-15,2007,8
Jurua_SantosDumont,-6.44,-68.25,62296300931,77.54868,2007-09-16,2007,9
Jurua_SantosDumont,-6.44,-68.25,62296300931,148.0697,2008-06-30,2008,6
Jurua_SantosDumont,-6.44,-68.25,62296300931,83.00736,2008-08-01,2008,8
Jurua_SantosDumont,-6.44,-68.25,62296300931,74.44156,2008-09-02,2008,9
Jurua_SantosDumont,-6.44,-68.25,62296300931,189.18282,2009-07-19,2009,7
Jurua_SantosDumont,-6.44,-68.25,62296300931,168.93256,2009-08-20,2009,8
Jurua_SantosDumont,-6.44,-68.25,62296300931,105.83501,2009-09-05,2009,9
Jurua_SantosDumont,-6.44,-68.25,62296300931,244.82564,2009-11-08,2009,11
Jurua_SantosDumont,-6.44,-68.25,62296300931,352.30524,2010-02-12,2010,2
Jurua_SantosDumont,-6.44,-68.25,62296300931,39.10599,2010-07-22,2010,7
Jurua_SantosDumont,-6.44,-68.25,62296300931,100.31341,2010-08-07,2010,8
Jurua_SantosDumont,-6.44,-68.25,62296300931,27.852911,2010-08-23,2010,8
Jurua_SantosDumont,-6.44,-68.25,62296300931,259.69025,2010-12-29,2010,12
Jurua_SantosDumont,-6.44,-68.25,62296300931,244.09155,2011-06-23,2011,6
Jurua_SantosDumont,-6.44,-68.25,62296300931,106.14043,2011-07-25,2011,7
Jurua_SantosDumont,-6.44,-68.25,62296300931,36.147015,2011-08-10,2011,8
Jurua_SantosDumont,-6.44,-68.25,62296300931,81.05076,2011-08-26,2011,8
Jurua_SantosDumont,-6.44,-68.25,62296300931,312.5358,2011-10-29,2011,10
Jurua_SantosDumont,-6.44,-68.25,62296300931,152.13823,2011-11-14,2011,11
Jurua_SantosDumont,-6.44,-68.25,62296300931,128.2228,2012-04-22,2012,4
Jurua_SantosDumont,-6.44,-68.25,62296300931,130.40005,2012-07-11,2012,7
Jurua_SantosDumont,-6.44,-68.25,62296300931,70.54065,2012-08-12,2012,8
Jurua_SantosDumont,-6.44,-68.25,62296300931,58.912754,2012-08-28,2012,8
Jurua_SantosDumont,-6.44,-68.25,62296300931,59.10954,2012-09-13,2012,9
Jurua_SantosDumont,-6.44,-68.25,62296300931,92.566284,2012-10-15,2012,10
Jurua_SantosDumont,-6.44,-68.25,62296300931,52.01614,2013-03-24,2013,3
Jurua_SantosDumont,-6.44,-68.25,62296300931,202.69823,2013-06-28,2013,6
Jurua_SantosDumont,-6.44,-68.25,62296300931,160.49728,2013-07-14,2013,7
Jurua_SantosDumont,-6.44,-68.25,62296300931,175.54321,2013-07-30,2013,7
Jurua_SantosDumont,-6.44,-68.25,62296300931,118.48093,2013-08-15,2013,8
Jurua_SantosDumont,-6.44,-68.25,62296300931,120.99873,2013-08-31,2013,8
Jurua_SantosDumont,-6.44,-68.25,62296300931,77.89482,2013-10-02,2013,10
Jurua_SantosDumont,-6.44,-68.25,62296300931,222.37622,2014-04-12,2014,4
Jurua_SantosDumont,-6.44,-68.25,62296300931,209.06383,2014-05-14,2014,5
Jurua_SantosDumont,-6.44,-68.25,62296300931,266.0988,2014-06-15,2014,6
Jurua_SantosDumont,-6.44,-68.25,62296300931,108.530556,2014-08-02,2014,8
Jurua_SantosDumont,-6.44,-68.25,62296300931,92.53474,2014-08-18,2014,8
Jurua_SantosDumont,-6.44,-68.25,62296300931,61.116932,2014-09-03,2014,9
Jurua_SantosDumont,-6.44,-68.25,62296300931,44.577927,2014-09-19,2014,9
Jurua_SantosDumont,-6.44,-68.25,62296300931,120.574356,2015-06-02,2015,6
Jurua_SantosDumont,-6.44,-68.25,62296300931,428.7085,2015-07-04,2015,7
Jurua_SantosDumont,-6.44,-68.25,62296300931,197.90807,2015-07-20,2015,7
Jurua_SantosDumont,-6.44,-68.25,62296300931,141.04077,2015-08-21,2015,8
Jurua_SantosDumont,-6.44,-68.25,62296300931,104.35739,2015-09-06,2015,9
Jurua_SantosDumont,-6.44,-68.25,62296300931,78.62968,2015-09-22,2015,9
Jurua_SantosDumont,-6.44,-68.25,62296300931,62.559002,2015-10-08,2015,10
Jurua_SantosDumont,-6.44,-68.25,62296300931,171.80042,2015-11-25,2015,11
Jurua_SantosDumont,-6.44,-68.25,62296300931,196.14383,2015-12-11,2015,12
Jurua_SantosDumont,-6.44,-68.25,62296300931,168.26826,2016-02-13,2016,2
Jurua_SantosDumont,-6.44,-68.25,62296300931,184.72849,2016-06-20,2016,6
Jurua_SantosDumont,-6.44,-68.25,62296300931,30.435375,2016-07-22,2016,7
Jurua_SantosDumont,-6.44,-68.25,62296300931,34.5063,2016-08-07,2016,8
Jurua_SantosDumont,-6.44,-68.25,62296300931,35.637547,2016-08-23,2016,8
Jurua_SantosDumont,-6.44,-68.25,62296300931,39.653423,2016-09-08,2016,9
Jurua_SantosDumont,-6.44,-68.25,62296300931,262.35223,2016-10-26,2016,10
Jurua_SantosDumont,-6.44,-68.25,62296300931,488.71234,2016-11-11,2016,11
Jurua_SantosDumont,-6.44,-68.25,62296300931,276.19498,2017-06-23,2017,6
Jurua_SantosDumont,-6.44,-68.25,62296300931,124.17044,2017-07-09,2017,7
Jurua_SantosDumont,-6.44,-68.25,62296300931,82.60487,2017-07-25,2017,7
Jurua_SantosDumont,-6.44,-68.25,62296300931,28.038074,2017-08-10,2017,8
Jurua_SantosDumont,-6.44,-68.25,62296300931,50.408752,2017-08-26,2017,8
Jurua_SantosDumont,-6.44,-68.25,62296300931,42.775135,2017-09-11,2017,9
Jurua_SantosDumont,-6.44,-68.25,62296300931,132.61086,2017-09-27,2017,9
Jurua_SantosDumont,-6.44,-68.25,62296300931,28.567238,2017-10-13,2017,10
Jurua_SantosDumont,-6.44,-68.25,62296300931,191.45432,2018-05-25,2018,5
Jurua_SantosDumont,-6.44,-68.25,62296300931,168.04349,2018-06-26,2018,6
Jurua_SantosDumont,-6.44,-68.25,62296300931,23.346197,2018-07-28,2018,7
Jurua_SantosDumont,-6.44,-68.25,62296300931,50.1985,2018-08-13,2018,8
Jurua_SantosDumont,-6.44,-68.25,62296300931,105.30836,2018-08-29,2018,8
Jurua_SantosDumont,-6.44,-68.25,62296300931,120.72663,2018-09-14,2018,9
Jurua_SantosDumont,-6.44,-68.25,62296300931,28.989187,2018-09-30,2018,9
Jurua_SantosDumont,-6.44,-68.25,62296300931,72.95707,2018-10-16,2018,10
Jurua_SantosDumont,-6.44,-68.25,62296300931,440.79272,2018-11-01,2018,11
Jurua_SantosDumont,-6.44,-68.25,62296300931,241.38855,2019-01-20,2019,1
Jurua_SantosDumont,-6.44,-68.25,62296300931,99.521286,2019-03-25,2019,3
Jurua_SantosDumont,-6.44,-68.25,62296300931,274.80292,2019-05-28,2019,5
Jurua_SantosDumont,-6.44,-68.25,62296300931,71.30688,2019-07-15,2019,7
Jurua_SantosDumont,-6.44,-68.25,62296300931,126.87287,2019-07-31,2019,7
Jurua_SantosDumont,-6.44,-68.25,62296300931,45.952618,2019-09-01,2019,9
Jurua_SantosDumont,-6.44,-68.25,62296300931,25.340805,2019-09-17,2019,9
Jurua_SantosDumont,-6.44,-68.25,62296300931,330.42365,2020-01-07,2020,1
Jurua_SantosDumont,-6.44,-68.25,62296300931,354.06305,2020-01-23,2020,1
Jurua_SantosDumont,-6.44,-68.25,62296300931,268.90482,2020-05-30,2020,5
Jurua_SantosDumont,-6.44,-68.25,62296300931,70.08646,2020-07-17,2020,7
Jurua_SantosDumont,-6.44,-68.25,62296300931,129.02458,2020-08-02,2020,8
Jurua_SantosDumont,-6.44,-68.25,62296300931,82.08012,2020-08-18,2020,8
Jurua_SantosDumont,-6.44,-68.25,62296300931,63.98402,2020-09-03,2020,9
Jurua_SantosDumont,-6.44,-68.25,62296300931,85.70096,2020-09-19,2020,9
Jurua_SantosDumont,-6.44,-68.25,62296300931,61.52786,2020-11-22,2020,11
Jurua_SantosDumont,-6.44,-68.25,62296300931,201.93143,2021-01-09,2021,1
Jurua_SantosDumont,-6.44,-68.25,62296300931,67.22102,2021-04-15,2021,4
Jurua_SantosDumont,-6.44,-68.25,62296300931,147.1061,2021-07-04,2021,7
Jurua_SantosDumont,-6.44,-68.25,62296300931,99.93398,2021-07-20,2021,7
Jurua_SantosDumont,-6.44,-68.25,62296300931,49.535507,2021-08-05,2021,8
Jurua_SantosDumont,-6.44,-68.25,62296300931,48.28433,2021-08-21,2021,8
Jurua_SantosDumont,-6.44,-68.25,62296300931,28.180027,2021-09-06,2021,9
Jurua_SantosDumont,-6.44,-68.25,62296300931,314.0857,2013-06-04,2013,6
Jurua_SantosDumont,-6.44,-68.25,62296300931,231.36702,2013-07-06,2013,7
Jurua_SantosDumont,-6.44,-68.25,62296300931,166.60756,2013-08-07,2013,8
Jurua_SantosDumont,-6.44,-68.25,62296300931,511.05707,2013-12-13,2013,12
Jurua_SantosDumont,-6.44,-68.25,62296300931,142.46924,2014-05-06,2014,5
Jurua_SantosDumont,-6.44,-68.25,62296300931,87.519905,2014-07-25,2014,7
Jurua_SantosDumont,-6.44,-68.25,62296300931,122.13266,2014-08-10,2014,8
Jurua_SantosDumont,-6.44,-68.25,62296300931,99.284996,2014-08-26,2014,8
Jurua_SantosDumont,-6.44,-68.25,62296300931,173.21822,2015-06-10,2015,6
Jurua_SantosDumont,-6.44,-68.25,62296300931,209.98575,2015-06-26,2015,6
Jurua_SantosDumont,-6.44,-68.25,62296300931,126.49509,2015-07-28,2015,7
Jurua_SantosDumont,-6.44,-68.25,62296300931,68.080574,2015-09-30,2015,9
Jurua_SantosDumont,-6.44,-68.25,62296300931,74.67509,2015-10-16,2015,10
Jurua_SantosDumont,-6.44,-68.25,62296300931,210.85905,2015-11-17,2015,11
Jurua_SantosDumont,-6.44,-68.25,62296300931,424.8096,2015-12-03,2015,12
Jurua_SantosDumont,-6.44,-68.25,62296300931,298.32538,2016-03-24,2016,3
Jurua_SantosDumont,-6.44,-68.25,62296300931,300.6543,2016-04-25,2016,4
Jurua_SantosDumont,-6.44,-68.25,62296300931,226.63608,2016-06-28,2016,6
Jurua_SantosDumont,-6.44,-68.25,62296300931,76.92994,2016-07-14,2016,7
Jurua_SantosDumont,-6.44,-68.25,62296300931,41.427658,2016-07-30,2016,7
Jurua_SantosDumont,-6.44,-68.25,62296300931,53.828243,2016-08-15,2016,8
Jurua_SantosDumont,-6.44,-68.25,62296300931,420.7685,2016-10-18,2016,10
Jurua_SantosDumont,-6.44,-68.25,62296300931,74.54709,2017-03-27,2017,3
Jurua_SantosDumont,-6.44,-68.25,62296300931,234.12997,2017-06-15,2017,6
Jurua_SantosDumont,-6.44,-68.25,62296300931,163.32494,2017-07-01,2017,7
Jurua_SantosDumont,-6.44,-68.25,62296300931,50.44913,2017-08-02,2017,8
Jurua_SantosDumont,-6.44,-68.25,62296300931,45.48125,2017-09-03,2017,9
Jurua_SantosDumont,-6.44,-68.25,62296300931,14.421044,2017-09-19,2017,9
Jurua_SantosDumont,-6.44,-68.25,62296300931,195.41566,2018-07-04,2018,7
Jurua_SantosDumont,-6.44,-68.25,62296300931,142.62434,2018-09-06,2018,9
Jurua_SantosDumont,-6.44,-68.25,62296300931,87.40328,2019-07-23,2019,7
Jurua_SantosDumont,-6.44,-68.25,62296300931,115.085754,2019-08-24,2019,8
Jurua_SantosDumont,-6.44,-68.25,62296300931,30.517096,2019-09-09,2019,9
Jurua_SantosDumont,-6.44,-68.25,62296300931,39.38995,2019-09-25,2019,9
Jurua_SantosDumont,-6.44,-68.25,62296300931,307.8661,2020-06-23,2020,6
Jurua_SantosDumont,-6.44,-68.25,62296300931,307.80338,2020-07-09,2020,7
Jurua_SantosDumont,-6.44,-68.25,62296300931,111.148094,2020-08-10,2020,8
Jurua_SantosDumont,-6.44,-68.25,62296300931,114.96988,2020-08-26,2020,8
Jurua_SantosDumont,-6.44,-68.25,62296300931,35.221397,2020-09-27,2020,9
Jurua_SantosDumont,-6.44,-68.25,62296300931,141.21999,2020-10-13,2020,10
Jurua_SantosDumont,-6.44,-68.25,62296300931,249.32246,2020-11-14,2020,11
Jurua_SantosDumont,-6.44,-68.25,62296300931,306.4927,2021-01-17,2021,1
Jurua_SantosDumont,-6.44,-68.25,62296300931,180.4119,2021-06-10,2021,6
Jurua_SantosDumont,-6.44,-68.25,62296300931,104.24179,2021-06-26,2021,6
Jurua_SantosDumont,-6.44,-68.25,62296300931,92.87855,2021-07-28,2021,7
Jurua_SantosDumont,-6.44,-68.25,62296300931,90.00397,2021-08-13,2021,8
Jurua_SantosDumont,-6.44,-68.25,62296300931,40.196873,2021-09-14,2021,9
Jurua_SantosDumont,-6.44,-68.25,62296300931,131.85141,2021-09-30,2021,9
Jurua_SantosDumont,-6.44,-68.25,62296300931,155.52924,2021-11-26,2021,11
Jurua_SantosDumont,-6.44,-68.25,62296300931,157.10962,2021-11-26,2021,11
Jurua_SantosDumont,-6.44,-68.25,62296300931,108.38658,2021-10-24,2021,10
Jurua_SantosDumont,-6.44,-68.25,62296300931,318.36838,2021-11-01,2021,11
Mamore_Guajara-Mirim,-10.79,-65.35,62267500061,81.798904,1984-06-15,1984,6
Mamore_Guajara-Mirim,-10.79,-65.35,62267500061,119.56388,1984-07-01,1984,7
Mamore_Guajara-Mirim,-10.79,-65.35,62267500061,186.73509,1984-08-02,1984,8
Mamore_Guajara-Mirim,-10.79,-65.35,62267500061,154.00609,1985-02-26,1985,2
Mamore_Guajara-Mirim,-10.79,-65.35,62267500061,121.79734,1985-05-17,1985,5
Mamore_Guajara-Mirim,-10.79,-65.35,62267500061,76.906,1985-06-02,1985,6
Mamore_Guajara-Mirim,-10.79,-65.35,62267500061,111.030205,1985-06-18,1985,6
Mamore_Guajara-Mirim,-10.79,-65.35,62267500061,200.94777,1985-09-22,1985,9
Mamore_Guajara-Mirim,-10.79,-65.35,62267500061,165.19942,1986-05-20,1986,5
Mamore_Guajara-Mirim,-10.79,-65.35,62267500061,164.97067,1986-06-21,1986,6
Mamore_Guajara-Mirim,-10.79,-65.35,62267500061,223.40283,1986-07-07,1986,7
Mamore_Guajara-Mirim,-10.79,-65.35,62267500061,210.75293,1986-07-23,1986,7
Mamore_Guajara-Mirim,-10.79,-65.35,62267500061,244.7168,1986-08-08,1986,8
Mamore_Guajara-Mirim,-10.79,-65.35,62267500061,205.87411,1986-08-24,1986,8
Mamore_Guajara-Mirim,-10.79,-65.35,62267500061,418.51337,1986-09-25,1986,9
Mamore_Guajara-Mirim,-10.79,-65.35,62267500061,260.62488,1986-10-27,1986,10
Mamore_Guajara-Mirim,-10.79,-65.35,62267500061,321.00156,1987-03-20,1987,3
Mamore_Guajara-Mirim,-10.79,-65.35,62267500061,320.98166,1987-04-05,1987,4
Mamore_Guajara-Mirim,-10.79,-65.35,62267500061,260.5937,1987-05-23,1987,5
Mamore_Guajara-Mirim,-10.79,-65.35,62267500061,197.78218,1987-07-10,1987,7
Mamore_Guajara-Mirim,-10.79,-65.35,62267500061,134.36086,1987-08-11,1987,8
Mamore_Guajara-Mirim,-10.79,-65.35,62267500061,24.436842,1987-10-30,1987,10
Mamore_Guajara-Mirim,-10.79,-65.35,62267500061,333.44583,1988-01-18,1988,1
Mamore_Guajara-Mirim,-10.79,-65.35,62267500061,286.21332,1988-03-06,1988,3
Mamore_Guajara-Mirim,-10.79,-65.35,62267500061,214.88531,1988-04-07,1988,4
Mamore_Guajara-Mirim,-10.79,-65.35,62267500061,135.841,1988-07-12,1988,7
Mamore_Guajara-Mirim,-10.79,-65.35,62267500061,71.35833,1988-07-28,1988,7
Mamore_Guajara-Mirim,-10.79,-65.35,62267500061,33.81806,1988-08-13,1988,8
Mamore_Guajara-Mirim,-10.79,-65.35,62267500061,13.864695,1988-09-14,1988,9
Mamore_Guajara-Mirim,-10.79,-65.35,62267500061,9.784558,1988-09-30,1988,9
Mamore_Guajara-Mirim,-10.79,-65.35,62267500061,23.180767,1988-10-16,1988,10
Mamore_Guajara-Mirim,-10.79,-65.35,62267500061,567.4894,1989-02-21,1989,2
Mamore_Guajara-Mirim,-10.79,-65.35,62267500061,112.59959,1989-05-28,1989,5
Mamore_Guajara-Mirim,-10.79,-65.35,62267500061,126.50815,1989-06-13,1989,6
Mamore_Guajara-Mirim,-10.79,-65.35,62267500061,151.57542,1989-07-15,1989,7
Mamore_Guajara-Mirim,-10.79,-65.35,62267500061,103.769196,1989-08-16,1989,8
Mamore_Guajara-Mirim,-10.79,-65.35,62267500061,236.64552,1989-09-17,1989,9
Mamore_Guajara-Mirim,-10.79,-65.35,62267500061,141.33577,1989-10-19,1989,10
Mamore_Guajara-Mirim,-10.79,-65.35,62267500061,125.16473,1989-11-20,1989,11
Mamore_Guajara-Mirim,-10.79,-65.35,62267500061,331.02423,1990-03-12,1990,3
Mamore_Guajara-Mirim,-10.79,-65.35,62267500061,173.52518,1990-04-13,1990,4
Mamore_Guajara-Mirim,-10.79,-65.35,62267500061,505.55676,1990-04-29,1990,4
Mamore_Guajara-Mirim,-10.79,-65.35,62267500061,252.91307,1990-05-15,1990,5
Mamore_Guajara-Mirim,-10.79,-65.35,62267500061,266.36594,1990-07-02,1990,7
Mamore_Guajara-Mirim,-10.79,-65.35,62267500061,185.70164,1990-08-19,1990,8
Mamore_Guajara-Mirim,-10.79,-65.35,62267500061,167.3069,1990-09-20,1990,9
Mamore_Guajara-Mirim,-10.79,-65.35,62267500061,108.26907,1990-10-06,1990,10
Mamore_Guajara-Mirim,-10.79,-65.35,62267500061,213.3757,1990-10-22,1990,10
Mamore_Guajara-Mirim,-10.79,-65.35,62267500061,223.23671,1991-04-16,1991,4
Mamore_Guajara-Mirim,-10.79,-65.35,62267500061,356.9662,1991-05-18,1991,5
Mamore_Guajara-Mirim,-10.79,-65.35,62267500061,154.99022,1991-06-03,1991,6
Mamore_Guajara-Mirim,-10.79,-65.35,62267500061,84.816925,1991-06-19,1991,6
Mamore_Guajara-Mirim,-10.79,-65.35,62267500061,415.3707,1991-07-05,1991,7
Mamore_Guajara-Mirim,-10.79,-65.35,62267500061,365.62747,1991-07-21,1991,7
Mamore_Guajara-Mirim,-10.79,-65.35,62267500061,223.44147,1991-08-06,1991,8
Mamore_Guajara-Mirim,-10.79,-65.35,62267500061,95.37171,1991-10-09,1991,10
Mamore_Guajara-Mirim,-10.79,-65.35,62267500061,152.18132,1992-06-21,1992,6
Mamore_Guajara-Mirim,-10.79,-65.35,62267500061,269.3664,1992-07-23,1992,7
Mamore_Guajara-Mirim,-10.79,-65.35,62267500061,323.9166,1992-08-24,1992,8
Mamore_Guajara-Mirim,-10.79,-65.35,62267500061,367.88452,1993-02-16,1993,2
Mamore_Guajara-Mirim,-10.79,-65.35,62267500061,89.17461,1993-04-21,1993,4
Mamore_Guajara-Mirim,-10.79,-65.35,62267500061,81.45294,1993-05-07,1993,5
Mamore_Guajara-Mirim,-10.79,-65.35,62267500061,156.57,1993-07-10,1993,7
Mamore_Guajara-Mirim,-10.79,-65.35,62267500061,202.85999,1993-07-26,1993,7
Mamore_Guajara-Mirim,-10.79,-65.35,62267500061,144.45071,1993-08-27,1993,8
Mamore_Guajara-Mirim,-10.79,-65.35,62267500061,188.18552,1994-05-26,1994,5
Mamore_Guajara-Mirim,-10.79,-65.35,62267500061,195.71251,1994-06-11,1994,6
Mamore_Guajara-Mirim,-10.79,-65.35,62267500061,212.14485,1994-06-27,1994,6
Mamore_Guajara-Mirim,-10.79,-65.35,62267500061,236.57993,1994-07-13,1994,7
Mamore_Guajara-Mirim,-10.79,-65.35,62267500061,204.9249,1994-07-29,1994,7
Mamore_Guajara-Mirim,-10.79,-65.35,62267500061,112.24952,1994-08-14,1994,8
Mamore_Guajara-Mirim,-10.79,-65.35,62267500061,173.01456,1994-10-17,1994,10
Mamore_Guajara-Mirim,-10.79,-65.35,62267500061,324.17773,1995-03-26,1995,3
Mamore_Guajara-Mirim,-10.79,-65.35,62267500061,351.94434,1995-04-27,1995,4
Mamore_Guajara-Mirim,-10.79,-65.35,62267500061,172.90858,1995-05-29,1995,5
Mamore_Guajara-Mirim,-10.79,-65.35,62267500061,93.351875,1995-06-14,1995,6
Mamore_Guajara-Mirim,-10.79,-65.35,62267500061,130.06082,1995-06-30,1995,6
Mamore_Guajara-Mirim,-10.79,-65.35,62267500061,69.85489,1995-07-16,1995,7
Mamore_Guajara-Mirim,-10.79,-65.35,62267500061,96.27076,1995-08-01,1995,8
Mamore_Guajara-Mirim,-10.79,-65.35,62267500061,15.749078,1995-09-18,1995,9
Mamore_Guajara-Mirim,-10.79,-65.35,62267500061,8.809371,1995-10-04,1995,10
Mamore_Guajara-Mirim,-10.79,-65.35,62267500061,27.462534,1995-10-20,1995,10
Mamore_Guajara-Mirim,-10.79,-65.35,62267500061,187.80809,1995-12-23,1995,12
Mamore_Guajara-Mirim,-10.79,-65.35,62267500061,162.86946,1996-05-31,1996,5
Mamore_Guajara-Mirim,-10.79,-65.35,62267500061,57.85751,1996-07-18,1996,7
Mamore_Guajara-Mirim,-10.79,-65.35,62267500061,44.10205,1996-08-03,1996,8
Mamore_Guajara-Mirim,-10.79,-65.35,62267500061,9.395581,1996-09-04,1996,9
Mamore_Guajara-Mirim,-10.79,-65.35,62267500061,5.4266596,1996-09-20,1996,9
Mamore_Guajara-Mirim,-10.79,-65.35,62267500061,530.98724,1996-11-23,1996,11
Mamore_Guajara-Mirim,-10.79,-65.35,62267500061,37.53054,1997-05-02,1997,5
Mamore_Guajara-Mirim,-10.79,-65.35,62267500061,144.64497,1997-06-19,1997,6
Mamore_Guajara-Mirim,-10.79,-65.35,62267500061,57.449394,1997-09-23,1997,9
Mamore_Guajara-Mirim,-10.79,-65.35,62267500061,10.185775,1997-10-09,1997,10
Mamore_Guajara-Mirim,-10.79,-65.35,62267500061,93.301926,1997-10-25,1997,10
Mamore_Guajara-Mirim,-10.79,-65.35,62267500061,367.83786,1997-11-10,1997,11
Mamore_Guajara-Mirim,-10.79,-65.35,62267500061,135.25523,1998-07-08,1998,7
Mamore_Guajara-Mirim,-10.79,-65.35,62267500061,191.75052,1998-07-24,1998,7
Mamore_Guajara-Mirim,-10.79,-65.35,62267500061,252.01205,1998-11-29,1998,11
Mamore_Guajara-Mirim,-10.79,-65.35,62267500061,358.2153,1999-02-17,1999,2
Mamore_Guajara-Mirim,-10.79,-65.35,62267500061,154.83398,1999-07-11,1999,7
Mamore_Guajara-Mirim,-10.79,-65.35,62267500061,107.117516,1999-07-27,1999,7
Mamore_Guajara-Mirim,-10.79,-65.35,62267500061,86.11728,1999-08-12,1999,8
Mamore_Guajara-Mirim,-10.79,-65.35,62267500061,5.612632,1999-09-29,1999,9
Mamore_Guajara-Mirim,-10.79,-65.35,62267500061,182.96136,2000-05-26,2000,5
Mamore_Guajara-Mirim,-10.79,-65.35,62267500061,63.228775,2000-06-11,2000,6
Mamore_Guajara-Mirim,-10.79,-65.35,62267500061,228.36885,2000-06-27,2000,6
Mamore_Guajara-Mirim,-10.79,-65.35,62267500061,151.36395,2000-07-13,2000,7
Mamore_Guajara-Mirim,-10.79,-65.35,62267500061,501.25113,2000-07-29,2000,7
Mamore_Guajara-Mirim,-10.79,-65.35,62267500061,113.15444,2000-08-14,2000,8
Mamore_Guajara-Mirim,-10.79,-65.35,62267500061,52.76978,2000-08-30,2000,8
Mamore_Guajara-Mirim,-10.79,-65.35,62267500061,111.3096,2000-10-01,2000,10
Mamore_Guajara-Mirim,-10.79,-65.35,62267500061,266.25323,2001-04-27,2001,4
Mamore_Guajara-Mirim,-10.79,-65.35,62267500061,129.00851,2001-05-29,2001,5
Mamore_Guajara-Mirim,-10.79,-65.35,62267500061,304.00424,2001-06-30,2001,6
Mamore_Guajara-Mirim,-10.79,-65.35,62267500061,172.97278,2001-08-01,2001,8
Mamore_Guajara-Mirim,-10.79,-65.35,62267500061,125.181496,2001-08-17,2001,8
Mamore_Guajara-Mirim,-10.79,-65.35,62267500061,28.14928,2001-09-02,2001,9
Mamore_Guajara-Mirim,-10.79,-65.35,62267500061,34.882065,2001-09-18,2001,9
Mamore_Guajara-Mirim,-10.79,-65.35,62267500061,250.2287,2002-01-24,2002,1
Mamore_Guajara-Mirim,-10.79,-65.35,62267500061,117.093605,2003-07-22,2003,7
Mamore_Guajara-Mirim,-10.79,-65.35,62267500061,41.22411,2003-08-23,2003,8
Mamore_Guajara-Mirim,-10.79,-65.35,62267500061,7.2111607,2003-09-24,2003,9
Mamore_Guajara-Mirim,-10.79,-65.35,62267500061,210.28072,2004-04-03,2004,4
Mamore_Guajara-Mirim,-10.79,-65.35,62267500061,159.6867,2004-06-22,2004,6
Mamore_Guajara-Mirim,-10.79,-65.35,62267500061,141.95062,2004-07-24,2004,7
Mamore_Guajara-Mirim,-10.79,-65.35,62267500061,172.72179,2004-08-09,2004,8
Mamore_Guajara-Mirim,-10.79,-65.35,62267500061,52.193344,2004-09-26,2004,9
Mamore_Guajara-Mirim,-10.79,-65.35,62267500061,306.07858,2005-04-06,2005,4
Mamore_Guajara-Mirim,-10.79,-65.35,62267500061,186.56673,2005-05-24,2005,5
Mamore_Guajara-Mirim,-10.79,-65.35,62267500061,283.91428,2005-06-09,2005,6
Mamore_Guajara-Mirim,-10.79,-65.35,62267500061,252.61722,2005-07-11,2005,7
Mamore_Guajara-Mirim,-10.79,-65.35,62267500061,123.704575,2005-07-27,2005,7
Mamore_Guajara-Mirim,-10.79,-65.35,62267500061,165.17177,2005-08-12,2005,8
Mamore_Guajara-Mirim,-10.79,-65.35,62267500061,34.037086,2005-08-28,2005,8
Mamore_Guajara-Mirim,-10.79,-65.35,62267500061,15.538406,2005-09-13,2005,9
Mamore_Guajara-Mirim,-10.79,-65.35,62267500061,12.141761,2005-09-29,2005,9
Mamore_Guajara-Mirim,-10.79,-65.35,62267500061,149.19646,2006-05-11,2006,5
Mamore_Guajara-Mirim,-10.79,-65.35,62267500061,159.2253,2006-05-27,2006,5
Mamore_Guajara-Mirim,-10.79,-65.35,62267500061,111.94416,2006-06-28,2006,6
Mamore_Guajara-Mirim,-10.79,-65.35,62267500061,64.98652,2006-07-14,2006,7
Mamore_Guajara-Mirim,-10.79,-65.35,62267500061,22.174036,2006-08-31,2006,8
Mamore_Guajara-Mirim,-10.79,-65.35,62267500061,253.87973,2006-11-19,2006,11
Mamore_Guajara-Mirim,-10.79,-65.35,62267500061,65.35806,2007-04-12,2007,4
Mamore_Guajara-Mirim,-10.79,-65.35,62267500061,55.097576,2007-05-14,2007,5
Mamore_Guajara-Mirim,-10.79,-65.35,62267500061,115.94006,2007-06-15,2007,6
Mamore_Guajara-Mirim,-10.79,-65.35,62267500061,126.761826,2007-07-01,2007,7
Mamore_Guajara-Mirim,-10.79,-65.35,62267500061,100.24933,2007-07-17,2007,7
Mamore_Guajara-Mirim,-10.79,-65.35,62267500061,109.23187,2007-08-02,2007,8
Mamore_Guajara-Mirim,-10.79,-65.35,62267500061,134.68921,2007-08-18,2007,8
Mamore_Guajara-Mirim,-10.79,-65.35,62267500061,95.01817,2007-09-03,2007,9
Mamore_Guajara-Mirim,-10.79,-65.35,62267500061,29.539406,2007-09-19,2007,9
Mamore_Guajara-Mirim,-10.79,-65.35,62267500061,13.817296,2007-10-05,2007,10
Mamore_Guajara-Mirim,-10.79,-65.35,62267500061,44.18083,2008-05-16,2008,5
Mamore_Guajara-Mirim,-10.79,-65.35,62267500061,41.25729,2008-06-17,2008,6
Mamore_Guajara-Mirim,-10.79,-65.35,62267500061,32.916046,2008-07-03,2008,7
Mamore_Guajara-Mirim,-10.79,-65.35,62267500061,43.603657,2008-07-19,2008,7
Mamore_Guajara-Mirim,-10.79,-65.35,62267500061,19.605797,2008-08-20,2008,8
Mamore_Guajara-Mirim,-10.79,-65.35,62267500061,36.397865,2008-10-23,2008,10
Mamore_Guajara-Mirim,-10.79,-65.35,62267500061,112.612015,2009-05-03,2009,5
Mamore_Guajara-Mirim,-10.79,-65.35,62267500061,40.60248,2009-05-19,2009,5
Mamore_Guajara-Mirim,-10.79,-65.35,62267500061,63.85359,2009-06-04,2009,6
Mamore_Guajara-Mirim,-10.79,-65.35,62267500061,152.88681,2009-06-20,2009,6
Mamore_Guajara-Mirim,-10.79,-65.35,62267500061,118.718254,2009-07-22,2009,7
Mamore_Guajara-Mirim,-10.79,-65.35,62267500061,87.31978,2009-08-07,2009,8
Mamore_Guajara-Mirim,-10.79,-65.35,62267500061,177.6876,2009-08-23,2009,8
Mamore_Guajara-Mirim,-10.79,-65.35,62267500061,138.70564,2009-09-08,2009,9
Mamore_Guajara-Mirim,-10.79,-65.35,62267500061,152.53831,2009-10-10,2009,10
Mamore_Guajara-Mirim,-10.79,-65.35,62267500061,460.03943,2009-10-26,2009,10
Mamore_Guajara-Mirim,-10.79,-65.35,62267500061,93.32669,2010-04-20,2010,4
Mamore_Guajara-Mirim,-10.79,-65.35,62267500061,158.12633,2010-05-06,2010,5
Mamore_Guajara-Mirim,-10.79,-65.35,62267500061,133.61624,2010-05-22,2010,5
Mamore_Guajara-Mirim,-10.79,-65.35,62267500061,171.7215,2010-06-07,2010,6
Mamore_Guajara-Mirim,-10.79,-65.35,62267500061,59.769234,2010-07-09,2010,7
Mamore_Guajara-Mirim,-10.79,-65.35,62267500061,51.799015,2010-07-25,2010,7
Mamore_Guajara-Mirim,-10.79,-65.35,62267500061,6.0542827,2010-09-11,2010,9
Mamore_Guajara-Mirim,-10.79,-65.35,62267500061,9.762306,2010-09-27,2010,9
Mamore_Guajara-Mirim,-10.79,-65.35,62267500061,11.23675,2010-10-13,2010,10
Mamore_Guajara-Mirim,-10.79,-65.35,62267500061,283.38342,2010-12-16,2010,12
Mamore_Guajara-Mirim,-10.79,-65.35,62267500061,469.17978,2011-02-02,2011,2
Mamore_Guajara-Mirim,-10.79,-65.35,62267500061,176.73567,2011-04-23,2011,4
Mamore_Guajara-Mirim,-10.79,-65.35,62267500061,84.76437,2011-05-25,2011,5
Mamore_Guajara-Mirim,-10.79,-65.35,62267500061,135.33276,2011-07-12,2011,7
Mamore_Guajara-Mirim,-10.79,-65.35,62267500061,130.1591,2011-08-13,2011,8
Mamore_Guajara-Mirim,-10.79,-65.35,62267500061,72.29803,1999-07-03,1999,7
Mamore_Guajara-Mirim,-10.79,-65.35,62267500061,89.08357,1999-07-19,1999,7
Mamore_Guajara-Mirim,-10.79,-65.35,62267500061,95.33133,1999-08-04,1999,8
Mamore_Guajara-Mirim,-10.79,-65.35,62267500061,169.25708,1999-08-20,1999,8
Mamore_Guajara-Mirim,-10.79,-65.35,62267500061,9.471471,1999-09-05,1999,9
Mamore_Guajara-Mirim,-10.79,-65.35,62267500061,121.97185,2000-07-05,2000,7
Mamore_Guajara-Mirim,-10.79,-65.35,62267500061,79.18382,2000-08-22,2000,8
Mamore_Guajara-Mirim,-10.79,-65.35,62267500061,407.2798,2000-12-28,2000,12
Mamore_Guajara-Mirim,-10.79,-65.35,62267500061,191.93356,2001-05-21,2001,5
Mamore_Guajara-Mirim,-10.79,-65.35,62267500061,102.814064,2001-06-06,2001,6
Mamore_Guajara-Mirim,-10.79,-65.35,62267500061,313.24054,2001-06-22,2001,6
Mamore_Guajara-Mirim,-10.79,-65.35,62267500061,155.47307,2001-07-08,2001,7
Mamore_Guajara-Mirim,-10.79,-65.35,62267500061,45.96971,2001-08-25,2001,8
Mamore_Guajara-Mirim,-10.79,-65.35,62267500061,113.55139,2001-10-28,2001,10
Mamore_Guajara-Mirim,-10.79,-65.35,62267500061,52.06821,2001-11-13,2001,11
Mamore_Guajara-Mirim,-10.79,-65.35,62267500061,146.27872,2002-05-24,2002,5
Mamore_Guajara-Mirim,-10.79,-65.35,62267500061,300.09048,2002-06-25,2002,6
Mamore_Guajara-Mirim,-10.79,-65.35,62267500061,141.8238,2002-07-11,2002,7
Mamore_Guajara-Mirim,-10.79,-65.35,62267500061,219.28981,2002-08-12,2002,8
Mamore_Guajara-Mirim,-10.79,-65.35,62267500061,69.28474,2002-08-28,2002,8
Mamore_Guajara-Mirim,-10.79,-65.35,62267500061,25.403023,2002-09-13,2002,9
Mamore_Guajara-Mirim,-10.79,-65.35,62267500061,59.486034,2002-11-16,2002,11
Mamore_Guajara-Mirim,-10.79,-65.35,62267500061,183.85143,2003-04-25,2003,4
Mamore_Guajara-Mirim,-10.79,-65.35,62267500061,104.376015,2003-08-31,2003,8
Mamore_Guajara-Mirim,-10.79,-65.35,62267500061,12.946058,2003-10-02,2003,10
Mamore_Guajara-Mirim,-10.79,-65.35,62267500061,13.083833,2003-10-18,2003,10
Mamore_Guajara-Mirim,-10.79,-65.35,62267500061,302.55707,2003-12-21,2003,12
Mamore_Guajara-Mirim,-10.79,-65.35,62267500061,202.85152,2004-02-23,2004,2
Mamore_Guajara-Mirim,-10.79,-65.35,62267500061,58.74883,2004-03-10,2004,3
Mamore_Guajara-Mirim,-10.79,-65.35,62267500061,88.28087,2004-05-13,2004,5
Mamore_Guajara-Mirim,-10.79,-65.35,62267500061,206.7107,2004-05-29,2004,5
Mamore_Guajara-Mirim,-10.79,-65.35,62267500061,102.31357,2004-06-14,2004,6
Mamore_Guajara-Mirim,-10.79,-65.35,62267500061,227.82764,2004-06-30,2004,6
Mamore_Guajara-Mirim,-10.79,-65.35,62267500061,146.78624,2004-08-01,2004,8
Mamore_Guajara-Mirim,-10.79,-65.35,62267500061,309.41812,2004-08-17,2004,8
Mamore_Guajara-Mirim,-10.79,-65.35,62267500061,78.295616,2004-09-02,2004,9
Mamore_Guajara-Mirim,-10.79,-65.35,62267500061,174.04445,2004-09-18,2004,9
Mamore_Guajara-Mirim,-10.79,-65.35,62267500061,195.14594,2005-01-08,2005,1
Mamore_Guajara-Mirim,-10.79,-65.35,62267500061,218.94301,2005-03-13,2005,3
Mamore_Guajara-Mirim,-10.79,-65.35,62267500061,186.82758,2005-04-14,2005,4
Mamore_Guajara-Mirim,-10.79,-65.35,62267500061,85.46939,2005-05-16,2005,5
Mamore_Guajara-Mirim,-10.79,-65.35,62267500061,194.58847,2005-06-01,2005,6
Mamore_Guajara-Mirim,-10.79,-65.35,62267500061,108.77983,2005-06-17,2005,6
Mamore_Guajara-Mirim,-10.79,-65.35,62267500061,252.26314,2005-07-03,2005,7
Mamore_Guajara-Mirim,-10.79,-65.35,62267500061,93.97789,2005-08-04,2005,8
Mamore_Guajara-Mirim,-10.79,-65.35,62267500061,13.172744,2005-09-05,2005,9
Mamore_Guajara-Mirim,-10.79,-65.35,62267500061,134.77205,2006-05-03,2006,5
Mamore_Guajara-Mirim,-10.79,-65.35,62267500061,53.575752,2006-06-20,2006,6
Mamore_Guajara-Mirim,-10.79,-65.35,62267500061,58.99083,2006-07-06,2006,7
Mamore_Guajara-Mirim,-10.79,-65.35,62267500061,66.24023,2006-07-22,2006,7
Mamore_Guajara-Mirim,-10.79,-65.35,62267500061,54.960003,2006-08-07,2006,8
Mamore_Guajara-Mirim,-10.79,-65.35,62267500061,15.72753,2006-09-08,2006,9
Mamore_Guajara-Mirim,-10.79,-65.35,62267500061,153.05469,2007-04-04,2007,4
Mamore_Guajara-Mirim,-10.79,-65.35,62267500061,72.35596,2007-05-06,2007,5
Mamore_Guajara-Mirim,-10.79,-65.35,62267500061,35.43486,2007-05-22,2007,5
Mamore_Guajara-Mirim,-10.79,-65.35,62267500061,77.70075,2007-06-07,2007,6
Mamore_Guajara-Mirim,-10.79,-65.35,62267500061,42.25386,2007-06-23,2007,6
Mamore_Guajara-Mirim,-10.79,-65.35,62267500061,63.563198,2007-07-09,2007,7
Mamore_Guajara-Mirim,-10.79,-65.35,62267500061,55.007572,2007-07-25,2007,7
Mamore_Guajara-Mirim,-10.79,-65.35,62267500061,227.21011,2007-08-10,2007,8
Mamore_Guajara-Mirim,-10.79,-65.35,62267500061,92.20429,2007-08-26,2007,8
Mamore_Guajara-Mirim,-10.79,-65.35,62267500061,29.960703,2007-09-11,2007,9
Mamore_Guajara-Mirim,-10.79,-65.35,62267500061,106.974365,2007-11-14,2007,11
Mamore_Guajara-Mirim,-10.79,-65.35,62267500061,26.890886,2008-04-06,2008,4
Mamore_Guajara-Mirim,-10.79,-65.35,62267500061,21.446417,2008-04-22,2008,4
Mamore_Guajara-Mirim,-10.79,-65.35,62267500061,48.00746,2008-05-24,2008,5
Mamore_Guajara-Mirim,-10.79,-65.35,62267500061,37.751106,2008-06-09,2008,6
Mamore_Guajara-Mirim,-10.79,-65.35,62267500061,34.735897,2008-07-11,2008,7
Mamore_Guajara-Mirim,-10.79,-65.35,62267500061,27.825432,2008-07-27,2008,7
Mamore_Guajara-Mirim,-10.79,-65.35,62267500061,19.98813,2008-08-12,2008,8
Mamore_Guajara-Mirim,-10.79,-65.35,62267500061,53.085213,2008-08-28,2008,8
Mamore_Guajara-Mirim,-10.79,-65.35,62267500061,375.7048,2008-09-13,2008,9
Mamore_Guajara-Mirim,-10.79,-65.35,62267500061,13.811054,2008-10-15,2008,10
Mamore_Guajara-Mirim,-10.79,-65.35,62267500061,56.75955,2009-06-28,2009,6
Mamore_Guajara-Mirim,-10.79,-65.35,62267500061,140.89319,2009-08-15,2009,8
Mamore_Guajara-Mirim,-10.79,-65.35,62267500061,207.55591,2009-08-31,2009,8
Mamore_Guajara-Mirim,-10.79,-65.35,62267500061,113.23367,2009-09-16,2009,9
Mamore_Guajara-Mirim,-10.79,-65.35,62267500061,42.260113,2009-10-02,2009,10
Mamore_Guajara-Mirim,-10.79,-65.35,62267500061,310.41122,2009-11-19,2009,11
Mamore_Guajara-Mirim,-10.79,-65.35,62267500061,373.35983,2010-01-06,2010,1
Mamore_Guajara-Mirim,-10.79,-65.35,62267500061,90.70677,2010-04-12,2010,4
Mamore_Guajara-Mirim,-10.79,-65.35,62267500061,131.39993,2010-05-30,2010,5
Mamore_Guajara-Mirim,-10.79,-65.35,62267500061,68.79116,2010-06-15,2010,6
Mamore_Guajara-Mirim,-10.79,-65.35,62267500061,42.318165,2010-07-01,2010,7
Mamore_Guajara-Mirim,-10.79,-65.35,62267500061,57.1326,2010-08-02,2010,8
Mamore_Guajara-Mirim,-10.79,-65.35,62267500061,56.54621,2010-08-18,2010,8
Mamore_Guajara-Mirim,-10.79,-65.35,62267500061,249.37872,2011-01-09,2011,1
Mamore_Guajara-Mirim,-10.79,-65.35,62267500061,147.4086,2011-04-15,2011,4
Mamore_Guajara-Mirim,-10.79,-65.35,62267500061,91.89916,2011-05-17,2011,5
Mamore_Guajara-Mirim,-10.79,-65.35,62267500061,39.57134,2011-06-02,2011,6
Mamore_Guajara-Mirim,-10.79,-65.35,62267500061,65.33345,2011-06-18,2011,6
Mamore_Guajara-Mirim,-10.79,-65.35,62267500061,47.537678,2011-07-04,2011,7
Mamore_Guajara-Mirim,-10.79,-65.35,62267500061,73.16365,2011-07-20,2011,7
Mamore_Guajara-Mirim,-10.79,-65.35,62267500061,67.0814,2011-08-05,2011,8
Mamore_Guajara-Mirim,-10.79,-65.35,62267500061,9.446319,2011-10-24,2011,10
Mamore_Guajara-Mirim,-10.79,-65.35,62267500061,104.565445,2011-11-09,2011,11
Mamore_Guajara-Mirim,-10.79,-65.35,62267500061,164.8309,2011-11-25,2011,11
Mamore_Guajara-Mirim,-10.79,-65.35,62267500061,192.3558,2012-04-01,2012,4
Mamore_Guajara-Mirim,-10.79,-65.35,62267500061,281.5646,2012-05-03,2012,5
Mamore_Guajara-Mirim,-10.79,-65.35,62267500061,239.30894,2012-06-04,2012,6
Mamore_Guajara-Mirim,-10.79,-65.35,62267500061,295.11365,2012-06-20,2012,6
Mamore_Guajara-Mirim,-10.79,-65.35,62267500061,269.47598,2012-07-06,2012,7
Mamore_Guajara-Mirim,-10.79,-65.35,62267500061,361.1263,2012-07-22,2012,7
Mamore_Guajara-Mirim,-10.79,-65.35,62267500061,142.23175,2012-08-07,2012,8
Mamore_Guajara-Mirim,-10.79,-65.35,62267500061,162.53702,2012-08-23,2012,8
Mamore_Guajara-Mirim,-10.79,-65.35,62267500061,119.63663,2012-09-08,2012,9
Mamore_Guajara-Mirim,-10.79,-65.35,62267500061,78.37111,2012-09-24,2012,9
Mamore_Guajara-Mirim,-10.79,-65.35,62267500061,49.79931,2012-10-10,2012,10
Mamore_Guajara-Mirim,-10.79,-65.35,62267500061,170.22266,2012-11-11,2012,11
Mamore_Guajara-Mirim,-10.79,-65.35,62267500061,113.53438,2012-11-27,2012,11
Mamore_Guajara-Mirim,-10.79,-65.35,62267500061,110.143364,2013-06-07,2013,6
Mamore_Guajara-Mirim,-10.79,-65.35,62267500061,33.539185,2013-06-23,2013,6
Mamore_Guajara-Mirim,-10.79,-65.35,62267500061,111.09404,2013-07-25,2013,7
Mamore_Guajara-Mirim,-10.79,-65.35,62267500061,137.92105,2013-08-26,2013,8
Mamore_Guajara-Mirim,-10.79,-65.35,62267500061,157.94456,2013-09-27,2013,9
Mamore_Guajara-Mirim,-10.79,-65.35,62267500061,87.57696,2014-06-26,2014,6
Mamore_Guajara-Mirim,-10.79,-65.35,62267500061,187.835,2014-07-12,2014,7
Mamore_Guajara-Mirim,-10.79,-65.35,62267500061,96.24542,2014-08-13,2014,8
Mamore_Guajara-Mirim,-10.79,-65.35,62267500061,97.09608,2014-09-14,2014,9
Mamore_Guajara-Mirim,-10.79,-65.35,62267500061,40.850643,2014-09-30,2014,9
Mamore_Guajara-Mirim,-10.79,-65.35,62267500061,103.51089,2014-10-16,2014,10
Mamore_Guajara-Mirim,-10.79,-65.35,62267500061,165.44156,2015-04-26,2015,4
Mamore_Guajara-Mirim,-10.79,-65.35,62267500061,213.65831,2015-06-13,2015,6
Mamore_Guajara-Mirim,-10.79,-65.35,62267500061,149.85643,2015-07-15,2015,7
Mamore_Guajara-Mirim,-10.79,-65.35,62267500061,462.73395,2015-07-31,2015,7
Mamore_Guajara-Mirim,-10.79,-65.35,62267500061,354.7935,2015-08-16,2015,8
Mamore_Guajara-Mirim,-10.79,-65.35,62267500061,190.14688,2015-09-17,2015,9
Mamore_Guajara-Mirim,-10.79,-65.35,62267500061,62.27027,2015-10-19,2015,10
Mamore_Guajara-Mirim,-10.79,-65.35,62267500061,363.1779,2015-11-20,2015,11
Mamore_Guajara-Mirim,-10.79,-65.35,62267500061,586.34686,2016-01-23,2016,1
Mamore_Guajara-Mirim,-10.79,-65.35,62267500061,718.1919,2016-02-08,2016,2
Mamore_Guajara-Mirim,-10.79,-65.35,62267500061,137.21251,2016-06-15,2016,6
Mamore_Guajara-Mirim,-10.79,-65.35,62267500061,105.90662,2016-07-01,2016,7
Mamore_Guajara-Mirim,-10.79,-65.35,62267500061,100.10249,2016-07-17,2016,7
Mamore_Guajara-Mirim,-10.79,-65.35,62267500061,39.90516,2016-08-02,2016,8
Mamore_Guajara-Mirim,-10.79,-65.35,62267500061,47.928894,2016-08-18,2016,8
Mamore_Guajara-Mirim,-10.79,-65.35,62267500061,20.213629,2016-09-19,2016,9
Mamore_Guajara-Mirim,-10.79,-65.35,62267500061,79.2635,2016-11-06,2016,11
Mamore_Guajara-Mirim,-10.79,-65.35,62267500061,346.09555,2017-05-17,2017,5
Mamore_Guajara-Mirim,-10.79,-65.35,62267500061,135.75706,2017-06-18,2017,6
Mamore_Guajara-Mirim,-10.79,-65.35,62267500061,58.405773,2017-07-04,2017,7
Mamore_Guajara-Mirim,-10.79,-65.35,62267500061,91.47216,2017-07-20,2017,7
Mamore_Guajara-Mirim,-10.79,-65.35,62267500061,132.10376,2017-08-05,2017,8
Mamore_Guajara-Mirim,-10.79,-65.35,62267500061,19.772686,2017-10-08,2017,10
Mamore_Guajara-Mirim,-10.79,-65.35,62267500061,35.494778,2018-04-18,2018,4
Mamore_Guajara-Mirim,-10.79,-65.35,62267500061,57.121574,2018-07-07,2018,7
Mamore_Guajara-Mirim,-10.79,-65.35,62267500061,76.850395,2018-07-23,2018,7
Mamore_Guajara-Mirim,-10.79,-65.35,62267500061,36.56386,2018-08-24,2018,8
Mamore_Guajara-Mirim,-10.79,-65.35,62267500061,68.183075,2018-09-09,2018,9
Mamore_Guajara-Mirim,-10.79,-65.35,62267500061,28.42566,2018-09-25,2018,9
Mamore_Guajara-Mirim,-10.79,-65.35,62267500061,72.286026,2018-10-27,2018,10
Mamore_Guajara-Mirim,-10.79,-65.35,62267500061,59.1395,2019-05-07,2019,5
Mamore_Guajara-Mirim,-10.79,-65.35,62267500061,153.54187,2019-05-23,2019,5
Mamore_Guajara-Mirim,-10.79,-65.35,62267500061,98.07739,2019-06-24,2019,6
Mamore_Guajara-Mirim,-10.79,-65.35,62267500061,85.650345,2019-07-10,2019,7
Mamore_Guajara-Mirim,-10.79,-65.35,62267500061,134.72278,2019-07-26,2019,7
Mamore_Guajara-Mirim,-10.79,-65.35,62267500061,431.9751,2019-08-11,2019,8
Mamore_Guajara-Mirim,-10.79,-65.35,62267500061,90.9505,2019-09-12,2019,9
Mamore_Guajara-Mirim,-10.79,-65.35,62267500061,10.109197,2019-09-28,2019,9
Mamore_Guajara-Mirim,-10.79,-65.35,62267500061,48.230522,2019-10-30,2019,10
Mamore_Guajara-Mirim,-10.79,-65.35,62267500061,768.8335,2020-02-19,2020,2
Mamore_Guajara-Mirim,-10.79,-65.35,62267500061,312.83414,2020-04-23,2020,4
Mamore_Guajara-Mirim,-10.79,-65.35,62267500061,121.66348,2020-05-09,2020,5
Mamore_Guajara-Mirim,-10.79,-65.35,62267500061,78.79343,2020-05-25,2020,5
Mamore_Guajara-Mirim,-10.79,-65.35,62267500061,117.91938,2020-06-10,2020,6
Mamore_Guajara-Mirim,-10.79,-65.35,62267500061,44.370724,2020-06-26,2020,6
Mamore_Guajara-Mirim,-10.79,-65.35,62267500061,157.06494,2020-07-28,2020,7
Mamore_Guajara-Mirim,-10.79,-65.35,62267500061,120.831795,2020-08-13,2020,8
Mamore_Guajara-Mirim,-10.79,-65.35,62267500061,244.57631,2020-08-29,2020,8
Mamore_Guajara-Mirim,-10.79,-65.35,62267500061,88.18636,2020-12-19,2020,12
Mamore_Guajara-Mirim,-10.79,-65.35,62267500061,187.32095,2021-03-25,2021,3
Mamore_Guajara-Mirim,-10.79,-65.35,62267500061,246.68353,2021-05-12,2021,5
Mamore_Guajara-Mirim,-10.79,-65.35,62267500061,119.10046,2021-05-28,2021,5
Mamore_Guajara-Mirim,-10.79,-65.35,62267500061,73.53429,2021-06-13,2021,6
Mamore_Guajara-Mirim,-10.79,-65.35,62267500061,229.31256,2021-07-15,2021,7
Mamore_Guajara-Mirim,-10.79,-65.35,62267500061,101.5769,2021-07-31,2021,7
Mamore_Guajara-Mirim,-10.79,-65.35,62267500061,113.888016,2021-08-16,2021,8
Mamore_Guajara-Mirim,-10.79,-65.35,62267500061,189.31404,2021-09-17,2021,9
Mamore_Guajara-Mirim,-10.79,-65.35,62267500061,48.54553,2021-10-03,2021,10
Mamore_Guajara-Mirim,-10.79,-65.35,62267500061,112.77243,2013-06-15,2013,6
Mamore_Guajara-Mirim,-10.79,-65.35,62267500061,190.2351,2013-07-01,2013,7
Mamore_Guajara-Mirim,-10.79,-65.35,62267500061,130.38617,2013-08-02,2013,8
Mamore_Guajara-Mirim,-10.79,-65.35,62267500061,104.33803,2013-08-18,2013,8
Mamore_Guajara-Mirim,-10.79,-65.35,62267500061,270.77457,2013-09-03,2013,9
Mamore_Guajara-Mirim,-10.79,-65.35,62267500061,221.84702,2013-09-19,2013,9
Mamore_Guajara-Mirim,-10.79,-65.35,62267500061,108.33198,2013-10-21,2013,10
Mamore_Guajara-Mirim,-10.79,-65.35,62267500061,17.613346,2014-05-01,2014,5
Mamore_Guajara-Mirim,-10.79,-65.35,62267500061,68.38835,2014-06-18,2014,6
Mamore_Guajara-Mirim,-10.79,-65.35,62267500061,162.69824,2014-07-20,2014,7
Mamore_Guajara-Mirim,-10.79,-65.35,62267500061,139.9816,2014-08-05,2014,8
Mamore_Guajara-Mirim,-10.79,-65.35,62267500061,59.849907,2014-08-21,2014,8
Mamore_Guajara-Mirim,-10.79,-65.35,62267500061,90.07836,2014-09-06,2014,9
Mamore_Guajara-Mirim,-10.79,-65.35,62267500061,56.8156,2014-09-22,2014,9
Mamore_Guajara-Mirim,-10.79,-65.35,62267500061,179.06384,2015-04-02,2015,4
Mamore_Guajara-Mirim,-10.79,-65.35,62267500061,166.91681,2015-05-20,2015,5
Mamore_Guajara-Mirim,-10.79,-65.35,62267500061,166.69301,2015-06-05,2015,6
Mamore_Guajara-Mirim,-10.79,-65.35,62267500061,183.60269,2015-06-21,2015,6
Mamore_Guajara-Mirim,-10.79,-65.35,62267500061,238.8463,2015-07-23,2015,7
Mamore_Guajara-Mirim,-10.79,-65.35,62267500061,251.43234,2015-08-08,2015,8
Mamore_Guajara-Mirim,-10.79,-65.35,62267500061,79.07967,2015-08-24,2015,8
Mamore_Guajara-Mirim,-10.79,-65.35,62267500061,176.9375,2015-09-09,2015,9
Mamore_Guajara-Mirim,-10.79,-65.35,62267500061,193.06929,2015-09-25,2015,9
Mamore_Guajara-Mirim,-10.79,-65.35,62267500061,118.12567,2015-11-12,2015,11
Mamore_Guajara-Mirim,-10.79,-65.35,62267500061,387.01584,2015-11-28,2015,11
Mamore_Guajara-Mirim,-10.79,-65.35,62267500061,511.71033,2015-12-14,2015,12
Mamore_Guajara-Mirim,-10.79,-65.35,62267500061,692.3012,2016-03-03,2016,3
Mamore_Guajara-Mirim,-10.79,-65.35,62267500061,299.9444,2016-04-04,2016,4
Mamore_Guajara-Mirim,-10.79,-65.35,62267500061,315.95117,2016-05-06,2016,5
Mamore_Guajara-Mirim,-10.79,-65.35,62267500061,243.9691,2016-06-07,2016,6
Mamore_Guajara-Mirim,-10.79,-65.35,62267500061,101.083305,2016-06-23,2016,6
Mamore_Guajara-Mirim,-10.79,-65.35,62267500061,65.75082,2016-07-09,2016,7
Mamore_Guajara-Mirim,-10.79,-65.35,62267500061,106.14258,2016-07-25,2016,7
Mamore_Guajara-Mirim,-10.79,-65.35,62267500061,17.789244,2016-08-26,2016,8
Mamore_Guajara-Mirim,-10.79,-65.35,62267500061,30.939877,2016-09-11,2016,9
Mamore_Guajara-Mirim,-10.79,-65.35,62267500061,164.02913,2016-09-27,2016,9
Mamore_Guajara-Mirim,-10.79,-65.35,62267500061,14.838543,2016-10-13,2016,10
Mamore_Guajara-Mirim,-10.79,-65.35,62267500061,440.47922,2017-02-18,2017,2
Mamore_Guajara-Mirim,-10.79,-65.35,62267500061,316.24182,2017-05-25,2017,5
Mamore_Guajara-Mirim,-10.79,-65.35,62267500061,188.97429,2017-06-26,2017,6
Mamore_Guajara-Mirim,-10.79,-65.35,62267500061,125.82701,2017-07-12,2017,7
Mamore_Guajara-Mirim,-10.79,-65.35,62267500061,97.33811,2017-07-28,2017,7
Mamore_Guajara-Mirim,-10.79,-65.35,62267500061,42.489067,2017-08-29,2017,8
Mamore_Guajara-Mirim,-10.79,-65.35,62267500061,14.772682,2017-09-30,2017,9
Mamore_Guajara-Mirim,-10.79,-65.35,62267500061,16.440535,2017-10-16,2017,10
Mamore_Guajara-Mirim,-10.79,-65.35,62267500061,145.94945,2018-04-26,2018,4
Mamore_Guajara-Mirim,-10.79,-65.35,62267500061,137.24942,2018-05-28,2018,5
Mamore_Guajara-Mirim,-10.79,-65.35,62267500061,76.026,2018-06-29,2018,6
Mamore_Guajara-Mirim,-10.79,-65.35,62267500061,85.56211,2018-07-15,2018,7
Mamore_Guajara-Mirim,-10.79,-65.35,62267500061,108.81077,2018-07-31,2018,7
Mamore_Guajara-Mirim,-10.79,-65.35,62267500061,108.96464,2018-09-01,2018,9
Mamore_Guajara-Mirim,-10.79,-65.35,62267500061,52.48981,2018-09-17,2018,9
Mamore_Guajara-Mirim,-10.79,-65.35,62267500061,143.99632,2018-11-04,2018,11
Mamore_Guajara-Mirim,-10.79,-65.35,62267500061,58.48128,2019-04-29,2019,4
Mamore_Guajara-Mirim,-10.79,-65.35,62267500061,148.393,2019-05-15,2019,5
Mamore_Guajara-Mirim,-10.79,-65.35,62267500061,105.63591,2019-05-31,2019,5
Mamore_Guajara-Mirim,-10.79,-65.35,62267500061,114.443184,2019-06-16,2019,6
Mamore_Guajara-Mirim,-10.79,-65.35,62267500061,102.19355,2019-07-02,2019,7
Mamore_Guajara-Mirim,-10.79,-65.35,62267500061,95.87767,2019-07-18,2019,7
Mamore_Guajara-Mirim,-10.79,-65.35,62267500061,134.34648,2019-08-03,2019,8
Mamore_Guajara-Mirim,-10.79,-65.35,62267500061,561.31024,2019-08-19,2019,8
Mamore_Guajara-Mirim,-10.79,-65.35,62267500061,27.992342,2019-09-20,2019,9
Mamore_Guajara-Mirim,-10.79,-65.35,62267500061,140.25775,2020-05-01,2020,5
Mamore_Guajara-Mirim,-10.79,-65.35,62267500061,239.68288,2020-05-17,2020,5
Mamore_Guajara-Mirim,-10.79,-65.35,62267500061,78.88674,2020-06-18,2020,6
Mamore_Guajara-Mirim,-10.79,-65.35,62267500061,104.98413,2020-07-04,2020,7
Mamore_Guajara-Mirim,-10.79,-65.35,62267500061,87.34337,2020-07-20,2020,7
Mamore_Guajara-Mirim,-10.79,-65.35,62267500061,127.43732,2020-08-05,2020,8
Mamore_Guajara-Mirim,-10.79,-65.35,62267500061,607.03186,2020-09-06,2020,9
Mamore_Guajara-Mirim,-10.79,-65.35,62267500061,146.22975,2020-09-22,2020,9
Mamore_Guajara-Mirim,-10.79,-65.35,62267500061,112.548294,2020-10-08,2020,10
Mamore_Guajara-Mirim,-10.79,-65.35,62267500061,51.56033,2020-10-24,2020,10
Mamore_Guajara-Mirim,-10.79,-65.35,62267500061,139.71803,2021-03-17,2021,3
Mamore_Guajara-Mirim,-10.79,-65.35,62267500061,219.10461,2021-05-20,2021,5
Mamore_Guajara-Mirim,-10.79,-65.35,62267500061,95.854195,2021-07-07,2021,7
Mamore_Guajara-Mirim,-10.79,-65.35,62267500061,112.600266,2021-07-23,2021,7
Mamore_Guajara-Mirim,-10.79,-65.35,62267500061,32.24519,2021-08-08,2021,8
Mamore_Guajara-Mirim,-10.79,-65.35,62267500061,61.451637,2021-08-24,2021,8
Mamore_Guajara-Mirim,-10.79,-65.35,62267500061,25.361227,2021-09-09,2021,9
Mamore_Guajara-Mirim,-10.79,-65.35,62267500061,68.84636,2021-10-11,2021,10
Mamore_Guajara-Mirim,-10.79,-65.35,62267500061,84.43692,1984-06-15,1984,6
Mamore_Guajara-Mirim,-10.79,-65.35,62267500061,186.22435,1984-08-02,1984,8
Mamore_Guajara-Mirim,-10.79,-65.35,62267500061,158.27884,1985-02-26,1985,2
Mamore_Guajara-Mirim,-10.79,-65.35,62267500061,60.418976,1985-03-30,1985,3
Mamore_Guajara-Mirim,-10.79,-65.35,62267500061,126.22906,1985-05-17,1985,5
Mamore_Guajara-Mirim,-10.79,-65.35,62267500061,72.70967,1985-06-02,1985,6
Mamore_Guajara-Mirim,-10.79,-65.35,62267500061,90.55288,1985-06-18,1985,6
Mamore_Guajara-Mirim,-10.79,-65.35,62267500061,200.94777,1985-09-22,1985,9
Mamore_Guajara-Mirim,-10.79,-65.35,62267500061,144.30116,1986-05-20,1986,5
Mamore_Guajara-Mirim,-10.79,-65.35,62267500061,266.5033,1986-06-05,1986,6
Mamore_Guajara-Mirim,-10.79,-65.35,62267500061,148.54265,1986-06-21,1986,6
Mamore_Guajara-Mirim,-10.79,-65.35,62267500061,224.20612,1986-07-07,1986,7
Mamore_Guajara-Mirim,-10.79,-65.35,62267500061,220.0992,1986-08-08,1986,8
Mamore_Guajara-Mirim,-10.79,-65.35,62267500061,187.61734,1986-08-24,1986,8
Mamore_Guajara-Mirim,-10.79,-65.35,62267500061,245.86314,1986-10-27,1986,10
Mamore_Guajara-Mirim,-10.79,-65.35,62267500061,702.596,1986-12-14,1986,12
Mamore_Guajara-Mirim,-10.79,-65.35,62267500061,317.6153,1987-04-05,1987,4
Mamore_Guajara-Mirim,-10.79,-65.35,62267500061,254.87697,1987-05-23,1987,5
Mamore_Guajara-Mirim,-10.79,-65.35,62267500061,181.75484,1987-07-10,1987,7
Mamore_Guajara-Mirim,-10.79,-65.35,62267500061,201.03604,1987-07-26,1987,7
Mamore_Guajara-Mirim,-10.79,-65.35,62267500061,136.81026,1987-08-11,1987,8
Mamore_Guajara-Mirim,-10.79,-65.35,62267500061,612.02496,1988-01-02,1988,1
Mamore_Guajara-Mirim,-10.79,-65.35,62267500061,338.18347,1988-01-18,1988,1
Mamore_Guajara-Mirim,-10.79,-65.35,62267500061,326.12662,1988-03-06,1988,3
Mamore_Guajara-Mirim,-10.79,-65.35,62267500061,199.82733,1988-04-07,1988,4
Mamore_Guajara-Mirim,-10.79,-65.35,62267500061,142.6616,1988-07-12,1988,7
Mamore_Guajara-Mirim,-10.79,-65.35,62267500061,72.813,1988-07-28,1988,7
Mamore_Guajara-Mirim,-10.79,-65.35,62267500061,29.775673,1988-08-13,1988,8
Mamore_Guajara-Mirim,-10.79,-65.35,62267500061,13.864695,1988-09-14,1988,9
Mamore_Guajara-Mirim,-10.79,-65.35,62267500061,9.784558,1988-09-30,1988,9
Mamore_Guajara-Mirim,-10.79,-65.35,62267500061,111.44981,1989-05-28,1989,5
Mamore_Guajara-Mirim,-10.79,-65.35,62267500061,100.94184,1989-06-13,1989,6
Mamore_Guajara-Mirim,-10.79,-65.35,62267500061,146.245,1989-07-15,1989,7
Mamore_Guajara-Mirim,-10.79,-65.35,62267500061,105.58072,1989-08-16,1989,8
Mamore_Guajara-Mirim,-10.79,-65.35,62267500061,298.17163,1989-09-17,1989,9
Mamore_Guajara-Mirim,-10.79,-65.35,62267500061,437.17426,1989-10-03,1989,10
Mamore_Guajara-Mirim,-10.79,-65.35,62267500061,141.5563,1989-10-19,1989,10
Mamore_Guajara-Mirim,-10.79,-65.35,62267500061,126.93933,1989-11-20,1989,11
Mamore_Guajara-Mirim,-10.79,-65.35,62267500061,323.76068,1990-03-12,1990,3
Mamore_Guajara-Mirim,-10.79,-65.35,62267500061,505.4441,1990-04-29,1990,4
Mamore_Guajara-Mirim,-10.79,-65.35,62267500061,255.58203,1990-05-15,1990,5
Mamore_Guajara-Mirim,-10.79,-65.35,62267500061,267.76785,1990-07-02,1990,7
Mamore_Guajara-Mirim,-10.79,-65.35,62267500061,206.44565,1990-08-19,1990,8
Mamore_Guajara-Mirim,-10.79,-65.35,62267500061,224.68506,1991-04-16,1991,4
Mamore_Guajara-Mirim,-10.79,-65.35,62267500061,288.86618,1991-05-02,1991,5
Mamore_Guajara-Mirim,-10.79,-65.35,62267500061,356.9662,1991-05-18,1991,5
Mamore_Guajara-Mirim,-10.79,-65.35,62267500061,155.17726,1991-06-03,1991,6
Mamore_Guajara-Mirim,-10.79,-65.35,62267500061,83.65755,1991-06-19,1991,6
Mamore_Guajara-Mirim,-10.79,-65.35,62267500061,411.0144,1991-07-05,1991,7
Mamore_Guajara-Mirim,-10.79,-65.35,62267500061,345.0934,1991-07-21,1991,7
Mamore_Guajara-Mirim,-10.79,-65.35,62267500061,187.84264,1991-08-06,1991,8
Mamore_Guajara-Mirim,-10.79,-65.35,62267500061,52.46629,1991-10-09,1991,10
Mamore_Guajara-Mirim,-10.79,-65.35,62267500061,140.33955,1992-06-21,1992,6
Mamore_Guajara-Mirim,-10.79,-65.35,62267500061,312.77454,1992-08-24,1992,8
Mamore_Guajara-Mirim,-10.79,-65.35,62267500061,411.8266,1993-01-31,1993,1
Mamore_Guajara-Mirim,-10.79,-65.35,62267500061,358.51416,1993-02-16,1993,2
Mamore_Guajara-Mirim,-10.79,-65.35,62267500061,119.36424,1993-04-21,1993,4
Mamore_Guajara-Mirim,-10.79,-65.35,62267500061,75.57017,1993-05-07,1993,5
Mamore_Guajara-Mirim,-10.79,-65.35,62267500061,151.45032,1993-07-10,1993,7
Mamore_Guajara-Mirim,-10.79,-65.35,62267500061,173.89261,1993-07-26,1993,7
Mamore_Guajara-Mirim,-10.79,-65.35,62267500061,205.29051,1993-08-11,1993,8
Mamore_Guajara-Mirim,-10.79,-65.35,62267500061,168.9231,1994-05-26,1994,5
Mamore_Guajara-Mirim,-10.79,-65.35,62267500061,154.82779,1994-06-11,1994,6
Mamore_Guajara-Mirim,-10.79,-65.35,62267500061,216.34978,1994-06-27,1994,6
Mamore_Guajara-Mirim,-10.79,-65.35,62267500061,238.66713,1994-07-13,1994,7
Mamore_Guajara-Mirim,-10.79,-65.35,62267500061,125.2404,1994-08-14,1994,8
Mamore_Guajara-Mirim,-10.79,-65.35,62267500061,171.04521,1994-10-17,1994,10
Mamore_Guajara-Mirim,-10.79,-65.35,62267500061,323.27335,1995-04-27,1995,4
Mamore_Guajara-Mirim,-10.79,-65.35,62267500061,167.42781,1995-05-29,1995,5
Mamore_Guajara-Mirim,-10.79,-65.35,62267500061,85.50562,1995-06-14,1995,6
Mamore_Guajara-Mirim,-10.79,-65.35,62267500061,114.519356,1995-06-30,1995,6
Mamore_Guajara-Mirim,-10.79,-65.35,62267500061,14.725804,1995-09-18,1995,9
Mamore_Guajara-Mirim,-10.79,-65.35,62267500061,8.894468,1995-10-04,1995,10
Mamore_Guajara-Mirim,-10.79,-65.35,62267500061,29.46336,1995-10-20,1995,10
Mamore_Guajara-Mirim,-10.79,-65.35,62267500061,176.19057,1996-05-31,1996,5
Mamore_Guajara-Mirim,-10.79,-65.35,62267500061,108.35523,1996-07-02,1996,7
Mamore_Guajara-Mirim,-10.79,-65.35,62267500061,55.701332,1996-07-18,1996,7
Mamore_Guajara-Mirim,-10.79,-65.35,62267500061,42.15472,1996-08-03,1996,8
Mamore_Guajara-Mirim,-10.79,-65.35,62267500061,9.563534,1996-09-04,1996,9
Mamore_Guajara-Mirim,-10.79,-65.35,62267500061,538.99536,1996-11-23,1996,11
Mamore_Guajara-Mirim,-10.79,-65.35,62267500061,408.67017,1997-01-26,1997,1
Mamore_Guajara-Mirim,-10.79,-65.35,62267500061,38.547092,1997-05-02,1997,5
Mamore_Guajara-Mirim,-10.79,-65.35,62267500061,123.77482,1997-06-19,1997,6
Mamore_Guajara-Mirim,-10.79,-65.35,62267500061,109.66274,1997-07-05,1997,7
Mamore_Guajara-Mirim,-10.79,-65.35,62267500061,60.604275,1997-09-23,1997,9
Mamore_Guajara-Mirim,-10.79,-65.35,62267500061,10.503993,1997-10-09,1997,10
Mamore_Guajara-Mirim,-10.79,-65.35,62267500061,93.05258,1997-10-25,1997,10
Mamore_Guajara-Mirim,-10.79,-65.35,62267500061,390.8836,1997-11-10,1997,11
Mamore_Guajara-Mirim,-10.79,-65.35,62267500061,143.614,1998-07-08,1998,7
Mamore_Guajara-Mirim,-10.79,-65.35,62267500061,191.75052,1998-07-24,1998,7
Mamore_Guajara-Mirim,-10.79,-65.35,62267500061,104.65136,1998-08-25,1998,8
Mamore_Guajara-Mirim,-10.79,-65.35,62267500061,91.02215,1998-10-12,1998,10
Mamore_Guajara-Mirim,-10.79,-65.35,62267500061,252.01205,1998-11-29,1998,11
Mamore_Guajara-Mirim,-10.79,-65.35,62267500061,358.2153,1999-02-17,1999,2
Mamore_Guajara-Mirim,-10.79,-65.35,62267500061,153.02344,1999-07-11,1999,7
Mamore_Guajara-Mirim,-10.79,-65.35,62267500061,103.09384,1999-07-27,1999,7
Mamore_Guajara-Mirim,-10.79,-65.35,62267500061,95.199356,1999-08-12,1999,8
Mamore_Guajara-Mirim,-10.79,-65.35,62267500061,29.197529,1999-08-28,1999,8
Mamore_Guajara-Mirim,-10.79,-65.35,62267500061,5.612632,1999-09-29,1999,9
Mamore_Guajara-Mirim,-10.79,-65.35,62267500061,40.574707,1999-11-16,1999,11
Mamore_Guajara-Mirim,-10.79,-65.35,62267500061,258.38013,2000-01-03,2000,1
Mamore_Guajara-Mirim,-10.79,-65.35,62267500061,218.54384,2000-05-26,2000,5
Mamore_Guajara-Mirim,-10.79,-65.35,62267500061,69.65325,2000-06-11,2000,6
Mamore_Guajara-Mirim,-10.79,-65.35,62267500061,228.36885,2000-06-27,2000,6
Mamore_Guajara-Mirim,-10.79,-65.35,62267500061,151.46736,2000-07-13,2000,7
Mamore_Guajara-Mirim,-10.79,-65.35,62267500061,496.8051,2000-07-29,2000,7
Mamore_Guajara-Mirim,-10.79,-65.35,62267500061,110.939606,2000-08-14,2000,8
Mamore_Guajara-Mirim,-10.79,-65.35,62267500061,52.200794,2000-08-30,2000,8
Mamore_Guajara-Mirim,-10.79,-65.35,62267500061,105.9504,2000-10-01,2000,10
Mamore_Guajara-Mirim,-10.79,-65.35,62267500061,184.18742,2000-11-18,2000,11
Mamore_Guajara-Mirim,-10.79,-65.35,62267500061,198.24298,2001-04-27,2001,4
Mamore_Guajara-Mirim,-10.79,-65.35,62267500061,304.34088,2001-06-30,2001,6
Mamore_Guajara-Mirim,-10.79,-65.35,62267500061,158.10089,2001-08-01,2001,8
Mamore_Guajara-Mirim,-10.79,-65.35,62267500061,134.41339,2001-08-17,2001,8
Mamore_Guajara-Mirim,-10.79,-65.35,62267500061,28.790329,2001-09-02,2001,9
Mamore_Guajara-Mirim,-10.79,-65.35,62267500061,36.461193,2001-09-18,2001,9
Mamore_Guajara-Mirim,-10.79,-65.35,62267500061,7.2537684,2001-10-20,2001,10
Mamore_Guajara-Mirim,-10.79,-65.35,62267500061,218.70299,2001-12-07,2001,12
Mamore_Guajara-Mirim,-10.79,-65.35,62267500061,238.77917,2002-01-24,2002,1
Mamore_Guajara-Mirim,-10.79,-65.35,62267500061,319.28098,2002-02-25,2002,2
Mamore_Guajara-Mirim,-10.79,-65.35,62267500061,795.2408,2002-03-29,2002,3
Mamore_Guajara-Mirim,-10.79,-65.35,62267500061,112.72056,2003-07-22,2003,7
Mamore_Guajara-Mirim,-10.79,-65.35,62267500061,41.156948,2003-08-23,2003,8
Mamore_Guajara-Mirim,-10.79,-65.35,62267500061,6.111053,2003-09-24,2003,9
Mamore_Guajara-Mirim,-10.79,-65.35,62267500061,83.36979,2003-11-11,2003,11
Mamore_Guajara-Mirim,-10.79,-65.35,62267500061,209.25752,2004-04-03,2004,4
Mamore_Guajara-Mirim,-10.79,-65.35,62267500061,184.22484,2004-06-06,2004,6
Mamore_Guajara-Mirim,-10.79,-65.35,62267500061,199.48985,2004-06-22,2004,6
Mamore_Guajara-Mirim,-10.79,-65.35,62267500061,141.95062,2004-07-24,2004,7
Mamore_Guajara-Mirim,-10.79,-65.35,62267500061,196.90681,2004-08-09,2004,8
Mamore_Guajara-Mirim,-10.79,-65.35,62267500061,291.6946,2005-04-06,2005,4
Mamore_Guajara-Mirim,-10.79,-65.35,62267500061,183.00838,2005-05-24,2005,5
Mamore_Guajara-Mirim,-10.79,-65.35,62267500061,265.27032,2005-06-09,2005,6
Mamore_Guajara-Mirim,-10.79,-65.35,62267500061,250.81802,2005-07-11,2005,7
Mamore_Guajara-Mirim,-10.79,-65.35,62267500061,165.34976,2005-08-12,2005,8
Mamore_Guajara-Mirim,-10.79,-65.35,62267500061,36.386887,2005-08-28,2005,8
Mamore_Guajara-Mirim,-10.79,-65.35,62267500061,10.955951,2005-09-29,2005,9
Mamore_Guajara-Mirim,-10.79,-65.35,62267500061,919.6641,2005-11-16,2005,11
Mamore_Guajara-Mirim,-10.79,-65.35,62267500061,204.51727,2006-04-25,2006,4
Mamore_Guajara-Mirim,-10.79,-65.35,62267500061,150.73119,2006-05-27,2006,5
Mamore_Guajara-Mirim,-10.79,-65.35,62267500061,113.36366,2006-06-28,2006,6
Mamore_Guajara-Mirim,-10.79,-65.35,62267500061,63.14748,2006-07-14,2006,7
Mamore_Guajara-Mirim,-10.79,-65.35,62267500061,20.606882,2006-08-31,2006,8
Mamore_Guajara-Mirim,-10.79,-65.35,62267500061,286.61176,2006-11-19,2006,11
Mamore_Guajara-Mirim,-10.79,-65.35,62267500061,1049.5912,2007-01-22,2007,1
Mamore_Guajara-Mirim,-10.79,-65.35,62267500061,462.90674,2007-02-07,2007,2
Mamore_Guajara-Mirim,-10.79,-65.35,62267500061,623.4823,2007-02-23,2007,2
Mamore_Guajara-Mirim,-10.79,-65.35,62267500061,64.40644,2007-04-12,2007,4
Mamore_Guajara-Mirim,-10.79,-65.35,62267500061,35.246174,2007-04-28,2007,4
Mamore_Guajara-Mirim,-10.79,-65.35,62267500061,54.92135,2007-05-14,2007,5
Mamore_Guajara-Mirim,-10.79,-65.35,62267500061,108.206505,2007-06-15,2007,6
Mamore_Guajara-Mirim,-10.79,-65.35,62267500061,127.40891,2007-07-01,2007,7
Mamore_Guajara-Mirim,-10.79,-65.35,62267500061,118.43658,2007-07-17,2007,7
Mamore_Guajara-Mirim,-10.79,-65.35,62267500061,110.22297,2007-08-02,2007,8
Mamore_Guajara-Mirim,-10.79,-65.35,62267500061,138.11646,2007-08-18,2007,8
Mamore_Guajara-Mirim,-10.79,-65.35,62267500061,180.16554,2007-09-03,2007,9
Mamore_Guajara-Mirim,-10.79,-65.35,62267500061,23.471346,2007-09-19,2007,9
Mamore_Guajara-Mirim,-10.79,-65.35,62267500061,17.31645,2007-10-05,2007,10
Mamore_Guajara-Mirim,-10.79,-65.35,62267500061,194.3871,2008-02-26,2008,2
Mamore_Guajara-Mirim,-10.79,-65.35,62267500061,37.6775,2008-06-17,2008,6
Mamore_Guajara-Mirim,-10.79,-65.35,62267500061,31.285156,2008-07-03,2008,7
Mamore_Guajara-Mirim,-10.79,-65.35,62267500061,60.491108,2008-07-19,2008,7
Mamore_Guajara-Mirim,-10.79,-65.35,62267500061,20.11614,2008-08-20,2008,8
Mamore_Guajara-Mirim,-10.79,-65.35,62267500061,36.2411,2008-10-23,2008,10
Mamore_Guajara-Mirim,-10.79,-65.35,62267500061,282.58942,2008-11-24,2008,11
Mamore_Guajara-Mirim,-10.79,-65.35,62267500061,133.02852,2009-05-03,2009,5
Mamore_Guajara-Mirim,-10.79,-65.35,62267500061,36.82758,2009-05-19,2009,5
Mamore_Guajara-Mirim,-10.79,-65.35,62267500061,52.003407,2009-06-04,2009,6
Mamore_Guajara-Mirim,-10.79,-65.35,62267500061,115.04962,2009-06-20,2009,6
Mamore_Guajara-Mirim,-10.79,-65.35,62267500061,62.585125,2009-07-06,2009,7
Mamore_Guajara-Mirim,-10.79,-65.35,62267500061,117.79476,2009-07-22,2009,7
Mamore_Guajara-Mirim,-10.79,-65.35,62267500061,85.00483,2009-08-07,2009,8
Mamore_Guajara-Mirim,-10.79,-65.35,62267500061,168.65039,2009-08-23,2009,8
Mamore_Guajara-Mirim,-10.79,-65.35,62267500061,139.58609,2009-09-08,2009,9
Mamore_Guajara-Mirim,-10.79,-65.35,62267500061,152.71326,2009-10-10,2009,10
Mamore_Guajara-Mirim,-10.79,-65.35,62267500061,609.33795,2009-10-26,2009,10
Mamore_Guajara-Mirim,-10.79,-65.35,62267500061,88.65452,2010-04-20,2010,4
Mamore_Guajara-Mirim,-10.79,-65.35,62267500061,173.84506,2010-05-06,2010,5
Mamore_Guajara-Mirim,-10.79,-65.35,62267500061,129.07283,2010-05-22,2010,5
Mamore_Guajara-Mirim,-10.79,-65.35,62267500061,179.29716,2010-06-07,2010,6
Mamore_Guajara-Mirim,-10.79,-65.35,62267500061,59.769234,2010-07-09,2010,7
Mamore_Guajara-Mirim,-10.79,-65.35,62267500061,55.28543,2010-07-25,2010,7
Mamore_Guajara-Mirim,-10.79,-65.35,62267500061,5.2887535,2010-09-11,2010,9
Mamore_Guajara-Mirim,-10.79,-65.35,62267500061,9.722476,2010-09-27,2010,9
Mamore_Guajara-Mirim,-10.79,-65.35,62267500061,10.724188,2010-11-14,2010,11
Mamore_Guajara-Mirim,-10.79,-65.35,62267500061,507.29547,2011-02-02,2011,2
Mamore_Guajara-Mirim,-10.79,-65.35,62267500061,170.18808,2011-04-23,2011,4
Mamore_Guajara-Mirim,-10.79,-65.35,62267500061,92.980705,2011-05-25,2011,5
Mamore_Guajara-Mirim,-10.79,-65.35,62267500061,140.8072,2011-07-12,2011,7
Mamore_Guajara-Mirim,-10.79,-65.35,62267500061,127.34905,2011-08-13,2011,8
Mamore_Guajara-Mirim,-10.79,-65.35,62267500061,15.177492,2011-09-14,2011,9
Mamore_Guajara-Mirim,-10.79,-65.35,62267500061,73.51552,1999-07-03,1999,7
Mamore_Guajara-Mirim,-10.79,-65.35,62267500061,76.79909,1999-07-19,1999,7
Mamore_Guajara-Mirim,-10.79,-65.35,62267500061,97.3562,1999-08-04,1999,8
Mamore_Guajara-Mirim,-10.79,-65.35,62267500061,169.17107,1999-08-20,1999,8
Mamore_Guajara-Mirim,-10.79,-65.35,62267500061,9.678025,1999-09-05,1999,9
Mamore_Guajara-Mirim,-10.79,-65.35,62267500061,113.776405,2000-07-05,2000,7
Mamore_Guajara-Mirim,-10.79,-65.35,62267500061,97.727425,2000-08-06,2000,8
Mamore_Guajara-Mirim,-10.79,-65.35,62267500061,78.916084,2000-08-22,2000,8
Mamore_Guajara-Mirim,-10.79,-65.35,62267500061,246.73595,2001-04-19,2001,4
Mamore_Guajara-Mirim,-10.79,-65.35,62267500061,194.89679,2001-05-21,2001,5
Mamore_Guajara-Mirim,-10.79,-65.35,62267500061,104.5744,2001-06-06,2001,6
Mamore_Guajara-Mirim,-10.79,-65.35,62267500061,296.3013,2001-06-22,2001,6
Mamore_Guajara-Mirim,-10.79,-65.35,62267500061,47.139828,2001-08-25,2001,8
Mamore_Guajara-Mirim,-10.79,-65.35,62267500061,118.9264,2001-10-28,2001,10
Mamore_Guajara-Mirim,-10.79,-65.35,62267500061,51.93847,2001-11-13,2001,11
Mamore_Guajara-Mirim,-10.79,-65.35,62267500061,326.43793,2002-04-06,2002,4
Mamore_Guajara-Mirim,-10.79,-65.35,62267500061,139.62526,2002-05-24,2002,5
Mamore_Guajara-Mirim,-10.79,-65.35,62267500061,300.09048,2002-06-25,2002,6
Mamore_Guajara-Mirim,-10.79,-65.35,62267500061,142.39073,2002-07-11,2002,7
Mamore_Guajara-Mirim,-10.79,-65.35,62267500061,231.2366,2002-08-12,2002,8
Mamore_Guajara-Mirim,-10.79,-65.35,62267500061,51.133545,2002-08-28,2002,8
Mamore_Guajara-Mirim,-10.79,-65.35,62267500061,24.503633,2002-09-13,2002,9
Mamore_Guajara-Mirim,-10.79,-65.35,62267500061,66.70786,2002-11-16,2002,11
Mamore_Guajara-Mirim,-10.79,-65.35,62267500061,330.89923,2003-03-24,2003,3
Mamore_Guajara-Mirim,-10.79,-65.35,62267500061,236.56552,2003-04-25,2003,4
Mamore_Guajara-Mirim,-10.79,-65.35,62267500061,138.56134,2003-08-15,2003,8
Mamore_Guajara-Mirim,-10.79,-65.35,62267500061,103.84083,2003-08-31,2003,8
Mamore_Guajara-Mirim,-10.79,-65.35,62267500061,12.606721,2003-10-18,2003,10
Mamore_Guajara-Mirim,-10.79,-65.35,62267500061,304.32,2003-12-21,2003,12
Mamore_Guajara-Mirim,-10.79,-65.35,62267500061,206.88676,2004-02-23,2004,2
Mamore_Guajara-Mirim,-10.79,-65.35,62267500061,81.42849,2004-05-13,2004,5
Mamore_Guajara-Mirim,-10.79,-65.35,62267500061,206.7107,2004-05-29,2004,5
Mamore_Guajara-Mirim,-10.79,-65.35,62267500061,102.31357,2004-06-14,2004,6
Mamore_Guajara-Mirim,-10.79,-65.35,62267500061,225.87851,2004-06-30,2004,6
Mamore_Guajara-Mirim,-10.79,-65.35,62267500061,140.39766,2004-08-01,2004,8
Mamore_Guajara-Mirim,-10.79,-65.35,62267500061,257.0505,2004-08-17,2004,8
Mamore_Guajara-Mirim,-10.79,-65.35,62267500061,79.11934,2004-09-02,2004,9
Mamore_Guajara-Mirim,-10.79,-65.35,62267500061,173.56013,2004-09-18,2004,9
Mamore_Guajara-Mirim,-10.79,-65.35,62267500061,181.83667,2005-01-08,2005,1
Mamore_Guajara-Mirim,-10.79,-65.35,62267500061,218.86224,2005-03-13,2005,3
Mamore_Guajara-Mirim,-10.79,-65.35,62267500061,260.6751,2005-04-14,2005,4
Mamore_Guajara-Mirim,-10.79,-65.35,62267500061,178.92047,2005-04-30,2005,4
Mamore_Guajara-Mirim,-10.79,-65.35,62267500061,56.75321,2005-05-16,2005,5
Mamore_Guajara-Mirim,-10.79,-65.35,62267500061,195.36835,2005-06-01,2005,6
Mamore_Guajara-Mirim,-10.79,-65.35,62267500061,124.60009,2005-06-17,2005,6
Mamore_Guajara-Mirim,-10.79,-65.35,62267500061,252.54457,2005-07-03,2005,7
Mamore_Guajara-Mirim,-10.79,-65.35,62267500061,145.65385,2005-08-04,2005,8
Mamore_Guajara-Mirim,-10.79,-65.35,62267500061,257.57272,2005-08-20,2005,8
Mamore_Guajara-Mirim,-10.79,-65.35,62267500061,12.93766,2005-09-05,2005,9
Mamore_Guajara-Mirim,-10.79,-65.35,62267500061,123.55513,2006-05-03,2006,5
Mamore_Guajara-Mirim,-10.79,-65.35,62267500061,53.575752,2006-06-20,2006,6
Mamore_Guajara-Mirim,-10.79,-65.35,62267500061,57.74656,2006-07-06,2006,7
Mamore_Guajara-Mirim,-10.79,-65.35,62267500061,64.13292,2006-07-22,2006,7
Mamore_Guajara-Mirim,-10.79,-65.35,62267500061,55.544594,2006-08-07,2006,8
Mamore_Guajara-Mirim,-10.79,-65.35,62267500061,11.168889,2006-09-08,2006,9
Mamore_Guajara-Mirim,-10.79,-65.35,62267500061,112.22432,2007-04-04,2007,4
Mamore_Guajara-Mirim,-10.79,-65.35,62267500061,163.9168,2007-04-20,2007,4
Mamore_Guajara-Mirim,-10.79,-65.35,62267500061,61.316856,2007-05-06,2007,5
Mamore_Guajara-Mirim,-10.79,-65.35,62267500061,33.90436,2007-05-22,2007,5
Mamore_Guajara-Mirim,-10.79,-65.35,62267500061,44.25736,2007-06-23,2007,6
Mamore_Guajara-Mirim,-10.79,-65.35,62267500061,65.0346,2007-07-09,2007,7
Mamore_Guajara-Mirim,-10.79,-65.35,62267500061,243.41217,2007-08-10,2007,8
Mamore_Guajara-Mirim,-10.79,-65.35,62267500061,80.610725,2007-08-26,2007,8
Mamore_Guajara-Mirim,-10.79,-65.35,62267500061,30.984077,2007-09-11,2007,9
Mamore_Guajara-Mirim,-10.79,-65.35,62267500061,26.863487,2008-04-06,2008,4
Mamore_Guajara-Mirim,-10.79,-65.35,62267500061,20.474424,2008-04-22,2008,4
Mamore_Guajara-Mirim,-10.79,-65.35,62267500061,49.806908,2008-05-24,2008,5
Mamore_Guajara-Mirim,-10.79,-65.35,62267500061,37.27529,2008-06-09,2008,6
Mamore_Guajara-Mirim,-10.79,-65.35,62267500061,33.536156,2008-07-11,2008,7
Mamore_Guajara-Mirim,-10.79,-65.35,62267500061,27.33323,2008-07-27,2008,7
Mamore_Guajara-Mirim,-10.79,-65.35,62267500061,19.760002,2008-08-12,2008,8
Mamore_Guajara-Mirim,-10.79,-65.35,62267500061,13.631792,2008-10-15,2008,10
Mamore_Guajara-Mirim,-10.79,-65.35,62267500061,62.29412,2009-06-28,2009,6
Mamore_Guajara-Mirim,-10.79,-65.35,62267500061,140.02472,2009-08-15,2009,8
Mamore_Guajara-Mirim,-10.79,-65.35,62267500061,145.2825,2009-08-31,2009,8
Mamore_Guajara-Mirim,-10.79,-65.35,62267500061,112.52883,2009-09-16,2009,9
Mamore_Guajara-Mirim,-10.79,-65.35,62267500061,42.269547,2009-10-02,2009,10
Mamore_Guajara-Mirim,-10.79,-65.35,62267500061,304.76788,2009-11-19,2009,11
Mamore_Guajara-Mirim,-10.79,-65.35,62267500061,475.53024,2010-01-06,2010,1
Mamore_Guajara-Mirim,-10.79,-65.35,62267500061,218.01491,2010-02-07,2010,2
Mamore_Guajara-Mirim,-10.79,-65.35,62267500061,343.15363,2010-02-23,2010,2
Mamore_Guajara-Mirim,-10.79,-65.35,62267500061,85.2806,2010-04-12,2010,4
Mamore_Guajara-Mirim,-10.79,-65.35,62267500061,112.0009,2010-05-30,2010,5
Mamore_Guajara-Mirim,-10.79,-65.35,62267500061,70.91158,2010-06-15,2010,6
Mamore_Guajara-Mirim,-10.79,-65.35,62267500061,42.35583,2010-07-01,2010,7
Mamore_Guajara-Mirim,-10.79,-65.35,62267500061,57.401775,2010-08-02,2010,8
Mamore_Guajara-Mirim,-10.79,-65.35,62267500061,55.060974,2010-08-18,2010,8
Mamore_Guajara-Mirim,-10.79,-65.35,62267500061,249.37872,2011-01-09,2011,1
Mamore_Guajara-Mirim,-10.79,-65.35,62267500061,139.51637,2011-04-15,2011,4
Mamore_Guajara-Mirim,-10.79,-65.35,62267500061,89.22083,2011-05-17,2011,5
Mamore_Guajara-Mirim,-10.79,-65.35,62267500061,37.232464,2011-06-02,2011,6
Mamore_Guajara-Mirim,-10.79,-65.35,62267500061,56.569622,2011-07-04,2011,7
Mamore_Guajara-Mirim,-10.79,-65.35,62267500061,73.38457,2011-07-20,2011,7
Mamore_Guajara-Mirim,-10.79,-65.35,62267500061,66.90213,2011-08-05,2011,8
Mamore_Guajara-Mirim,-10.79,-65.35,62267500061,9.701375,2011-09-22,2011,9
Mamore_Guajara-Mirim,-10.79,-65.35,62267500061,6.9188857,2011-10-08,2011,10
Mamore_Guajara-Mirim,-10.79,-65.35,62267500061,83.173584,2011-11-25,2011,11
Mamore_Guajara-Mirim,-10.79,-65.35,62267500061,304.00275,2012-04-01,2012,4
Mamore_Guajara-Mirim,-10.79,-65.35,62267500061,281.5646,2012-05-03,2012,5
Mamore_Guajara-Mirim,-10.79,-65.35,62267500061,219.6492,2012-06-04,2012,6
Mamore_Guajara-Mirim,-10.79,-65.35,62267500061,306.5649,2012-06-20,2012,6
Mamore_Guajara-Mirim,-10.79,-65.35,62267500061,266.97964,2012-07-06,2012,7
Mamore_Guajara-Mirim,-10.79,-65.35,62267500061,361.1263,2012-07-22,2012,7
Mamore_Guajara-Mirim,-10.79,-65.35,62267500061,142.0412,2012-08-07,2012,8
Mamore_Guajara-Mirim,-10.79,-65.35,62267500061,155.29538,2012-08-23,2012,8
Mamore_Guajara-Mirim,-10.79,-65.35,62267500061,125.919815,2012-09-08,2012,9
Mamore_Guajara-Mirim,-10.79,-65.35,62267500061,73.31769,2012-09-24,2012,9
Mamore_Guajara-Mirim,-10.79,-65.35,62267500061,48.383617,2012-10-10,2012,10
Mamore_Guajara-Mirim,-10.79,-65.35,62267500061,177.74127,2012-11-11,2012,11
Mamore_Guajara-Mirim,-10.79,-65.35,62267500061,113.53438,2012-11-27,2012,11
Mamore_Guajara-Mirim,-10.79,-65.35,62267500061,89.51761,2013-02-15,2013,2
Mamore_Guajara-Mirim,-10.79,-65.35,62267500061,98.550865,2013-06-07,2013,6
Mamore_Guajara-Mirim,-10.79,-65.35,62267500061,27.681126,2013-06-23,2013,6
Mamore_Guajara-Mirim,-10.79,-65.35,62267500061,91.59577,2013-07-25,2013,7
Mamore_Guajara-Mirim,-10.79,-65.35,62267500061,137.92105,2013-08-26,2013,8
Mamore_Guajara-Mirim,-10.79,-65.35,62267500061,112.46874,2013-09-11,2013,9
Mamore_Guajara-Mirim,-10.79,-65.35,62267500061,132.85388,2013-09-27,2013,9
Mamore_Guajara-Mirim,-10.79,-65.35,62267500061,88.43706,2014-06-26,2014,6
Mamore_Guajara-Mirim,-10.79,-65.35,62267500061,184.62132,2014-07-12,2014,7
Mamore_Guajara-Mirim,-10.79,-65.35,62267500061,96.24542,2014-08-13,2014,8
Mamore_Guajara-Mirim,-10.79,-65.35,62267500061,106.2001,2014-09-14,2014,9
Mamore_Guajara-Mirim,-10.79,-65.35,62267500061,42.01153,2014-09-30,2014,9
Mamore_Guajara-Mirim,-10.79,-65.35,62267500061,86.06919,2014-10-16,2014,10
Mamore_Guajara-Mirim,-10.79,-65.35,62267500061,141.03613,2015-04-26,2015,4
Mamore_Guajara-Mirim,-10.79,-65.35,62267500061,211.622,2015-06-13,2015,6
Mamore_Guajara-Mirim,-10.79,-65.35,62267500061,150.19379,2015-07-15,2015,7
Mamore_Guajara-Mirim,-10.79,-65.35,62267500061,450.43997,2015-07-31,2015,7
Mamore_Guajara-Mirim,-10.79,-65.35,62267500061,561.0262,2015-08-16,2015,8
Mamore_Guajara-Mirim,-10.79,-65.35,62267500061,194.40855,2015-09-17,2015,9
Mamore_Guajara-Mirim,-10.79,-65.35,62267500061,62.27027,2015-10-19,2015,10
Mamore_Guajara-Mirim,-10.79,-65.35,62267500061,342.98734,2015-11-20,2015,11
Mamore_Guajara-Mirim,-10.79,-65.35,62267500061,586.34686,2016-01-23,2016,1
Mamore_Guajara-Mirim,-10.79,-65.35,62267500061,718.1919,2016-02-08,2016,2
Mamore_Guajara-Mirim,-10.79,-65.35,62267500061,255.50655,2016-03-27,2016,3
Mamore_Guajara-Mirim,-10.79,-65.35,62267500061,137.28868,2016-06-15,2016,6
Mamore_Guajara-Mirim,-10.79,-65.35,62267500061,106.35664,2016-07-01,2016,7
Mamore_Guajara-Mirim,-10.79,-65.35,62267500061,89.076385,2016-07-17,2016,7
Mamore_Guajara-Mirim,-10.79,-65.35,62267500061,39.14414,2016-08-02,2016,8
Mamore_Guajara-Mirim,-10.79,-65.35,62267500061,49.926693,2016-08-18,2016,8
Mamore_Guajara-Mirim,-10.79,-65.35,62267500061,20.190504,2016-09-19,2016,9
Mamore_Guajara-Mirim,-10.79,-65.35,62267500061,74.18603,2016-11-06,2016,11
Mamore_Guajara-Mirim,-10.79,-65.35,62267500061,136.59383,2016-12-08,2016,12
Mamore_Guajara-Mirim,-10.79,-65.35,62267500061,288.98227,2017-01-09,2017,1
Mamore_Guajara-Mirim,-10.79,-65.35,62267500061,318.90784,2017-05-01,2017,5
Mamore_Guajara-Mirim,-10.79,-65.35,62267500061,144.33301,2017-06-18,2017,6
Mamore_Guajara-Mirim,-10.79,-65.35,62267500061,58.405773,2017-07-04,2017,7
Mamore_Guajara-Mirim,-10.79,-65.35,62267500061,85.46883,2017-07-20,2017,7
Mamore_Guajara-Mirim,-10.79,-65.35,62267500061,112.356735,2017-08-05,2017,8
Mamore_Guajara-Mirim,-10.79,-65.35,62267500061,249.16402,2017-08-21,2017,8
Mamore_Guajara-Mirim,-10.79,-65.35,62267500061,20.755568,2017-10-08,2017,10
Mamore_Guajara-Mirim,-10.79,-65.35,62267500061,34.99375,2018-04-02,2018,4
Mamore_Guajara-Mirim,-10.79,-65.35,62267500061,35.2674,2018-04-18,2018,4
Mamore_Guajara-Mirim,-10.79,-65.35,62267500061,85.80106,2018-06-21,2018,6
Mamore_Guajara-Mirim,-10.79,-65.35,62267500061,54.548363,2018-07-07,2018,7
Mamore_Guajara-Mirim,-10.79,-65.35,62267500061,79.50685,2018-07-23,2018,7
Mamore_Guajara-Mirim,-10.79,-65.35,62267500061,36.56386,2018-08-24,2018,8
Mamore_Guajara-Mirim,-10.79,-65.35,62267500061,72.60519,2018-09-09,2018,9
Mamore_Guajara-Mirim,-10.79,-65.35,62267500061,72.286026,2018-10-27,2018,10
Mamore_Guajara-Mirim,-10.79,-65.35,62267500061,401.2764,2018-12-14,2018,12
Mamore_Guajara-Mirim,-10.79,-65.35,62267500061,155.73694,2019-04-21,2019,4
Mamore_Guajara-Mirim,-10.79,-65.35,62267500061,59.271263,2019-05-07,2019,5
Mamore_Guajara-Mirim,-10.79,-65.35,62267500061,98.07739,2019-06-24,2019,6
Mamore_Guajara-Mirim,-10.79,-65.35,62267500061,84.77273,2019-07-10,2019,7
Mamore_Guajara-Mirim,-10.79,-65.35,62267500061,131.25185,2019-07-26,2019,7
Mamore_Guajara-Mirim,-10.79,-65.35,62267500061,431.9751,2019-08-11,2019,8
Mamore_Guajara-Mirim,-10.79,-65.35,62267500061,103.209076,2019-09-12,2019,9
Mamore_Guajara-Mirim,-10.79,-65.35,62267500061,9.767675,2019-09-28,2019,9
Mamore_Guajara-Mirim,-10.79,-65.35,62267500061,46.83226,2019-10-30,2019,10
Mamore_Guajara-Mirim,-10.79,-65.35,62267500061,768.13403,2020-02-19,2020,2
Mamore_Guajara-Mirim,-10.79,-65.35,62267500061,220.61006,2020-04-23,2020,4
Mamore_Guajara-Mirim,-10.79,-65.35,62267500061,179.94452,2020-05-09,2020,5
Mamore_Guajara-Mirim,-10.79,-65.35,62267500061,78.79343,2020-05-25,2020,5
Mamore_Guajara-Mirim,-10.79,-65.35,62267500061,130.8529,2020-06-10,2020,6
Mamore_Guajara-Mirim,-10.79,-65.35,62267500061,53.979576,2020-06-26,2020,6
Mamore_Guajara-Mirim,-10.79,-65.35,62267500061,159.5522,2020-07-28,2020,7
Mamore_Guajara-Mirim,-10.79,-65.35,62267500061,123.22362,2020-08-13,2020,8
Mamore_Guajara-Mirim,-10.79,-65.35,62267500061,452.7595,2021-01-20,2021,1
Mamore_Guajara-Mirim,-10.79,-65.35,62267500061,159.20685,2021-03-25,2021,3
Mamore_Guajara-Mirim,-10.79,-65.35,62267500061,107.4514,2021-05-28,2021,5
Mamore_Guajara-Mirim,-10.79,-65.35,62267500061,54.160942,2021-06-13,2021,6
Mamore_Guajara-Mirim,-10.79,-65.35,62267500061,233.57935,2021-07-15,2021,7
Mamore_Guajara-Mirim,-10.79,-65.35,62267500061,105.00252,2021-07-31,2021,7
Mamore_Guajara-Mirim,-10.79,-65.35,62267500061,98.30638,2021-08-16,2021,8
Mamore_Guajara-Mirim,-10.79,-65.35,62267500061,48.54553,2021-10-03,2021,10
Mamore_Guajara-Mirim,-10.79,-65.35,62267500061,110.78587,2013-06-15,2013,6
Mamore_Guajara-Mirim,-10.79,-65.35,62267500061,193.32532,2013-07-01,2013,7
Mamore_Guajara-Mirim,-10.79,-65.35,62267500061,132.35368,2013-08-02,2013,8
Mamore_Guajara-Mirim,-10.79,-65.35,62267500061,109.41336,2013-08-18,2013,8
Mamore_Guajara-Mirim,-10.79,-65.35,62267500061,228.14943,2013-09-03,2013,9
Mamore_Guajara-Mirim,-10.79,-65.35,62267500061,242.978,2013-09-19,2013,9
Mamore_Guajara-Mirim,-10.79,-65.35,62267500061,108.94699,2013-10-21,2013,10
Mamore_Guajara-Mirim,-10.79,-65.35,62267500061,17.369982,2014-05-01,2014,5
Mamore_Guajara-Mirim,-10.79,-65.35,62267500061,68.528404,2014-06-18,2014,6
Mamore_Guajara-Mirim,-10.79,-65.35,62267500061,164.0439,2014-07-20,2014,7
Mamore_Guajara-Mirim,-10.79,-65.35,62267500061,131.13235,2014-08-05,2014,8
Mamore_Guajara-Mirim,-10.79,-65.35,62267500061,86.70046,2014-08-21,2014,8
Mamore_Guajara-Mirim,-10.79,-65.35,62267500061,91.853035,2014-09-06,2014,9
Mamore_Guajara-Mirim,-10.79,-65.35,62267500061,59.500355,2014-09-22,2014,9
Mamore_Guajara-Mirim,-10.79,-65.35,62267500061,349.21085,2014-12-27,2014,12
Mamore_Guajara-Mirim,-10.79,-65.35,62267500061,164.85742,2015-04-02,2015,4
Mamore_Guajara-Mirim,-10.79,-65.35,62267500061,153.30612,2015-05-20,2015,5
Mamore_Guajara-Mirim,-10.79,-65.35,62267500061,205.16928,2015-06-05,2015,6
Mamore_Guajara-Mirim,-10.79,-65.35,62267500061,183.60269,2015-06-21,2015,6
Mamore_Guajara-Mirim,-10.79,-65.35,62267500061,158.81682,2015-07-07,2015,7
Mamore_Guajara-Mirim,-10.79,-65.35,62267500061,216.6626,2015-07-23,2015,7
Mamore_Guajara-Mirim,-10.79,-65.35,62267500061,249.14993,2015-08-08,2015,8
Mamore_Guajara-Mirim,-10.79,-65.35,62267500061,28.892542,2015-08-24,2015,8
Mamore_Guajara-Mirim,-10.79,-65.35,62267500061,187.02902,2015-09-09,2015,9
Mamore_Guajara-Mirim,-10.79,-65.35,62267500061,109.18991,2015-11-12,2015,11
Mamore_Guajara-Mirim,-10.79,-65.35,62267500061,574.79144,2015-12-14,2015,12
Mamore_Guajara-Mirim,-10.79,-65.35,62267500061,574.8176,2016-03-03,2016,3
Mamore_Guajara-Mirim,-10.79,-65.35,62267500061,301.5573,2016-04-04,2016,4
Mamore_Guajara-Mirim,-10.79,-65.35,62267500061,339.64664,2016-04-20,2016,4
Mamore_Guajara-Mirim,-10.79,-65.35,62267500061,305.49423,2016-05-06,2016,5
Mamore_Guajara-Mirim,-10.79,-65.35,62267500061,103.417564,2016-06-23,2016,6
Mamore_Guajara-Mirim,-10.79,-65.35,62267500061,65.78091,2016-07-09,2016,7
Mamore_Guajara-Mirim,-10.79,-65.35,62267500061,104.99075,2016-07-25,2016,7
Mamore_Guajara-Mirim,-10.79,-65.35,62267500061,17.36401,2016-08-26,2016,8
Mamore_Guajara-Mirim,-10.79,-65.35,62267500061,39.049377,2016-09-11,2016,9
Mamore_Guajara-Mirim,-10.79,-65.35,62267500061,148.58717,2016-09-27,2016,9
Mamore_Guajara-Mirim,-10.79,-65.35,62267500061,14.944299,2016-10-13,2016,10
Mamore_Guajara-Mirim,-10.79,-65.35,62267500061,99.369545,2016-11-14,2016,11
Mamore_Guajara-Mirim,-10.79,-65.35,62267500061,417.91507,2017-02-18,2017,2
Mamore_Guajara-Mirim,-10.79,-65.35,62267500061,265.81363,2017-05-25,2017,5
Mamore_Guajara-Mirim,-10.79,-65.35,62267500061,216.85895,2017-06-26,2017,6
Mamore_Guajara-Mirim,-10.79,-65.35,62267500061,125.82701,2017-07-12,2017,7
Mamore_Guajara-Mirim,-10.79,-65.35,62267500061,98.292816,2017-07-28,2017,7
Mamore_Guajara-Mirim,-10.79,-65.35,62267500061,70.78905,2017-08-29,2017,8
Mamore_Guajara-Mirim,-10.79,-65.35,62267500061,15.239066,2017-10-16,2017,10
Mamore_Guajara-Mirim,-10.79,-65.35,62267500061,260.9689,2018-01-20,2018,1
Mamore_Guajara-Mirim,-10.79,-65.35,62267500061,126.20411,2018-04-26,2018,4
Mamore_Guajara-Mirim,-10.79,-65.35,62267500061,150.80766,2018-05-28,2018,5
Mamore_Guajara-Mirim,-10.79,-65.35,62267500061,76.026,2018-06-29,2018,6
Mamore_Guajara-Mirim,-10.79,-65.35,62267500061,87.19265,2018-07-15,2018,7
Mamore_Guajara-Mirim,-10.79,-65.35,62267500061,119.80442,2018-07-31,2018,7
Mamore_Guajara-Mirim,-10.79,-65.35,62267500061,112.818375,2018-09-01,2018,9
Mamore_Guajara-Mirim,-10.79,-65.35,62267500061,49.045128,2018-09-17,2018,9
Mamore_Guajara-Mirim,-10.79,-65.35,62267500061,158.60597,2018-11-04,2018,11
Mamore_Guajara-Mirim,-10.79,-65.35,62267500061,153.5283,2019-05-15,2019,5
Mamore_Guajara-Mirim,-10.79,-65.35,62267500061,158.87611,2019-05-31,2019,5
Mamore_Guajara-Mirim,-10.79,-65.35,62267500061,107.41802,2019-06-16,2019,6
Mamore_Guajara-Mirim,-10.79,-65.35,62267500061,97.08028,2019-07-02,2019,7
Mamore_Guajara-Mirim,-10.79,-65.35,62267500061,97.120735,2019-07-18,2019,7
Mamore_Guajara-Mirim,-10.79,-65.35,62267500061,129.76875,2019-08-03,2019,8
Mamore_Guajara-Mirim,-10.79,-65.35,62267500061,26.280544,2019-09-20,2019,9
Mamore_Guajara-Mirim,-10.79,-65.35,62267500061,108.38177,2020-05-01,2020,5
Mamore_Guajara-Mirim,-10.79,-65.35,62267500061,235.16605,2020-05-17,2020,5
Mamore_Guajara-Mirim,-10.79,-65.35,62267500061,83.005585,2020-06-18,2020,6
Mamore_Guajara-Mirim,-10.79,-65.35,62267500061,98.47707,2020-07-04,2020,7
Mamore_Guajara-Mirim,-10.79,-65.35,62267500061,108.84918,2020-07-20,2020,7
Mamore_Guajara-Mirim,-10.79,-65.35,62267500061,115.777115,2020-08-05,2020,8
Mamore_Guajara-Mirim,-10.79,-65.35,62267500061,213.94,2020-09-06,2020,9
Mamore_Guajara-Mirim,-10.79,-65.35,62267500061,99.20229,2020-09-22,2020,9
Mamore_Guajara-Mirim,-10.79,-65.35,62267500061,103.66033,2020-10-08,2020,10
Mamore_Guajara-Mirim,-10.79,-65.35,62267500061,51.691025,2020-10-24,2020,10
Mamore_Guajara-Mirim,-10.79,-65.35,62267500061,486.47775,2021-01-12,2021,1
Mamore_Guajara-Mirim,-10.79,-65.35,62267500061,123.38018,2021-03-17,2021,3
Mamore_Guajara-Mirim,-10.79,-65.35,62267500061,232.379,2021-05-04,2021,5
Mamore_Guajara-Mirim,-10.79,-65.35,62267500061,221.86078,2021-05-20,2021,5
Mamore_Guajara-Mirim,-10.79,-65.35,62267500061,71.827255,2021-06-05,2021,6
Mamore_Guajara-Mirim,-10.79,-65.35,62267500061,102.53111,2021-07-07,2021,7
Mamore_Guajara-Mirim,-10.79,-65.35,62267500061,114.55972,2021-07-23,2021,7
Mamore_Guajara-Mirim,-10.79,-65.35,62267500061,137.13051,2021-08-08,2021,8
Mamore_Guajara-Mirim,-10.79,-65.35,62267500061,91.957954,2021-08-24,2021,8
Mamore_Guajara-Mirim,-10.79,-65.35,62267500061,32.518623,2021-09-09,2021,9
Mamore_Guajara-Mirim,-10.79,-65.35,62267500061,67.971,2021-10-11,2021,10
Mamore_Guajara-Mirim,-10.79,-65.35,62267500061,17.823143,2021-10-27,2021,10
Pilcomayo_LaPaz,-22.45,-62.37,64244300071,456.5556,1985-01-29,1985,1
Pilcomayo_LaPaz,-22.45,-62.37,64244300071,228.95847,1987-02-20,1987,2
Pilcomayo_LaPaz,-22.45,-62.37,64244300071,334.29572,1987-08-15,1987,8
Pilcomayo_LaPaz,-22.45,-62.37,64244300071,367.59784,1987-08-31,1987,8
Pilcomayo_LaPaz,-22.45,-62.37,64244300071,427.4043,1987-11-03,1987,11
Pilcomayo_LaPaz,-22.45,-62.37,64244300071,204.58116,1987-12-05,1987,12
Pilcomayo_LaPaz,-22.45,-62.37,64244300071,637.8737,1988-03-10,1988,3
Pilcomayo_LaPaz,-22.45,-62.37,64244300071,326.4064,1988-03-26,1988,3
Pilcomayo_LaPaz,-22.45,-62.37,64244300071,930.6911,1988-05-13,1988,5
Pilcomayo_LaPaz,-22.45,-62.37,64244300071,442.4928,1988-06-14,1988,6
Pilcomayo_LaPaz,-22.45,-62.37,64244300071,423.85242,1988-07-16,1988,7
Pilcomayo_LaPaz,-22.45,-62.37,64244300071,513.29156,1989-01-08,1989,1
Pilcomayo_LaPaz,-22.45,-62.37,64244300071,731.762,1989-06-17,1989,6
Pilcomayo_LaPaz,-22.45,-62.37,64244300071,416.16614,1989-10-07,1989,10
Pilcomayo_LaPaz,-22.45,-62.37,64244300071,602.1786,1989-12-10,1989,12
Pilcomayo_LaPaz,-22.45,-62.37,64244300071,453.25192,1989-12-26,1989,12
Pilcomayo_LaPaz,-22.45,-62.37,64244300071,418.5968,1990-01-11,1990,1
Pilcomayo_LaPaz,-22.45,-62.37,64244300071,480.26917,1990-02-28,1990,2
Pilcomayo_LaPaz,-22.45,-62.37,64244300071,687.12524,1990-04-01,1990,4
Pilcomayo_LaPaz,-22.45,-62.37,64244300071,413.37433,1990-05-19,1990,5
Pilcomayo_LaPaz,-22.45,-62.37,64244300071,220.74889,1990-09-24,1990,9
Pilcomayo_LaPaz,-22.45,-62.37,64244300071,155.13068,1990-10-10,1990,10
Pilcomayo_LaPaz,-22.45,-62.37,64244300071,479.78217,1991-01-14,1991,1
Pilcomayo_LaPaz,-22.45,-62.37,64244300071,351.02008,1991-03-19,1991,3
Pilcomayo_LaPaz,-22.45,-62.37,64244300071,572.31024,1991-04-20,1991,4
Pilcomayo_LaPaz,-22.45,-62.37,64244300071,400.48984,1991-07-25,1991,7
Pilcomayo_LaPaz,-22.45,-62.37,64244300071,581.6897,1991-10-13,1991,10
Pilcomayo_LaPaz,-22.45,-62.37,64244300071,582.1008,1991-12-16,1991,12
Pilcomayo_LaPaz,-22.45,-62.37,64244300071,423.73587,1992-01-17,1992,1
Pilcomayo_LaPaz,-22.45,-62.37,64244300071,358.91727,1992-07-11,1992,7
Pilcomayo_LaPaz,-22.45,-62.37,64244300071,333.20044,1992-08-28,1992,8
Pilcomayo_LaPaz,-22.45,-62.37,64244300071,120.12561,1992-09-29,1992,9
Pilcomayo_LaPaz,-22.45,-62.37,64244300071,498.78174,1992-10-31,1992,10
Pilcomayo_LaPaz,-22.45,-62.37,64244300071,548.3749,1992-12-02,1992,12
Pilcomayo_LaPaz,-22.45,-62.37,64244300071,645.3051,1992-12-18,1992,12
Pilcomayo_LaPaz,-22.45,-62.37,64244300071,344.8633,1993-01-03,1993,1
Pilcomayo_LaPaz,-22.45,-62.37,64244300071,749.01416,1993-02-20,1993,2
Pilcomayo_LaPaz,-22.45,-62.37,64244300071,494.52756,1993-04-09,1993,4
Pilcomayo_LaPaz,-22.45,-62.37,64244300071,342.61264,1993-07-14,1993,7
Pilcomayo_LaPaz,-22.45,-62.37,64244300071,427.2816,1993-07-30,1993,7
Pilcomayo_LaPaz,-22.45,-62.37,64244300071,335.62283,1994-05-14,1994,5
Pilcomayo_LaPaz,-22.45,-62.37,64244300071,311.5831,1994-08-02,1994,8
Pilcomayo_LaPaz,-22.45,-62.37,64244300071,502.0305,1994-12-24,1994,12
Pilcomayo_LaPaz,-22.45,-62.37,64244300071,343.62283,1995-07-20,1995,7
Pilcomayo_LaPaz,-22.45,-62.37,64244300071,475.49316,1995-12-27,1995,12
Pilcomayo_LaPaz,-22.45,-62.37,64244300071,443.6226,1996-04-17,1996,4
Pilcomayo_LaPaz,-22.45,-62.37,64244300071,460.2418,1996-06-04,1996,6
Pilcomayo_LaPaz,-22.45,-62.37,64244300071,330.6483,1996-07-22,1996,7
Pilcomayo_LaPaz,-22.45,-62.37,64244300071,290.49225,1996-08-23,1996,8
Pilcomayo_LaPaz,-22.45,-62.37,64244300071,504.7481,1996-12-29,1996,12
Pilcomayo_LaPaz,-22.45,-62.37,64244300071,509.7793,1997-08-26,1997,8
Pilcomayo_LaPaz,-22.45,-62.37,64244300071,476.65933,1997-11-14,1997,11
Pilcomayo_LaPaz,-22.45,-62.37,64244300071,358.87924,1998-01-17,1998,1
Pilcomayo_LaPaz,-22.45,-62.37,64244300071,174.83249,1998-08-29,1998,8
Pilcomayo_LaPaz,-22.45,-62.37,64244300071,99.6488,1998-09-30,1998,9
Pilcomayo_LaPaz,-22.45,-62.37,64244300071,746.28674,1998-12-03,1998,12
Pilcomayo_LaPaz,-22.45,-62.37,64244300071,565.4298,1998-12-19,1998,12
Pilcomayo_LaPaz,-22.45,-62.37,64244300071,540.87286,1999-01-20,1999,1
Pilcomayo_LaPaz,-22.45,-62.37,64244300071,375.5753,1999-02-21,1999,2
Pilcomayo_LaPaz,-22.45,-62.37,64244300071,507.9607,1999-04-26,1999,4
Pilcomayo_LaPaz,-22.45,-62.37,64244300071,443.0808,1999-06-13,1999,6
Pilcomayo_LaPaz,-22.45,-62.37,64244300071,254.52419,1999-07-31,1999,7
Pilcomayo_LaPaz,-22.45,-62.37,64244300071,181.71483,1999-08-16,1999,8
Pilcomayo_LaPaz,-22.45,-62.37,64244300071,493.36398,1999-11-20,1999,11
Pilcomayo_LaPaz,-22.45,-62.37,64244300071,616.4406,2000-01-07,2000,1
Pilcomayo_LaPaz,-22.45,-62.37,64244300071,451.55264,2000-02-24,2000,2
Pilcomayo_LaPaz,-22.45,-62.37,64244300071,250.38123,2000-06-15,2000,6
Pilcomayo_LaPaz,-22.45,-62.37,64244300071,330.93265,2000-07-17,2000,7
Pilcomayo_LaPaz,-22.45,-62.37,64244300071,144.82057,2000-09-03,2000,9
Pilcomayo_LaPaz,-22.45,-62.37,64244300071,86.02313,2000-09-19,2000,9
Pilcomayo_LaPaz,-22.45,-62.37,64244300071,1056.963,2000-10-21,2000,10
Pilcomayo_LaPaz,-22.45,-62.37,64244300071,685.8959,2000-11-06,2000,11
Pilcomayo_LaPaz,-22.45,-62.37,64244300071,388.75726,2000-11-22,2000,11
Pilcomayo_LaPaz,-22.45,-62.37,64244300071,465.40872,2000-12-08,2000,12
Pilcomayo_LaPaz,-22.45,-62.37,64244300071,335.1524,2001-02-10,2001,2
Pilcomayo_LaPaz,-22.45,-62.37,64244300071,410.57892,2001-03-14,2001,3
Pilcomayo_LaPaz,-22.45,-62.37,64244300071,450.99597,2001-03-30,2001,3
Pilcomayo_LaPaz,-22.45,-62.37,64244300071,473.90326,2001-04-15,2001,4
Pilcomayo_LaPaz,-22.45,-62.37,64244300071,460.6743,2001-07-04,2001,7
Pilcomayo_LaPaz,-22.45,-62.37,64244300071,74.3337,2001-10-08,2001,10
Pilcomayo_LaPaz,-22.45,-62.37,64244300071,408.2558,2001-12-27,2001,12
Pilcomayo_LaPaz,-22.45,-62.37,64244300071,542.7807,2002-01-12,2002,1
Pilcomayo_LaPaz,-22.45,-62.37,64244300071,297.67902,2003-08-11,2003,8
Pilcomayo_LaPaz,-22.45,-62.37,64244300071,448.5419,2003-10-14,2003,10
Pilcomayo_LaPaz,-22.45,-62.37,64244300071,395.39148,2003-12-01,2003,12
Pilcomayo_LaPaz,-22.45,-62.37,64244300071,474.0547,2003-12-17,2003,12
Pilcomayo_LaPaz,-22.45,-62.37,64244300071,393.00256,2004-01-02,2004,1
Pilcomayo_LaPaz,-22.45,-62.37,64244300071,412.32315,2004-03-06,2004,3
Pilcomayo_LaPaz,-22.45,-62.37,64244300071,705.6226,2004-03-22,2004,3
Pilcomayo_LaPaz,-22.45,-62.37,64244300071,494.73856,2004-04-07,2004,4
Pilcomayo_LaPaz,-22.45,-62.37,64244300071,526.4812,2004-05-09,2004,5
Pilcomayo_LaPaz,-22.45,-62.37,64244300071,487.94052,2004-05-25,2004,5
Pilcomayo_LaPaz,-22.45,-62.37,64244300071,340.85815,2004-07-12,2004,7
Pilcomayo_LaPaz,-22.45,-62.37,64244300071,191.85075,2004-08-29,2004,8
Pilcomayo_LaPaz,-22.45,-62.37,64244300071,191.97128,2004-09-14,2004,9
Pilcomayo_LaPaz,-22.45,-62.37,64244300071,489.82568,2004-12-03,2004,12
Pilcomayo_LaPaz,-22.45,-62.37,64244300071,288.0894,2004-12-19,2004,12
Pilcomayo_LaPaz,-22.45,-62.37,64244300071,464.89545,2005-01-20,2005,1
Pilcomayo_LaPaz,-22.45,-62.37,64244300071,483.21503,2005-02-05,2005,2
Pilcomayo_LaPaz,-22.45,-62.37,64244300071,632.9323,2005-02-21,2005,2
Pilcomayo_LaPaz,-22.45,-62.37,64244300071,433.7133,2005-03-25,2005,3
Pilcomayo_LaPaz,-22.45,-62.37,64244300071,548.44476,2005-04-10,2005,4
Pilcomayo_LaPaz,-22.45,-62.37,64244300071,439.96857,2005-07-15,2005,7
Pilcomayo_LaPaz,-22.45,-62.37,64244300071,410.91376,2005-07-31,2005,7
Pilcomayo_LaPaz,-22.45,-62.37,64244300071,233.3694,2005-09-01,2005,9
Pilcomayo_LaPaz,-22.45,-62.37,64244300071,181.75732,2005-09-17,2005,9
Pilcomayo_LaPaz,-22.45,-62.37,64244300071,571.1279,2005-10-03,2005,10
Pilcomayo_LaPaz,-22.45,-62.37,64244300071,469.79706,2005-10-19,2005,10
Pilcomayo_LaPaz,-22.45,-62.37,64244300071,509.0248,2005-11-04,2005,11
Pilcomayo_LaPaz,-22.45,-62.37,64244300071,440.64392,2005-11-20,2005,11
Pilcomayo_LaPaz,-22.45,-62.37,64244300071,696.7607,2006-01-23,2006,1
Pilcomayo_LaPaz,-22.45,-62.37,64244300071,431.39447,2006-04-29,2006,4
Pilcomayo_LaPaz,-22.45,-62.37,64244300071,410.1072,2006-05-15,2006,5
Pilcomayo_LaPaz,-22.45,-62.37,64244300071,370.52792,2006-07-02,2006,7
Pilcomayo_LaPaz,-22.45,-62.37,64244300071,350.51306,2006-07-18,2006,7
Pilcomayo_LaPaz,-22.45,-62.37,64244300071,316.6499,2006-08-19,2006,8
Pilcomayo_LaPaz,-22.45,-62.37,64244300071,276.44193,2006-10-06,2006,10
Pilcomayo_LaPaz,-22.45,-62.37,64244300071,817.61035,2006-12-25,2006,12
Pilcomayo_LaPaz,-22.45,-62.37,64244300071,501.5104,2007-01-10,2007,1
Pilcomayo_LaPaz,-22.45,-62.37,64244300071,470.92496,2007-02-27,2007,2
Pilcomayo_LaPaz,-22.45,-62.37,64244300071,473.68427,2007-04-16,2007,4
Pilcomayo_LaPaz,-22.45,-62.37,64244300071,539.5635,2007-07-05,2007,7
Pilcomayo_LaPaz,-22.45,-62.37,64244300071,311.8319,2007-07-21,2007,7
Pilcomayo_LaPaz,-22.45,-62.37,64244300071,310.0595,2007-08-22,2007,8
Pilcomayo_LaPaz,-22.45,-62.37,64244300071,310.76108,2008-01-13,2008,1
Pilcomayo_LaPaz,-22.45,-62.37,64244300071,502.57703,2008-02-14,2008,2
Pilcomayo_LaPaz,-22.45,-62.37,64244300071,349.43808,2008-03-01,2008,3
Pilcomayo_LaPaz,-22.45,-62.37,64244300071,506.8676,2008-03-17,2008,3
Pilcomayo_LaPaz,-22.45,-62.37,64244300071,263.42612,2008-08-24,2008,8
Pilcomayo_LaPaz,-22.45,-62.37,64244300071,166.1247,2008-09-09,2008,9
Pilcomayo_LaPaz,-22.45,-62.37,64244300071,180.70549,2008-10-11,2008,10
Pilcomayo_LaPaz,-22.45,-62.37,64244300071,418.58713,2008-11-12,2008,11
Pilcomayo_LaPaz,-22.45,-62.37,64244300071,595.02625,2008-11-28,2008,11
Pilcomayo_LaPaz,-22.45,-62.37,64244300071,470.3506,2009-01-15,2009,1
Pilcomayo_LaPaz,-22.45,-62.37,64244300071,345.16864,2009-02-16,2009,2
Pilcomayo_LaPaz,-22.45,-62.37,64244300071,404.21014,2009-08-11,2009,8
Pilcomayo_LaPaz,-22.45,-62.37,64244300071,266.8507,2009-08-27,2009,8
Pilcomayo_LaPaz,-22.45,-62.37,64244300071,273.71933,2009-09-12,2009,9
Pilcomayo_LaPaz,-22.45,-62.37,64244300071,283.93127,2009-10-14,2009,10
Pilcomayo_LaPaz,-22.45,-62.37,64244300071,171.70877,2009-10-30,2009,10
Pilcomayo_LaPaz,-22.45,-62.37,64244300071,678.7556,2010-01-18,2010,1
Pilcomayo_LaPaz,-22.45,-62.37,64244300071,466.8635,2010-02-03,2010,2
Pilcomayo_LaPaz,-22.45,-62.37,64244300071,569.127,2010-02-19,2010,2
Pilcomayo_LaPaz,-22.45,-62.37,64244300071,469.00543,2010-04-08,2010,4
Pilcomayo_LaPaz,-22.45,-62.37,64244300071,348.23813,2010-05-10,2010,5
Pilcomayo_LaPaz,-22.45,-62.37,64244300071,397.45807,2010-07-29,2010,7
Pilcomayo_LaPaz,-22.45,-62.37,64244300071,419.71005,2010-08-14,2010,8
Pilcomayo_LaPaz,-22.45,-62.37,64244300071,310.74045,2010-09-15,2010,9
Pilcomayo_LaPaz,-22.45,-62.37,64244300071,180.5742,2010-11-18,2010,11
Pilcomayo_LaPaz,-22.45,-62.37,64244300071,492.64865,2011-01-05,2011,1
Pilcomayo_LaPaz,-22.45,-62.37,64244300071,434.7393,2011-03-10,2011,3
Pilcomayo_LaPaz,-22.45,-62.37,64244300071,538.1391,2011-04-27,2011,4
Pilcomayo_LaPaz,-22.45,-62.37,64244300071,252.33946,2011-09-02,2011,9
Pilcomayo_LaPaz,-22.45,-62.37,64244300071,241.25183,2011-10-04,2011,10
Pilcomayo_LaPaz,-22.45,-62.37,64244300071,193.73254,2011-10-20,2011,10
Pilcomayo_LaPaz,-22.45,-62.37,64244300071,254.78421,1999-08-08,1999,8
Pilcomayo_LaPaz,-22.45,-62.37,64244300071,113.9906,1999-09-09,1999,9
Pilcomayo_LaPaz,-22.45,-62.37,64244300071,517.3432,1999-10-27,1999,10
Pilcomayo_LaPaz,-22.45,-62.37,64244300071,651.40753,1999-11-28,1999,11
Pilcomayo_LaPaz,-22.45,-62.37,64244300071,470.14923,2000-04-20,2000,4
Pilcomayo_LaPaz,-22.45,-62.37,64244300071,372.8633,2000-06-23,2000,6
Pilcomayo_LaPaz,-22.45,-62.37,64244300071,174.05104,2000-07-25,2000,7
Pilcomayo_LaPaz,-22.45,-62.37,64244300071,89.34376,2000-09-27,2000,9
Pilcomayo_LaPaz,-22.45,-62.37,64244300071,368.34366,2001-01-01,2001,1
Pilcomayo_LaPaz,-22.45,-62.37,64244300071,323.13635,2001-01-17,2001,1
Pilcomayo_LaPaz,-22.45,-62.37,64244300071,329.30017,2001-06-26,2001,6
Pilcomayo_LaPaz,-22.45,-62.37,64244300071,267.68628,2001-07-28,2001,7
Pilcomayo_LaPaz,-22.45,-62.37,64244300071,471.62247,2001-08-13,2001,8
Pilcomayo_LaPaz,-22.45,-62.37,64244300071,227.49532,2001-08-29,2001,8
Pilcomayo_LaPaz,-22.45,-62.37,64244300071,277.21332,2001-09-14,2001,9
Pilcomayo_LaPaz,-22.45,-62.37,64244300071,446.95844,2001-11-17,2001,11
Pilcomayo_LaPaz,-22.45,-62.37,64244300071,309.62576,2002-03-09,2002,3
Pilcomayo_LaPaz,-22.45,-62.37,64244300071,433.88358,2002-03-25,2002,3
Pilcomayo_LaPaz,-22.45,-62.37,64244300071,421.82245,2002-04-10,2002,4
Pilcomayo_LaPaz,-22.45,-62.37,64244300071,791.5807,2002-05-12,2002,5
Pilcomayo_LaPaz,-22.45,-62.37,64244300071,299.44293,2002-07-15,2002,7
Pilcomayo_LaPaz,-22.45,-62.37,64244300071,314.27798,2002-09-17,2002,9
Pilcomayo_LaPaz,-22.45,-62.37,64244300071,317.93436,2002-10-03,2002,10
Pilcomayo_LaPaz,-22.45,-62.37,64244300071,833.58875,2002-11-20,2002,11
Pilcomayo_LaPaz,-22.45,-62.37,64244300071,561.8797,2002-12-22,2002,12
Pilcomayo_LaPaz,-22.45,-62.37,64244300071,430.8333,2003-01-07,2003,1
Pilcomayo_LaPaz,-22.45,-62.37,64244300071,376.89035,2003-02-24,2003,2
Pilcomayo_LaPaz,-22.45,-62.37,64244300071,479.46436,2003-03-28,2003,3
Pilcomayo_LaPaz,-22.45,-62.37,64244300071,490.21332,2003-04-13,2003,4
Pilcomayo_LaPaz,-22.45,-62.37,64244300071,274.52713,2003-07-18,2003,7
Pilcomayo_LaPaz,-22.45,-62.37,64244300071,280.1598,2003-08-19,2003,8
Pilcomayo_LaPaz,-22.45,-62.37,64244300071,724.00323,2003-11-07,2003,11
Pilcomayo_LaPaz,-22.45,-62.37,64244300071,418.2031,2003-11-23,2003,11
Pilcomayo_LaPaz,-22.45,-62.37,64244300071,576.93005,2003-12-25,2003,12
Pilcomayo_LaPaz,-22.45,-62.37,64244300071,480.38095,2004-01-26,2004,1
Pilcomayo_LaPaz,-22.45,-62.37,64244300071,596.38837,2004-02-11,2004,2
Pilcomayo_LaPaz,-22.45,-62.37,64244300071,464.5008,2004-03-30,2004,3
Pilcomayo_LaPaz,-22.45,-62.37,64244300071,481.83255,2004-05-01,2004,5
Pilcomayo_LaPaz,-22.45,-62.37,64244300071,618.4887,2004-06-02,2004,6
Pilcomayo_LaPaz,-22.45,-62.37,64244300071,410.26776,2004-06-18,2004,6
Pilcomayo_LaPaz,-22.45,-62.37,64244300071,341.67914,2004-09-06,2004,9
Pilcomayo_LaPaz,-22.45,-62.37,64244300071,227.6861,2004-10-24,2004,10
Pilcomayo_LaPaz,-22.45,-62.37,64244300071,573.52527,2004-11-09,2004,11
Pilcomayo_LaPaz,-22.45,-62.37,64244300071,602.053,2004-12-11,2004,12
Pilcomayo_LaPaz,-22.45,-62.37,64244300071,588.462,2004-12-27,2004,12
Pilcomayo_LaPaz,-22.45,-62.37,64244300071,568.7135,2005-01-12,2005,1
Pilcomayo_LaPaz,-22.45,-62.37,64244300071,360.22186,2005-01-28,2005,1
Pilcomayo_LaPaz,-22.45,-62.37,64244300071,505.87576,2005-03-17,2005,3
Pilcomayo_LaPaz,-22.45,-62.37,64244300071,479.22015,2005-04-18,2005,4
Pilcomayo_LaPaz,-22.45,-62.37,64244300071,298.7912,2005-05-04,2005,5
Pilcomayo_LaPaz,-22.45,-62.37,64244300071,197.57425,2005-07-07,2005,7
Pilcomayo_LaPaz,-22.45,-62.37,64244300071,393.96536,2005-08-24,2005,8
Pilcomayo_LaPaz,-22.45,-62.37,64244300071,9.48603,2005-09-25,2005,9
Pilcomayo_LaPaz,-22.45,-62.37,64244300071,383.4959,2005-10-11,2005,10
Pilcomayo_LaPaz,-22.45,-62.37,64244300071,428.72168,2005-11-12,2005,11
Pilcomayo_LaPaz,-22.45,-62.37,64244300071,484.37567,2005-11-28,2005,11
Pilcomayo_LaPaz,-22.45,-62.37,64244300071,308.22342,2005-12-30,2005,12
Pilcomayo_LaPaz,-22.45,-62.37,64244300071,840.15436,2006-01-31,2006,1
Pilcomayo_LaPaz,-22.45,-62.37,64244300071,392.31235,2006-02-16,2006,2
Pilcomayo_LaPaz,-22.45,-62.37,64244300071,462.2297,2006-03-20,2006,3
Pilcomayo_LaPaz,-22.45,-62.37,64244300071,446.91843,2006-05-07,2006,5
Pilcomayo_LaPaz,-22.45,-62.37,64244300071,350.4361,2006-05-23,2006,5
Pilcomayo_LaPaz,-22.45,-62.37,64244300071,305.81085,2006-06-24,2006,6
Pilcomayo_LaPaz,-22.45,-62.37,64244300071,291.52106,2006-08-11,2006,8
Pilcomayo_LaPaz,-22.45,-62.37,64244300071,11.738816,2006-10-14,2006,10
Pilcomayo_LaPaz,-22.45,-62.37,64244300071,571.06494,2006-11-15,2006,11
Pilcomayo_LaPaz,-22.45,-62.37,64244300071,462.4579,2006-12-01,2006,12
Pilcomayo_LaPaz,-22.45,-62.37,64244300071,395.96494,2006-12-17,2006,12
Pilcomayo_LaPaz,-22.45,-62.37,64244300071,308.42532,2007-01-02,2007,1
Pilcomayo_LaPaz,-22.45,-62.37,64244300071,525.588,2007-02-03,2007,2
Pilcomayo_LaPaz,-22.45,-62.37,64244300071,323.9493,2007-02-19,2007,2
Pilcomayo_LaPaz,-22.45,-62.37,64244300071,396.05908,2007-03-23,2007,3
Pilcomayo_LaPaz,-22.45,-62.37,64244300071,356.37173,2007-04-08,2007,4
Pilcomayo_LaPaz,-22.45,-62.37,64244300071,405.47897,2007-06-27,2007,6
Pilcomayo_LaPaz,-22.45,-62.37,64244300071,353.36884,2007-07-29,2007,7
Pilcomayo_LaPaz,-22.45,-62.37,64244300071,355.567,2007-08-14,2007,8
Pilcomayo_LaPaz,-22.45,-62.37,64244300071,356.52692,2007-08-30,2007,8
Pilcomayo_LaPaz,-22.45,-62.37,64244300071,746.1659,2007-11-18,2007,11
Pilcomayo_LaPaz,-22.45,-62.37,64244300071,399.15073,2007-12-20,2007,12
Pilcomayo_LaPaz,-22.45,-62.37,64244300071,673.7915,2008-01-21,2008,1
Pilcomayo_LaPaz,-22.45,-62.37,64244300071,466.2831,2008-02-06,2008,2
Pilcomayo_LaPaz,-22.45,-62.37,64244300071,508.1386,2008-03-25,2008,3
Pilcomayo_LaPaz,-22.45,-62.37,64244300071,830.58575,2008-04-10,2008,4
Pilcomayo_LaPaz,-22.45,-62.37,64244300071,253.38753,2008-04-26,2008,4
Pilcomayo_LaPaz,-22.45,-62.37,64244300071,354.065,2008-06-29,2008,6
Pilcomayo_LaPaz,-22.45,-62.37,64244300071,208.63559,2008-07-15,2008,7
Pilcomayo_LaPaz,-22.45,-62.37,64244300071,262.68384,2008-08-16,2008,8
Pilcomayo_LaPaz,-22.45,-62.37,64244300071,206.60608,2008-09-01,2008,9
Pilcomayo_LaPaz,-22.45,-62.37,64244300071,205.46606,2008-09-17,2008,9
Pilcomayo_LaPaz,-22.45,-62.37,64244300071,209.78699,2008-10-03,2008,10
Pilcomayo_LaPaz,-22.45,-62.37,64244300071,79.11575,2008-10-19,2008,10
Pilcomayo_LaPaz,-22.45,-62.37,64244300071,465.69266,2008-11-20,2008,11
Pilcomayo_LaPaz,-22.45,-62.37,64244300071,817.1419,2008-12-06,2008,12
Pilcomayo_LaPaz,-22.45,-62.37,64244300071,416.89377,2009-01-07,2009,1
Pilcomayo_LaPaz,-22.45,-62.37,64244300071,353.01382,2009-01-23,2009,1
Pilcomayo_LaPaz,-22.45,-62.37,64244300071,563.4708,2009-03-28,2009,3
Pilcomayo_LaPaz,-22.45,-62.37,64244300071,885.16425,2009-04-29,2009,4
Pilcomayo_LaPaz,-22.45,-62.37,64244300071,422.80896,2009-05-31,2009,5
Pilcomayo_LaPaz,-22.45,-62.37,64244300071,405.9184,2009-06-16,2009,6
Pilcomayo_LaPaz,-22.45,-62.37,64244300071,566.94226,2009-11-23,2009,11
Pilcomayo_LaPaz,-22.45,-62.37,64244300071,79.283325,2010-01-10,2010,1
Pilcomayo_LaPaz,-22.45,-62.37,64244300071,138.0189,2010-02-11,2010,2
Pilcomayo_LaPaz,-22.45,-62.37,64244300071,467.03732,2010-03-15,2010,3
Pilcomayo_LaPaz,-22.45,-62.37,64244300071,415.04294,2010-03-31,2010,3
Pilcomayo_LaPaz,-22.45,-62.37,64244300071,420.65002,2010-04-16,2010,4
Pilcomayo_LaPaz,-22.45,-62.37,64244300071,456.4842,2010-05-02,2010,5
Pilcomayo_LaPaz,-22.45,-62.37,64244300071,449.7469,2010-05-18,2010,5
Pilcomayo_LaPaz,-22.45,-62.37,64244300071,398.87802,2010-07-05,2010,7
Pilcomayo_LaPaz,-22.45,-62.37,64244300071,226.74347,2010-08-06,2010,8
Pilcomayo_LaPaz,-22.45,-62.37,64244300071,172.3416,2010-09-07,2010,9
Pilcomayo_LaPaz,-22.45,-62.37,64244300071,106.78941,2010-11-10,2010,11
Pilcomayo_LaPaz,-22.45,-62.37,64244300071,46.64363,2010-11-26,2010,11
Pilcomayo_LaPaz,-22.45,-62.37,64244300071,463.4084,2011-01-13,2011,1
Pilcomayo_LaPaz,-22.45,-62.37,64244300071,428.90625,2011-05-05,2011,5
Pilcomayo_LaPaz,-22.45,-62.37,64244300071,405.5896,2011-05-21,2011,5
Pilcomayo_LaPaz,-22.45,-62.37,64244300071,455.28314,2011-07-08,2011,7
Pilcomayo_LaPaz,-22.45,-62.37,64244300071,198.25986,2011-07-24,2011,7
Pilcomayo_LaPaz,-22.45,-62.37,64244300071,122.28616,2011-09-10,2011,9
Pilcomayo_LaPaz,-22.45,-62.37,64244300071,61.11519,2011-09-26,2011,9
Pilcomayo_LaPaz,-22.45,-62.37,64244300071,120.32441,2011-11-13,2011,11
Pilcomayo_LaPaz,-22.45,-62.37,64244300071,577.47766,2011-11-29,2011,11
Pilcomayo_LaPaz,-22.45,-62.37,64244300071,437.51974,2011-12-15,2011,12
Pilcomayo_LaPaz,-22.45,-62.37,64244300071,503.16614,2012-01-16,2012,1
Pilcomayo_LaPaz,-22.45,-62.37,64244300071,467.03296,2012-03-04,2012,3
Pilcomayo_LaPaz,-22.45,-62.37,64244300071,455.88916,2012-03-20,2012,3
Pilcomayo_LaPaz,-22.45,-62.37,64244300071,453.03226,2012-05-07,2012,5
Pilcomayo_LaPaz,-22.45,-62.37,64244300071,206.23201,2012-08-11,2012,8
Pilcomayo_LaPaz,-22.45,-62.37,64244300071,146.07954,2012-10-14,2012,10
Pilcomayo_LaPaz,-22.45,-62.37,64244300071,344.49225,2012-10-30,2012,10
Pilcomayo_LaPaz,-22.45,-62.37,64244300071,440.75473,2012-11-15,2012,11
Pilcomayo_LaPaz,-22.45,-62.37,64244300071,270.04822,2012-12-17,2012,12
Pilcomayo_LaPaz,-22.45,-62.37,64244300071,495.33563,2013-03-07,2013,3
Pilcomayo_LaPaz,-22.45,-62.37,64244300071,476.62665,2013-04-24,2013,4
Pilcomayo_LaPaz,-22.45,-62.37,64244300071,462.1843,2013-05-10,2013,5
Pilcomayo_LaPaz,-22.45,-62.37,64244300071,340.33704,2013-06-27,2013,6
Pilcomayo_LaPaz,-22.45,-62.37,64244300071,204.14687,2013-07-29,2013,7
Pilcomayo_LaPaz,-22.45,-62.37,64244300071,224.72046,2013-08-14,2013,8
Pilcomayo_LaPaz,-22.45,-62.37,64244300071,487.72736,2013-11-18,2013,11
Pilcomayo_LaPaz,-22.45,-62.37,64244300071,529.89056,2013-12-20,2013,12
Pilcomayo_LaPaz,-22.45,-62.37,64244300071,380.5278,2014-01-05,2014,1
Pilcomayo_LaPaz,-22.45,-62.37,64244300071,491.2853,2014-01-21,2014,1
Pilcomayo_LaPaz,-22.45,-62.37,64244300071,344.5265,2014-02-06,2014,2
Pilcomayo_LaPaz,-22.45,-62.37,64244300071,261.68408,2014-06-30,2014,6
Pilcomayo_LaPaz,-22.45,-62.37,64244300071,255.70482,2014-07-16,2014,7
Pilcomayo_LaPaz,-22.45,-62.37,64244300071,202.45924,2014-08-01,2014,8
Pilcomayo_LaPaz,-22.45,-62.37,64244300071,197.30675,2014-09-02,2014,9
Pilcomayo_LaPaz,-22.45,-62.37,64244300071,831.4092,2014-11-21,2014,11
Pilcomayo_LaPaz,-22.45,-62.37,64244300071,440.4688,2014-12-07,2014,12
Pilcomayo_LaPaz,-22.45,-62.37,64244300071,1028.5856,2015-01-24,2015,1
Pilcomayo_LaPaz,-22.45,-62.37,64244300071,516.2104,2015-02-25,2015,2
Pilcomayo_LaPaz,-22.45,-62.37,64244300071,313.72708,2015-03-13,2015,3
Pilcomayo_LaPaz,-22.45,-62.37,64244300071,646.1995,2015-03-29,2015,3
Pilcomayo_LaPaz,-22.45,-62.37,64244300071,324.80872,2015-08-04,2015,8
Pilcomayo_LaPaz,-22.45,-62.37,64244300071,268.839,2015-09-21,2015,9
Pilcomayo_LaPaz,-22.45,-62.37,64244300071,735.8315,2015-10-07,2015,10
Pilcomayo_LaPaz,-22.45,-62.37,64244300071,309.73218,2015-10-23,2015,10
Pilcomayo_LaPaz,-22.45,-62.37,64244300071,671.3642,2015-11-24,2015,11
Pilcomayo_LaPaz,-22.45,-62.37,64244300071,690.42017,2016-01-27,2016,1
Pilcomayo_LaPaz,-22.45,-62.37,64244300071,389.38693,2016-02-12,2016,2
Pilcomayo_LaPaz,-22.45,-62.37,64244300071,390.8201,2016-03-15,2016,3
Pilcomayo_LaPaz,-22.45,-62.37,64244300071,426.90152,2016-03-31,2016,3
Pilcomayo_LaPaz,-22.45,-62.37,64244300071,576.74164,2016-05-18,2016,5
Pilcomayo_LaPaz,-22.45,-62.37,64244300071,122.98316,2016-08-22,2016,8
Pilcomayo_LaPaz,-22.45,-62.37,64244300071,115.17816,2016-09-07,2016,9
Pilcomayo_LaPaz,-22.45,-62.37,64244300071,596.3075,2016-11-10,2016,11
Pilcomayo_LaPaz,-22.45,-62.37,64244300071,328.70325,2017-01-13,2017,1
Pilcomayo_LaPaz,-22.45,-62.37,64244300071,467.51703,2017-01-29,2017,1
Pilcomayo_LaPaz,-22.45,-62.37,64244300071,114.06002,2017-02-14,2017,2
Pilcomayo_LaPaz,-22.45,-62.37,64244300071,376.36395,2017-03-02,2017,3
Pilcomayo_LaPaz,-22.45,-62.37,64244300071,461.9636,2017-03-18,2017,3
Pilcomayo_LaPaz,-22.45,-62.37,64244300071,445.28445,2017-05-05,2017,5
Pilcomayo_LaPaz,-22.45,-62.37,64244300071,137.1622,2017-07-24,2017,7
Pilcomayo_LaPaz,-22.45,-62.37,64244300071,271.83115,2017-08-09,2017,8
Pilcomayo_LaPaz,-22.45,-62.37,64244300071,186.31485,2017-08-25,2017,8
Pilcomayo_LaPaz,-22.45,-62.37,64244300071,93.43532,2017-09-10,2017,9
Pilcomayo_LaPaz,-22.45,-62.37,64244300071,206.40724,2017-09-26,2017,9
Pilcomayo_LaPaz,-22.45,-62.37,64244300071,630.69305,2017-11-13,2017,11
Pilcomayo_LaPaz,-22.45,-62.37,64244300071,539.4418,2017-12-15,2017,12
Pilcomayo_LaPaz,-22.45,-62.37,64244300071,412.26044,2018-01-16,2018,1
Pilcomayo_LaPaz,-22.45,-62.37,64244300071,404.81995,2018-03-05,2018,3
Pilcomayo_LaPaz,-22.45,-62.37,64244300071,440.06253,2018-04-06,2018,4
Pilcomayo_LaPaz,-22.45,-62.37,64244300071,405.8295,2018-04-22,2018,4
Pilcomayo_LaPaz,-22.45,-62.37,64244300071,436.4534,2018-05-08,2018,5
Pilcomayo_LaPaz,-22.45,-62.37,64244300071,490.896,2018-05-24,2018,5
Pilcomayo_LaPaz,-22.45,-62.37,64244300071,420.2477,2018-08-12,2018,8
Pilcomayo_LaPaz,-22.45,-62.37,64244300071,256.61453,2018-08-28,2018,8
Pilcomayo_LaPaz,-22.45,-62.37,64244300071,317.5267,2018-09-13,2018,9
Pilcomayo_LaPaz,-22.45,-62.37,64244300071,85.83425,2018-09-29,2018,9
Pilcomayo_LaPaz,-22.45,-62.37,64244300071,542.4351,2018-10-15,2018,10
Pilcomayo_LaPaz,-22.45,-62.37,64244300071,449.80838,2018-10-31,2018,10
Pilcomayo_LaPaz,-22.45,-62.37,64244300071,419.54785,2019-02-20,2019,2
Pilcomayo_LaPaz,-22.45,-62.37,64244300071,461.19226,2019-04-09,2019,4
Pilcomayo_LaPaz,-22.45,-62.37,64244300071,398.35654,2019-07-30,2019,7
Pilcomayo_LaPaz,-22.45,-62.37,64244300071,760.6925,2019-09-16,2019,9
Pilcomayo_LaPaz,-22.45,-62.37,64244300071,521.73834,2019-11-19,2019,11
Pilcomayo_LaPaz,-22.45,-62.37,64244300071,469.5325,2020-02-07,2020,2
Pilcomayo_LaPaz,-22.45,-62.37,64244300071,444.68326,2020-02-23,2020,2
Pilcomayo_LaPaz,-22.45,-62.37,64244300071,565.28986,2020-04-11,2020,4
Pilcomayo_LaPaz,-22.45,-62.37,64244300071,370.39636,2020-04-27,2020,4
Pilcomayo_LaPaz,-22.45,-62.37,64244300071,549.9534,2020-05-29,2020,5
Pilcomayo_LaPaz,-22.45,-62.37,64244300071,536.7975,2020-06-14,2020,6
Pilcomayo_LaPaz,-22.45,-62.37,64244300071,347.22504,2020-08-01,2020,8
Pilcomayo_LaPaz,-22.45,-62.37,64244300071,191.24841,2020-10-04,2020,10
Pilcomayo_LaPaz,-22.45,-62.37,64244300071,711.6322,2020-10-20,2020,10
Pilcomayo_LaPaz,-22.45,-62.37,64244300071,522.7071,2020-11-05,2020,11
Pilcomayo_LaPaz,-22.45,-62.37,64244300071,393.7472,2020-11-21,2020,11
Pilcomayo_LaPaz,-22.45,-62.37,64244300071,440.49734,2020-12-07,2020,12
Pilcomayo_LaPaz,-22.45,-62.37,64244300071,468.24005,2020-12-23,2020,12
Pilcomayo_LaPaz,-22.45,-62.37,64244300071,534.7791,2021-04-14,2021,4
Pilcomayo_LaPaz,-22.45,-62.37,64244300071,379.05167,2021-04-30,2021,4
Pilcomayo_LaPaz,-22.45,-62.37,64244300071,368.5269,2021-06-01,2021,6
Pilcomayo_LaPaz,-22.45,-62.37,64244300071,579.33966,2013-04-16,2013,4
Pilcomayo_LaPaz,-22.45,-62.37,64244300071,474.0037,2013-06-03,2013,6
Pilcomayo_LaPaz,-22.45,-62.37,64244300071,269.57883,2013-07-05,2013,7
Pilcomayo_LaPaz,-22.45,-62.37,64244300071,449.66864,2013-08-06,2013,8
Pilcomayo_LaPaz,-22.45,-62.37,64244300071,339.65988,2013-08-22,2013,8
Pilcomayo_LaPaz,-22.45,-62.37,64244300071,398.01245,2013-09-07,2013,9
Pilcomayo_LaPaz,-22.45,-62.37,64244300071,282.57297,2013-10-09,2013,10
Pilcomayo_LaPaz,-22.45,-62.37,64244300071,583.07306,2013-12-12,2013,12
Pilcomayo_LaPaz,-22.45,-62.37,64244300071,465.96783,2013-12-28,2013,12
Pilcomayo_LaPaz,-22.45,-62.37,64244300071,467.79556,2014-01-13,2014,1
Pilcomayo_LaPaz,-22.45,-62.37,64244300071,735.31464,2014-01-29,2014,1
Pilcomayo_LaPaz,-22.45,-62.37,64244300071,461.7311,2014-04-03,2014,4
Pilcomayo_LaPaz,-22.45,-62.37,64244300071,424.28522,2014-07-24,2014,7
Pilcomayo_LaPaz,-22.45,-62.37,64244300071,757.4729,2014-11-29,2014,11
Pilcomayo_LaPaz,-22.45,-62.37,64244300071,499.03235,2015-01-16,2015,1
Pilcomayo_LaPaz,-22.45,-62.37,64244300071,438.90613,2015-02-01,2015,2
Pilcomayo_LaPaz,-22.45,-62.37,64244300071,494.5862,2015-02-17,2015,2
Pilcomayo_LaPaz,-22.45,-62.37,64244300071,1051.3986,2015-03-21,2015,3
Pilcomayo_LaPaz,-22.45,-62.37,64244300071,1170.1013,2015-04-06,2015,4
Pilcomayo_LaPaz,-22.45,-62.37,64244300071,516.09875,2015-07-27,2015,7
Pilcomayo_LaPaz,-22.45,-62.37,64244300071,371.05127,2015-08-28,2015,8
Pilcomayo_LaPaz,-22.45,-62.37,64244300071,356.46292,2015-09-13,2015,9
Pilcomayo_LaPaz,-22.45,-62.37,64244300071,622.91266,2015-10-15,2015,10
Pilcomayo_LaPaz,-22.45,-62.37,64244300071,546.562,2016-01-19,2016,1
Pilcomayo_LaPaz,-22.45,-62.37,64244300071,737.51996,2016-02-04,2016,2
Pilcomayo_LaPaz,-22.45,-62.37,64244300071,551.60223,2016-04-08,2016,4
Pilcomayo_LaPaz,-22.45,-62.37,64244300071,838.50433,2016-04-24,2016,4
Pilcomayo_LaPaz,-22.45,-62.37,64244300071,331.04095,2016-08-14,2016,8
Pilcomayo_LaPaz,-22.45,-62.37,64244300071,303.5288,2016-08-30,2016,8
Pilcomayo_LaPaz,-22.45,-62.37,64244300071,233.92017,2016-09-15,2016,9
Pilcomayo_LaPaz,-22.45,-62.37,64244300071,627.87994,2016-11-18,2016,11
Pilcomayo_LaPaz,-22.45,-62.37,64244300071,668.69336,2016-12-04,2016,12
Pilcomayo_LaPaz,-22.45,-62.37,64244300071,521.6962,2017-01-21,2017,1
Pilcomayo_LaPaz,-22.45,-62.37,64244300071,613.0099,2017-02-22,2017,2
Pilcomayo_LaPaz,-22.45,-62.37,64244300071,262.5953,2017-08-17,2017,8
Pilcomayo_LaPaz,-22.45,-62.37,64244300071,253.49452,2017-09-02,2017,9
Pilcomayo_LaPaz,-22.45,-62.37,64244300071,467.15707,2017-09-18,2017,9
Pilcomayo_LaPaz,-22.45,-62.37,64244300071,306.6974,2017-10-04,2017,10
Pilcomayo_LaPaz,-22.45,-62.37,64244300071,684.86224,2017-11-21,2017,11
Pilcomayo_LaPaz,-22.45,-62.37,64244300071,301.09366,2017-12-23,2017,12
Pilcomayo_LaPaz,-22.45,-62.37,64244300071,472.2427,2018-01-08,2018,1
Pilcomayo_LaPaz,-22.45,-62.37,64244300071,1036.2466,2018-02-09,2018,2
Pilcomayo_LaPaz,-22.45,-62.37,64244300071,546.70575,2018-02-25,2018,2
Pilcomayo_LaPaz,-22.45,-62.37,64244300071,462.35788,2018-04-30,2018,4
Pilcomayo_LaPaz,-22.45,-62.37,64244300071,324.22403,2018-09-05,2018,9
Pilcomayo_LaPaz,-22.45,-62.37,64244300071,190.83824,2018-09-21,2018,9
Pilcomayo_LaPaz,-22.45,-62.37,64244300071,372.13123,2018-10-07,2018,10
Pilcomayo_LaPaz,-22.45,-62.37,64244300071,566.45074,2018-11-08,2018,11
Pilcomayo_LaPaz,-22.45,-62.37,64244300071,392.10953,2018-12-26,2018,12
Pilcomayo_LaPaz,-22.45,-62.37,64244300071,562.9733,2019-02-28,2019,2
Pilcomayo_LaPaz,-22.45,-62.37,64244300071,477.12668,2019-06-04,2019,6
Pilcomayo_LaPaz,-22.45,-62.37,64244300071,459.78418,2019-07-06,2019,7
Pilcomayo_LaPaz,-22.45,-62.37,64244300071,559.0484,2019-08-07,2019,8
Pilcomayo_LaPaz,-22.45,-62.37,64244300071,403.60678,2019-08-23,2019,8
Pilcomayo_LaPaz,-22.45,-62.37,64244300071,645.28314,2019-10-10,2019,10
Pilcomayo_LaPaz,-22.45,-62.37,64244300071,633.5031,2019-10-26,2019,10
Pilcomayo_LaPaz,-22.45,-62.37,64244300071,525.00085,2019-11-11,2019,11
Pilcomayo_LaPaz,-22.45,-62.37,64244300071,563.42316,2020-03-02,2020,3
Pilcomayo_LaPaz,-22.45,-62.37,64244300071,671.56323,2020-03-18,2020,3
Pilcomayo_LaPaz,-22.45,-62.37,64244300071,623.2992,2020-04-03,2020,4
Pilcomayo_LaPaz,-22.45,-62.37,64244300071,569.08203,2020-04-19,2020,4
Pilcomayo_LaPaz,-22.45,-62.37,64244300071,668.1327,2020-06-06,2020,6
Pilcomayo_LaPaz,-22.45,-62.37,64244300071,324.56308,2020-07-08,2020,7
Pilcomayo_LaPaz,-22.45,-62.37,64244300071,155.79628,2020-08-09,2020,8
Pilcomayo_LaPaz,-22.45,-62.37,64244300071,238.87476,2020-08-25,2020,8
Pilcomayo_LaPaz,-22.45,-62.37,64244300071,515.23505,2020-09-26,2020,9
Pilcomayo_LaPaz,-22.45,-62.37,64244300071,766.9016,2020-11-29,2020,11
Pilcomayo_LaPaz,-22.45,-62.37,64244300071,643.9773,2020-12-15,2020,12
Pilcomayo_LaPaz,-22.45,-62.37,64244300071,674.38696,2021-02-17,2021,2
Pilcomayo_LaPaz,-22.45,-62.37,64244300071,584.18774,2021-05-08,2021,5
Pilcomayo_LaPaz,-22.45,-62.37,64244300071,312.91742,2021-07-11,2021,7
Pilcomayo_LaPaz,-22.45,-62.37,64244300071,159.41956,2021-08-28,2021,8
Pilcomayo_LaPaz,-22.45,-62.37,64244300071,491.32602,2021-10-23,2021,10
Pilcomayo_LaPaz,-22.45,-62.37,64244300071,338.38907,2021-12-26,2021,12
Pilcomayo_LaPaz,-22.45,-62.37,64244300071,377.17578,2021-10-31,2021,10
Pilcomayo_LaPaz,-22.45,-62.37,64244300071,655.56836,2021-12-02,2021,12
Purus_Canutama,-6.54,-64.38,62292300151,130.5714,1984-06-15,1984,6
Purus_Canutama,-6.54,-64.38,62292300151,116.36104,1984-07-01,1984,7
Purus_Canutama,-6.54,-64.38,62292300151,184.73274,1984-08-02,1984,8
Purus_Canutama,-6.54,-64.38,62292300151,503.15344,1984-12-24,1984,12
Purus_Canutama,-6.54,-64.38,62292300151,300.18442,1985-02-26,1985,2
Purus_Canutama,-6.54,-64.38,62292300151,369.2229,1985-04-15,1985,4
Purus_Canutama,-6.54,-64.38,62292300151,177.3289,1985-06-02,1985,6
Purus_Canutama,-6.54,-64.38,62292300151,205.32071,1985-06-18,1985,6
Purus_Canutama,-6.54,-64.38,62292300151,154.76482,1985-08-21,1985,8
Purus_Canutama,-6.54,-64.38,62292300151,112.05699,1985-09-06,1985,9
Purus_Canutama,-6.54,-64.38,62292300151,89.61059,1985-09-22,1985,9
Purus_Canutama,-6.54,-64.38,62292300151,64.6551,1985-10-08,1985,10
Purus_Canutama,-6.54,-64.38,62292300151,204.96562,1985-11-09,1985,11
Purus_Canutama,-6.54,-64.38,62292300151,148.7536,1986-05-04,1986,5
Purus_Canutama,-6.54,-64.38,62292300151,132.81982,1986-05-20,1986,5
Purus_Canutama,-6.54,-64.38,62292300151,107.12963,1986-07-07,1986,7
Purus_Canutama,-6.54,-64.38,62292300151,82.841835,1986-07-23,1986,7
Purus_Canutama,-6.54,-64.38,62292300151,108.809395,1986-08-08,1986,8
Purus_Canutama,-6.54,-64.38,62292300151,78.71653,1986-08-24,1986,8
Purus_Canutama,-6.54,-64.38,62292300151,96.308685,1987-07-10,1987,7
Purus_Canutama,-6.54,-64.38,62292300151,54.430893,1987-07-26,1987,7
Purus_Canutama,-6.54,-64.38,62292300151,67.085045,1987-08-11,1987,8
Purus_Canutama,-6.54,-64.38,62292300151,103.84145,1987-08-27,1987,8
Purus_Canutama,-6.54,-64.38,62292300151,108.29107,1988-07-12,1988,7
Purus_Canutama,-6.54,-64.38,62292300151,88.95475,1988-07-28,1988,7
Purus_Canutama,-6.54,-64.38,62292300151,116.06539,1988-08-13,1988,8
Purus_Canutama,-6.54,-64.38,62292300151,51.911373,1988-09-14,1988,9
Purus_Canutama,-6.54,-64.38,62292300151,47.11207,1988-10-16,1988,10
Purus_Canutama,-6.54,-64.38,62292300151,100.62708,1988-11-01,1988,11
Purus_Canutama,-6.54,-64.38,62292300151,87.90648,1989-07-15,1989,7
Purus_Canutama,-6.54,-64.38,62292300151,136.10854,1989-08-16,1989,8
Purus_Canutama,-6.54,-64.38,62292300151,125.393616,1989-11-20,1989,11
Purus_Canutama,-6.54,-64.38,62292300151,372.6824,1990-01-23,1990,1
Purus_Canutama,-6.54,-64.38,62292300151,174.28865,1990-04-13,1990,4
Purus_Canutama,-6.54,-64.38,62292300151,270.85278,1990-04-29,1990,4
Purus_Canutama,-6.54,-64.38,62292300151,88.50831,1990-07-02,1990,7
Purus_Canutama,-6.54,-64.38,62292300151,48.235233,1990-10-06,1990,10
Purus_Canutama,-6.54,-64.38,62292300151,293.6801,1990-11-07,1990,11
Purus_Canutama,-6.54,-64.38,62292300151,222.53448,1991-07-21,1991,7
Purus_Canutama,-6.54,-64.38,62292300151,148.77058,1992-06-21,1992,6
Purus_Canutama,-6.54,-64.38,62292300151,447.77502,1992-08-24,1992,8
Purus_Canutama,-6.54,-64.38,62292300151,75.472115,1992-09-09,1992,9
Purus_Canutama,-6.54,-64.38,62292300151,79.90864,1992-09-25,1992,9
Purus_Canutama,-6.54,-64.38,62292300151,321.61542,1992-12-14,1992,12
Purus_Canutama,-6.54,-64.38,62292300151,339.35327,1992-12-30,1992,12
Purus_Canutama,-6.54,-64.38,62292300151,269.78342,1993-03-04,1993,3
Purus_Canutama,-6.54,-64.38,62292300151,225.78752,1993-04-05,1993,4
Purus_Canutama,-6.54,-64.38,62292300151,159.02167,1993-05-07,1993,5
Purus_Canutama,-6.54,-64.38,62292300151,102.32947,1993-07-26,1993,7
Purus_Canutama,-6.54,-64.38,62292300151,60.659595,1994-06-27,1994,6
Purus_Canutama,-6.54,-64.38,62292300151,120.5868,1994-07-29,1994,7
Purus_Canutama,-6.54,-64.38,62292300151,113.17115,1994-10-17,1994,10
Purus_Canutama,-6.54,-64.38,62292300151,159.66383,1995-06-14,1995,6
Purus_Canutama,-6.54,-64.38,62292300151,85.752045,1995-06-30,1995,6
Purus_Canutama,-6.54,-64.38,62292300151,102.3888,1995-08-01,1995,8
Purus_Canutama,-6.54,-64.38,62292300151,131.03226,1995-09-02,1995,9
Purus_Canutama,-6.54,-64.38,62292300151,37.50359,1995-10-04,1995,10
Purus_Canutama,-6.54,-64.38,62292300151,346.71283,1995-12-23,1995,12
Purus_Canutama,-6.54,-64.38,62292300151,134.0886,1996-04-13,1996,4
Purus_Canutama,-6.54,-64.38,62292300151,207.72871,1996-05-31,1996,5
Purus_Canutama,-6.54,-64.38,62292300151,80.6708,1996-06-16,1996,6
Purus_Canutama,-6.54,-64.38,62292300151,84.44515,1996-07-18,1996,7
Purus_Canutama,-6.54,-64.38,62292300151,75.5085,1996-09-04,1996,9
Purus_Canutama,-6.54,-64.38,62292300151,77.40579,1996-09-20,1996,9
Purus_Canutama,-6.54,-64.38,62292300151,177.80315,1996-12-09,1996,12
Purus_Canutama,-6.54,-64.38,62292300151,152.12411,1997-06-19,1997,6
Purus_Canutama,-6.54,-64.38,62292300151,117.19811,1997-07-21,1997,7
Purus_Canutama,-6.54,-64.38,62292300151,167.14624,1997-08-22,1997,8
Purus_Canutama,-6.54,-64.38,62292300151,76.93867,1997-09-07,1997,9
Purus_Canutama,-6.54,-64.38,62292300151,169.24074,1997-09-23,1997,9
Purus_Canutama,-6.54,-64.38,62292300151,76.66909,1997-10-09,1997,10
Purus_Canutama,-6.54,-64.38,62292300151,88.01396,1997-10-25,1997,10
Purus_Canutama,-6.54,-64.38,62292300151,197.98479,1998-01-13,1998,1
Purus_Canutama,-6.54,-64.38,62292300151,79.46629,1998-05-21,1998,5
Purus_Canutama,-6.54,-64.38,62292300151,106.632706,1998-06-06,1998,6
Purus_Canutama,-6.54,-64.38,62292300151,125.66051,1998-06-22,1998,6
Purus_Canutama,-6.54,-64.38,62292300151,38.71363,1998-08-25,1998,8
Purus_Canutama,-6.54,-64.38,62292300151,38.782257,1998-09-26,1998,9
Purus_Canutama,-6.54,-64.38,62292300151,206.49757,1998-11-29,1998,11
Purus_Canutama,-6.54,-64.38,62292300151,383.3549,1998-12-15,1998,12
Purus_Canutama,-6.54,-64.38,62292300151,231.89359,1999-06-09,1999,6
Purus_Canutama,-6.54,-64.38,62292300151,206.2935,1999-06-25,1999,6
Purus_Canutama,-6.54,-64.38,62292300151,97.73123,1999-08-12,1999,8
Purus_Canutama,-6.54,-64.38,62292300151,50.914318,1999-10-15,1999,10
Purus_Canutama,-6.54,-64.38,62292300151,202.47202,2000-05-26,2000,5
Purus_Canutama,-6.54,-64.38,62292300151,169.67369,2000-06-11,2000,6
Purus_Canutama,-6.54,-64.38,62292300151,95.96985,2000-06-27,2000,6
Purus_Canutama,-6.54,-64.38,62292300151,65.16046,2000-07-13,2000,7
Purus_Canutama,-6.54,-64.38,62292300151,62.551514,2000-07-29,2000,7
Purus_Canutama,-6.54,-64.38,62292300151,54.697533,2000-08-14,2000,8
Purus_Canutama,-6.54,-64.38,62292300151,56.90886,2000-08-30,2000,8
Purus_Canutama,-6.54,-64.38,62292300151,115.604935,2001-08-01,2001,8
Purus_Canutama,-6.54,-64.38,62292300151,88.26085,2001-08-17,2001,8
Purus_Canutama,-6.54,-64.38,62292300151,82.24658,2001-09-18,2001,9
Purus_Canutama,-6.54,-64.38,62292300151,74.35674,2001-10-20,2001,10
Purus_Canutama,-6.54,-64.38,62292300151,221.27534,2001-12-07,2001,12
Purus_Canutama,-6.54,-64.38,62292300151,79.71095,2003-07-22,2003,7
Purus_Canutama,-6.54,-64.38,62292300151,85.818794,2003-08-07,2003,8
Purus_Canutama,-6.54,-64.38,62292300151,90.18341,2003-08-23,2003,8
Purus_Canutama,-6.54,-64.38,62292300151,41.943745,2003-09-08,2003,9
Purus_Canutama,-6.54,-64.38,62292300151,58.89282,2003-09-24,2003,9
Purus_Canutama,-6.54,-64.38,62292300151,334.286,2004-03-02,2004,3
Purus_Canutama,-6.54,-64.38,62292300151,93.30482,2004-06-22,2004,6
Purus_Canutama,-6.54,-64.38,62292300151,79.71095,2004-07-08,2004,7
Purus_Canutama,-6.54,-64.38,62292300151,76.92346,2004-07-24,2004,7
Purus_Canutama,-6.54,-64.38,62292300151,57.704063,2004-08-25,2004,8
Purus_Canutama,-6.54,-64.38,62292300151,191.24222,2005-01-16,2005,1
Purus_Canutama,-6.54,-64.38,62292300151,90.21227,2005-04-06,2005,4
Purus_Canutama,-6.54,-64.38,62292300151,143.93105,2005-05-24,2005,5
Purus_Canutama,-6.54,-64.38,62292300151,93.566696,2005-06-09,2005,6
Purus_Canutama,-6.54,-64.38,62292300151,82.271034,2005-07-11,2005,7
Purus_Canutama,-6.54,-64.38,62292300151,83.703354,2005-07-27,2005,7
Purus_Canutama,-6.54,-64.38,62292300151,125.85168,2005-08-12,2005,8
Purus_Canutama,-6.54,-64.38,62292300151,48.343594,2005-08-28,2005,8
Purus_Canutama,-6.54,-64.38,62292300151,69.80254,2005-09-29,2005,9
Purus_Canutama,-6.54,-64.38,62292300151,75.13977,2006-06-12,2006,6
Purus_Canutama,-6.54,-64.38,62292300151,62.158024,2006-06-28,2006,6
Purus_Canutama,-6.54,-64.38,62292300151,109.30194,2006-07-14,2006,7
Purus_Canutama,-6.54,-64.38,62292300151,46.658447,2006-08-31,2006,8
Purus_Canutama,-6.54,-64.38,62292300151,66.5228,2006-09-16,2006,9
Purus_Canutama,-6.54,-64.38,62292300151,404.29047,2006-12-21,2006,12
Purus_Canutama,-6.54,-64.38,62292300151,139.95018,2007-04-12,2007,4
Purus_Canutama,-6.54,-64.38,62292300151,65.466415,2007-07-01,2007,7
Purus_Canutama,-6.54,-64.38,62292300151,101.56541,2007-07-17,2007,7
Purus_Canutama,-6.54,-64.38,62292300151,77.613205,2007-08-02,2007,8
Purus_Canutama,-6.54,-64.38,62292300151,111.485176,2007-08-18,2007,8
Purus_Canutama,-6.54,-64.38,62292300151,73.043015,2007-09-03,2007,9
Purus_Canutama,-6.54,-64.38,62292300151,34.6998,2007-09-19,2007,9
Purus_Canutama,-6.54,-64.38,62292300151,52.91837,2007-10-05,2007,10
Purus_Canutama,-6.54,-64.38,62292300151,239.01353,2008-04-30,2008,4
Purus_Canutama,-6.54,-64.38,62292300151,49.83946,2008-07-03,2008,7
Purus_Canutama,-6.54,-64.38,62292300151,108.14189,2008-08-04,2008,8
Purus_Canutama,-6.54,-64.38,62292300151,97.16572,2008-08-20,2008,8
Purus_Canutama,-6.54,-64.38,62292300151,75.63018,2008-09-05,2008,9
Purus_Canutama,-6.54,-64.38,62292300151,51.902725,2008-10-23,2008,10
Purus_Canutama,-6.54,-64.38,62292300151,131.3568,2009-06-04,2009,6
Purus_Canutama,-6.54,-64.38,62292300151,209.60739,2009-06-20,2009,6
Purus_Canutama,-6.54,-64.38,62292300151,166.54675,2009-07-06,2009,7
Purus_Canutama,-6.54,-64.38,62292300151,106.51306,2009-08-07,2009,8
Purus_Canutama,-6.54,-64.38,62292300151,55.66575,2009-09-08,2009,9
Purus_Canutama,-6.54,-64.38,62292300151,92.19437,2009-09-24,2009,9
Purus_Canutama,-6.54,-64.38,62292300151,70.4545,2009-10-10,2009,10
Purus_Canutama,-6.54,-64.38,62292300151,76.28244,2009-10-26,2009,10
Purus_Canutama,-6.54,-64.38,62292300151,214.62206,2010-04-20,2010,4
Purus_Canutama,-6.54,-64.38,62292300151,143.44159,2010-05-06,2010,5
Purus_Canutama,-6.54,-64.38,62292300151,82.980415,2010-07-09,2010,7
Purus_Canutama,-6.54,-64.38,62292300151,88.079506,2010-07-25,2010,7
Purus_Canutama,-6.54,-64.38,62292300151,87.22892,2010-09-11,2010,9
Purus_Canutama,-6.54,-64.38,62292300151,46.616997,2010-09-27,2010,9
Purus_Canutama,-6.54,-64.38,62292300151,118.6402,2011-04-23,2011,4
Purus_Canutama,-6.54,-64.38,62292300151,51.770515,2011-07-12,2011,7
Purus_Canutama,-6.54,-64.38,62292300151,45.764793,2011-08-29,2011,8
Purus_Canutama,-6.54,-64.38,62292300151,67.248024,1999-07-03,1999,7
Purus_Canutama,-6.54,-64.38,62292300151,74.13941,1999-07-19,1999,7
Purus_Canutama,-6.54,-64.38,62292300151,80.29912,1999-08-04,1999,8
Purus_Canutama,-6.54,-64.38,62292300151,87.93855,1999-08-20,1999,8
Purus_Canutama,-6.54,-64.38,62292300151,85.646935,1999-09-05,1999,9
Purus_Canutama,-6.54,-64.38,62292300151,234.07997,1999-12-10,1999,12
Purus_Canutama,-6.54,-64.38,62292300151,44.17599,2000-08-22,2000,8
Purus_Canutama,-6.54,-64.38,62292300151,114.715485,2001-05-21,2001,5
Purus_Canutama,-6.54,-64.38,62292300151,61.66647,2001-06-06,2001,6
Purus_Canutama,-6.54,-64.38,62292300151,34.880783,2001-07-24,2001,7
Purus_Canutama,-6.54,-64.38,62292300151,64.84274,2001-09-26,2001,9
Purus_Canutama,-6.54,-64.38,62292300151,49.163063,2001-10-28,2001,10
Purus_Canutama,-6.54,-64.38,62292300151,108.2872,2001-11-13,2001,11
Purus_Canutama,-6.54,-64.38,62292300151,256.27484,2002-06-09,2002,6
Purus_Canutama,-6.54,-64.38,62292300151,131.83867,2002-06-25,2002,6
Purus_Canutama,-6.54,-64.38,62292300151,44.704224,2002-07-11,2002,7
Purus_Canutama,-6.54,-64.38,62292300151,54.133194,2002-07-27,2002,7
Purus_Canutama,-6.54,-64.38,62292300151,323.1369,2002-08-12,2002,8
Purus_Canutama,-6.54,-64.38,62292300151,66.16209,2002-08-28,2002,8
Purus_Canutama,-6.54,-64.38,62292300151,36.22123,2002-09-13,2002,9
Purus_Canutama,-6.54,-64.38,62292300151,182.93204,2002-11-16,2002,11
Purus_Canutama,-6.54,-64.38,62292300151,140.02295,2003-02-20,2003,2
Purus_Canutama,-6.54,-64.38,62292300151,91.89725,2003-03-08,2003,3
Purus_Canutama,-6.54,-64.38,62292300151,137.72984,2003-04-09,2003,4
Purus_Canutama,-6.54,-64.38,62292300151,203.3623,2003-05-11,2003,5
Purus_Canutama,-6.54,-64.38,62292300151,72.59309,2003-08-15,2003,8
Purus_Canutama,-6.54,-64.38,62292300151,62.952816,2003-10-02,2003,10
Purus_Canutama,-6.54,-64.38,62292300151,71.24406,2004-07-16,2004,7
Purus_Canutama,-6.54,-64.38,62292300151,88.810394,2004-08-01,2004,8
Purus_Canutama,-6.54,-64.38,62292300151,52.846416,2004-08-17,2004,8
Purus_Canutama,-6.54,-64.38,62292300151,72.02162,2004-09-18,2004,9
Purus_Canutama,-6.54,-64.38,62292300151,111.81886,2004-10-20,2004,10
Purus_Canutama,-6.54,-64.38,62292300151,264.91785,2005-04-14,2005,4
Purus_Canutama,-6.54,-64.38,62292300151,48.447914,2005-04-30,2005,4
Purus_Canutama,-6.54,-64.38,62292300151,82.05327,2005-06-17,2005,6
Purus_Canutama,-6.54,-64.38,62292300151,78.216095,2005-08-04,2005,8
Purus_Canutama,-6.54,-64.38,62292300151,41.630325,2005-09-05,2005,9
Purus_Canutama,-6.54,-64.38,62292300151,75.58942,2005-09-21,2005,9
Purus_Canutama,-6.54,-64.38,62292300151,44.748383,2006-06-20,2006,6
Purus_Canutama,-6.54,-64.38,62292300151,60.490562,2006-08-07,2006,8
Purus_Canutama,-6.54,-64.38,62292300151,83.733894,2006-08-23,2006,8
Purus_Canutama,-6.54,-64.38,62292300151,53.437195,2006-09-08,2006,9
Purus_Canutama,-6.54,-64.38,62292300151,204.85448,2007-05-22,2007,5
Purus_Canutama,-6.54,-64.38,62292300151,198.05066,2007-06-07,2007,6
Purus_Canutama,-6.54,-64.38,62292300151,105.99602,2007-06-23,2007,6
Purus_Canutama,-6.54,-64.38,62292300151,53.94419,2007-07-09,2007,7
Purus_Canutama,-6.54,-64.38,62292300151,53.822895,2007-07-25,2007,7
Purus_Canutama,-6.54,-64.38,62292300151,72.26965,2007-08-10,2007,8
Purus_Canutama,-6.54,-64.38,62292300151,46.292885,2007-08-26,2007,8
Purus_Canutama,-6.54,-64.38,62292300151,29.080433,2007-09-11,2007,9
Purus_Canutama,-6.54,-64.38,62292300151,63.447052,2007-09-27,2007,9
Purus_Canutama,-6.54,-64.38,62292300151,201.17139,2007-12-16,2007,12
Purus_Canutama,-6.54,-64.38,62292300151,123.29616,2008-04-06,2008,4
Purus_Canutama,-6.54,-64.38,62292300151,190.67624,2008-05-24,2008,5
Purus_Canutama,-6.54,-64.38,62292300151,55.976917,2008-07-27,2008,7
Purus_Canutama,-6.54,-64.38,62292300151,56.526176,2008-08-28,2008,8
Purus_Canutama,-6.54,-64.38,62292300151,71.48343,2009-07-14,2009,7
Purus_Canutama,-6.54,-64.38,62292300151,80.02087,2009-08-31,2009,8
Purus_Canutama,-6.54,-64.38,62292300151,67.18507,2010-06-15,2010,6
Purus_Canutama,-6.54,-64.38,62292300151,38.273254,2010-07-01,2010,7
Purus_Canutama,-6.54,-64.38,62292300151,46.204414,2010-08-02,2010,8
Purus_Canutama,-6.54,-64.38,62292300151,173.78133,2011-05-01,2011,5
Purus_Canutama,-6.54,-64.38,62292300151,61.064377,2011-06-02,2011,6
Purus_Canutama,-6.54,-64.38,62292300151,59.89116,2011-07-20,2011,7
Purus_Canutama,-6.54,-64.38,62292300151,71.43898,2011-08-05,2011,8
Purus_Canutama,-6.54,-64.38,62292300151,59.397762,2011-09-06,2011,9
Purus_Canutama,-6.54,-64.38,62292300151,99.66713,2011-09-22,2011,9
Purus_Canutama,-6.54,-64.38,62292300151,210.57738,2011-12-11,2011,12
Purus_Canutama,-6.54,-64.38,62292300151,122.6301,2012-06-04,2012,6
Purus_Canutama,-6.54,-64.38,62292300151,78.37169,2012-06-20,2012,6
Purus_Canutama,-6.54,-64.38,62292300151,81.82278,2012-07-22,2012,7
Purus_Canutama,-6.54,-64.38,62292300151,32.612118,2012-08-07,2012,8
Purus_Canutama,-6.54,-64.38,62292300151,94.85239,2012-08-23,2012,8
Purus_Canutama,-6.54,-64.38,62292300151,49.922855,2012-09-08,2012,9
Purus_Canutama,-6.54,-64.38,62292300151,34.753075,2012-09-24,2012,9
Purus_Canutama,-6.54,-64.38,62292300151,58.60804,2012-10-10,2012,10
Purus_Canutama,-6.54,-64.38,62292300151,125.364845,2012-12-29,2012,12
Purus_Canutama,-6.54,-64.38,62292300151,47.62368,2013-07-09,2013,7
Purus_Canutama,-6.54,-64.38,62292300151,64.00789,2013-08-10,2013,8
Purus_Canutama,-6.54,-64.38,62292300151,65.4362,2013-08-26,2013,8
Purus_Canutama,-6.54,-64.38,62292300151,38.018066,2013-10-13,2013,10
Purus_Canutama,-6.54,-64.38,62292300151,120.78139,2014-06-26,2014,6
Purus_Canutama,-6.54,-64.38,62292300151,76.58513,2014-07-12,2014,7
Purus_Canutama,-6.54,-64.38,62292300151,72.3143,2014-08-13,2014,8
Purus_Canutama,-6.54,-64.38,62292300151,77.49884,2014-08-29,2014,8
Purus_Canutama,-6.54,-64.38,62292300151,58.20356,2014-09-14,2014,9
Purus_Canutama,-6.54,-64.38,62292300151,80.38038,2014-09-30,2014,9
Purus_Canutama,-6.54,-64.38,62292300151,142.90633,2015-05-28,2015,5
Purus_Canutama,-6.54,-64.38,62292300151,62.4955,2015-06-13,2015,6
Purus_Canutama,-6.54,-64.38,62292300151,70.112335,2015-07-15,2015,7
Purus_Canutama,-6.54,-64.38,62292300151,41.957977,2015-07-31,2015,7
Purus_Canutama,-6.54,-64.38,62292300151,63.71627,2015-08-16,2015,8
Purus_Canutama,-6.54,-64.38,62292300151,59.562695,2015-09-17,2015,9
Purus_Canutama,-6.54,-64.38,62292300151,61.62249,2015-10-19,2015,10
Purus_Canutama,-6.54,-64.38,62292300151,45.823685,2015-11-20,2015,11
Purus_Canutama,-6.54,-64.38,62292300151,73.84327,2015-12-06,2015,12
Purus_Canutama,-6.54,-64.38,62292300151,32.090157,2016-07-01,2016,7
Purus_Canutama,-6.54,-64.38,62292300151,32.732494,2016-07-17,2016,7
Purus_Canutama,-6.54,-64.38,62292300151,34.964397,2016-08-02,2016,8
Purus_Canutama,-6.54,-64.38,62292300151,25.98641,2016-08-18,2016,8
Purus_Canutama,-6.54,-64.38,62292300151,42.31008,2016-10-05,2016,10
Purus_Canutama,-6.54,-64.38,62292300151,74.34768,2016-11-06,2016,11
Purus_Canutama,-6.54,-64.38,62292300151,221.64262,2016-12-08,2016,12
Purus_Canutama,-6.54,-64.38,62292300151,363.6042,2017-01-25,2017,1
Purus_Canutama,-6.54,-64.38,62292300151,52.180695,2017-03-30,2017,3
Purus_Canutama,-6.54,-64.38,62292300151,53.647697,2017-06-18,2017,6
Purus_Canutama,-6.54,-64.38,62292300151,64.73311,2017-07-04,2017,7
Purus_Canutama,-6.54,-64.38,62292300151,51.678883,2017-07-20,2017,7
Purus_Canutama,-6.54,-64.38,62292300151,46.111153,2017-08-05,2017,8
Purus_Canutama,-6.54,-64.38,62292300151,79.27825,2017-09-06,2017,9
Purus_Canutama,-6.54,-64.38,62292300151,72.18286,2018-07-07,2018,7
Purus_Canutama,-6.54,-64.38,62292300151,40.520805,2018-07-23,2018,7
Purus_Canutama,-6.54,-64.38,62292300151,58.191406,2018-08-08,2018,8
Purus_Canutama,-6.54,-64.38,62292300151,33.44368,2018-08-24,2018,8
Purus_Canutama,-6.54,-64.38,62292300151,53.575146,2018-09-09,2018,9
Purus_Canutama,-6.54,-64.38,62292300151,37.58489,2018-09-25,2018,9
Purus_Canutama,-6.54,-64.38,62292300151,113.2683,2019-01-15,2019,1
Purus_Canutama,-6.54,-64.38,62292300151,75.62148,2019-05-07,2019,5
Purus_Canutama,-6.54,-64.38,62292300151,73.23896,2019-06-24,2019,6
Purus_Canutama,-6.54,-64.38,62292300151,44.616154,2019-07-26,2019,7
Purus_Canutama,-6.54,-64.38,62292300151,79.938385,2019-08-11,2019,8
Purus_Canutama,-6.54,-64.38,62292300151,86.03581,2019-09-12,2019,9
Purus_Canutama,-6.54,-64.38,62292300151,82.660286,2019-10-14,2019,10
Purus_Canutama,-6.54,-64.38,62292300151,134.71582,2020-06-10,2020,6
Purus_Canutama,-6.54,-64.38,62292300151,57.029377,2020-06-26,2020,6
Purus_Canutama,-6.54,-64.38,62292300151,67.58745,2020-07-28,2020,7
Purus_Canutama,-6.54,-64.38,62292300151,57.287846,2020-08-29,2020,8
Purus_Canutama,-6.54,-64.38,62292300151,63.902946,2021-03-25,2021,3
Purus_Canutama,-6.54,-64.38,62292300151,112.99224,2021-05-28,2021,5
Purus_Canutama,-6.54,-64.38,62292300151,66.315674,2021-06-13,2021,6
Purus_Canutama,-6.54,-64.38,62292300151,46.147644,2021-07-15,2021,7
Purus_Canutama,-6.54,-64.38,62292300151,95.92361,2021-08-16,2021,8
Purus_Canutama,-6.54,-64.38,62292300151,51.148453,2021-09-17,2021,9
Purus_Canutama,-6.54,-64.38,62292300151,31.751747,2021-10-03,2021,10
Purus_Canutama,-6.54,-64.38,62292300151,71.760315,2013-05-30,2013,5
Purus_Canutama,-6.54,-64.38,62292300151,55.188393,2013-06-15,2013,6
Purus_Canutama,-6.54,-64.38,62292300151,56.822777,2013-08-02,2013,8
Purus_Canutama,-6.54,-64.38,62292300151,51.591858,2013-08-18,2013,8
Purus_Canutama,-6.54,-64.38,62292300151,73.08663,2013-10-05,2013,10
Purus_Canutama,-6.54,-64.38,62292300151,70.70519,2013-10-21,2013,10
Purus_Canutama,-6.54,-64.38,62292300151,291.34604,2014-01-25,2014,1
Purus_Canutama,-6.54,-64.38,62292300151,89.32473,2014-03-30,2014,3
Purus_Canutama,-6.54,-64.38,62292300151,360.8184,2014-06-02,2014,6
Purus_Canutama,-6.54,-64.38,62292300151,87.35975,2014-06-18,2014,6
Purus_Canutama,-6.54,-64.38,62292300151,135.51604,2014-07-04,2014,7
Purus_Canutama,-6.54,-64.38,62292300151,110.94618,2014-08-21,2014,8
Purus_Canutama,-6.54,-64.38,62292300151,65.567665,2014-09-06,2014,9
Purus_Canutama,-6.54,-64.38,62292300151,43.555748,2015-05-04,2015,5
Purus_Canutama,-6.54,-64.38,62292300151,269.97736,2015-06-05,2015,6
Purus_Canutama,-6.54,-64.38,62292300151,145.34369,2015-06-21,2015,6
Purus_Canutama,-6.54,-64.38,62292300151,225.78864,2015-07-07,2015,7
Purus_Canutama,-6.54,-64.38,62292300151,43.38837,2015-07-23,2015,7
Purus_Canutama,-6.54,-64.38,62292300151,56.31356,2015-08-08,2015,8
Purus_Canutama,-6.54,-64.38,62292300151,57.415974,2015-08-24,2015,8
Purus_Canutama,-6.54,-64.38,62292300151,60.666004,2015-09-09,2015,9
Purus_Canutama,-6.54,-64.38,62292300151,124.35866,2015-09-25,2015,9
Purus_Canutama,-6.54,-64.38,62292300151,23.122494,2015-10-11,2015,10
Purus_Canutama,-6.54,-64.38,62292300151,50.616592,2015-10-27,2015,10
Purus_Canutama,-6.54,-64.38,62292300151,40.625504,2015-11-12,2015,11
Purus_Canutama,-6.54,-64.38,62292300151,131.26251,2015-11-28,2015,11
Purus_Canutama,-6.54,-64.38,62292300151,89.366325,2015-12-14,2015,12
Purus_Canutama,-6.54,-64.38,62292300151,193.25401,2016-02-16,2016,2
Purus_Canutama,-6.54,-64.38,62292300151,97.67733,2016-04-20,2016,4
Purus_Canutama,-6.54,-64.38,62292300151,158.6557,2016-05-06,2016,5
Purus_Canutama,-6.54,-64.38,62292300151,97.20736,2016-05-22,2016,5
Purus_Canutama,-6.54,-64.38,62292300151,56.04993,2016-06-07,2016,6
Purus_Canutama,-6.54,-64.38,62292300151,51.236122,2016-07-09,2016,7
Purus_Canutama,-6.54,-64.38,62292300151,53.775787,2016-07-25,2016,7
Purus_Canutama,-6.54,-64.38,62292300151,145.4679,2017-02-18,2017,2
Purus_Canutama,-6.54,-64.38,62292300151,109.14112,2017-03-22,2017,3
Purus_Canutama,-6.54,-64.38,62292300151,120.90671,2017-05-09,2017,5
Purus_Canutama,-6.54,-64.38,62292300151,87.52668,2017-05-25,2017,5
Purus_Canutama,-6.54,-64.38,62292300151,64.97645,2017-06-26,2017,6
Purus_Canutama,-6.54,-64.38,62292300151,58.11297,2017-07-12,2017,7
Purus_Canutama,-6.54,-64.38,62292300151,48.17742,2017-07-28,2017,7
Purus_Canutama,-6.54,-64.38,62292300151,68.967766,2017-08-13,2017,8
Purus_Canutama,-6.54,-64.38,62292300151,67.39325,2017-08-29,2017,8
Purus_Canutama,-6.54,-64.38,62292300151,39.72479,2017-09-14,2017,9
Purus_Canutama,-6.54,-64.38,62292300151,40.745937,2017-09-30,2017,9
Purus_Canutama,-6.54,-64.38,62292300151,53.827682,2017-10-16,2017,10
Purus_Canutama,-6.54,-64.38,62292300151,66.47543,2017-11-01,2017,11
Purus_Canutama,-6.54,-64.38,62292300151,197.0382,2018-01-20,2018,1
Purus_Canutama,-6.54,-64.38,62292300151,120.277054,2018-05-12,2018,5
Purus_Canutama,-6.54,-64.38,62292300151,121.93744,2018-06-13,2018,6
Purus_Canutama,-6.54,-64.38,62292300151,75.098076,2018-06-29,2018,6
Purus_Canutama,-6.54,-64.38,62292300151,46.974354,2018-09-01,2018,9
Purus_Canutama,-6.54,-64.38,62292300151,43.93601,2018-09-17,2018,9
Purus_Canutama,-6.54,-64.38,62292300151,79.99324,2019-04-13,2019,4
Purus_Canutama,-6.54,-64.38,62292300151,140.23035,2019-07-02,2019,7
Purus_Canutama,-6.54,-64.38,62292300151,57.458588,2019-07-18,2019,7
Purus_Canutama,-6.54,-64.38,62292300151,69.23485,2019-08-03,2019,8
Purus_Canutama,-6.54,-64.38,62292300151,64.86671,2019-08-19,2019,8
Purus_Canutama,-6.54,-64.38,62292300151,37.398487,2019-09-20,2019,9
Purus_Canutama,-6.54,-64.38,62292300151,209.98932,2020-01-26,2020,1
Purus_Canutama,-6.54,-64.38,62292300151,117.422745,2020-05-01,2020,5
Purus_Canutama,-6.54,-64.38,62292300151,50.079906,2020-07-04,2020,7
Purus_Canutama,-6.54,-64.38,62292300151,60.376816,2020-07-20,2020,7
Purus_Canutama,-6.54,-64.38,62292300151,65.70912,2020-08-05,2020,8
Purus_Canutama,-6.54,-64.38,62292300151,54.687607,2020-09-06,2020,9
Purus_Canutama,-6.54,-64.38,62292300151,28.601368,2020-09-22,2020,9
Purus_Canutama,-6.54,-64.38,62292300151,74.22061,2020-10-08,2020,10
Purus_Canutama,-6.54,-64.38,62292300151,51.691025,2020-10-24,2020,10
Purus_Canutama,-6.54,-64.38,62292300151,421.00766,2021-01-12,2021,1
Purus_Canutama,-6.54,-64.38,62292300151,75.05404,2021-05-20,2021,5
Purus_Canutama,-6.54,-64.38,62292300151,56.04433,2021-07-07,2021,7
Purus_Canutama,-6.54,-64.38,62292300151,63.142315,2021-07-23,2021,7
Purus_Canutama,-6.54,-64.38,62292300151,86.35574,2021-08-08,2021,8
Purus_Canutama,-6.54,-64.38,62292300151,56.61568,2021-08-24,2021,8
Purus_Canutama,-6.54,-64.38,62292300151,55.29812,2021-10-11,2021,10
Purus_Canutama,-6.54,-64.38,62292300151,115.22439,1984-06-15,1984,6
Purus_Canutama,-6.54,-64.38,62292300151,112.61461,1984-07-01,1984,7
Purus_Canutama,-6.54,-64.38,62292300151,188.37674,1984-08-02,1984,8
Purus_Canutama,-6.54,-64.38,62292300151,357.36383,1984-12-24,1984,12
Purus_Canutama,-6.54,-64.38,62292300151,305.7029,1985-02-26,1985,2
Purus_Canutama,-6.54,-64.38,62292300151,268.359,1985-05-17,1985,5
Purus_Canutama,-6.54,-64.38,62292300151,175.94505,1985-06-02,1985,6
Purus_Canutama,-6.54,-64.38,62292300151,190.5674,1985-06-18,1985,6
Purus_Canutama,-6.54,-64.38,62292300151,115.8772,1985-09-06,1985,9
Purus_Canutama,-6.54,-64.38,62292300151,91.36962,1985-09-22,1985,9
Purus_Canutama,-6.54,-64.38,62292300151,66.715935,1985-10-08,1985,10
Purus_Canutama,-6.54,-64.38,62292300151,238.29308,1985-11-09,1985,11
Purus_Canutama,-6.54,-64.38,62292300151,132.81982,1986-05-20,1986,5
Purus_Canutama,-6.54,-64.38,62292300151,103.936584,1986-07-07,1986,7
Purus_Canutama,-6.54,-64.38,62292300151,101.35291,1986-07-23,1986,7
Purus_Canutama,-6.54,-64.38,62292300151,113.135994,1986-08-08,1986,8
Purus_Canutama,-6.54,-64.38,62292300151,121.92478,1986-09-25,1986,9
Purus_Canutama,-6.54,-64.38,62292300151,278.94064,1986-10-27,1986,10
Purus_Canutama,-6.54,-64.38,62292300151,255.16522,1987-03-20,1987,3
Purus_Canutama,-6.54,-64.38,62292300151,82.85994,1987-07-10,1987,7
Purus_Canutama,-6.54,-64.38,62292300151,54.942265,1987-07-26,1987,7
Purus_Canutama,-6.54,-64.38,62292300151,68.398285,1987-08-11,1987,8
Purus_Canutama,-6.54,-64.38,62292300151,54.0749,1987-08-27,1987,8
Purus_Canutama,-6.54,-64.38,62292300151,197.93578,1988-03-06,1988,3
Purus_Canutama,-6.54,-64.38,62292300151,109.25256,1988-07-12,1988,7
Purus_Canutama,-6.54,-64.38,62292300151,73.062386,1988-07-28,1988,7
Purus_Canutama,-6.54,-64.38,62292300151,115.92454,1988-08-13,1988,8
Purus_Canutama,-6.54,-64.38,62292300151,53.002365,1988-09-14,1988,9
Purus_Canutama,-6.54,-64.38,62292300151,47.597763,1988-10-16,1988,10
Purus_Canutama,-6.54,-64.38,62292300151,153.8143,1989-05-28,1989,5
Purus_Canutama,-6.54,-64.38,62292300151,86.81418,1989-07-15,1989,7
Purus_Canutama,-6.54,-64.38,62292300151,66.996826,1989-07-31,1989,7
Purus_Canutama,-6.54,-64.38,62292300151,124.886,1989-08-16,1989,8
Purus_Canutama,-6.54,-64.38,62292300151,124.714165,1989-11-20,1989,11
Purus_Canutama,-6.54,-64.38,62292300151,360.43134,1990-04-13,1990,4
Purus_Canutama,-6.54,-64.38,62292300151,294.602,1990-04-29,1990,4
Purus_Canutama,-6.54,-64.38,62292300151,185.14717,1990-05-15,1990,5
Purus_Canutama,-6.54,-64.38,62292300151,175.48839,1990-05-31,1990,5
Purus_Canutama,-6.54,-64.38,62292300151,87.983795,1990-07-02,1990,7
Purus_Canutama,-6.54,-64.38,62292300151,50.196518,1990-08-19,1990,8
Purus_Canutama,-6.54,-64.38,62292300151,32.050816,1990-09-20,1990,9
Purus_Canutama,-6.54,-64.38,62292300151,54.16787,1990-10-06,1990,10
Purus_Canutama,-6.54,-64.38,62292300151,293.6801,1990-11-07,1990,11
Purus_Canutama,-6.54,-64.38,62292300151,202.02046,1991-07-21,1991,7
Purus_Canutama,-6.54,-64.38,62292300151,149.6661,1991-08-06,1991,8
Purus_Canutama,-6.54,-64.38,62292300151,464.05756,1992-01-29,1992,1
Purus_Canutama,-6.54,-64.38,62292300151,155.19916,1992-06-21,1992,6
Purus_Canutama,-6.54,-64.38,62292300151,84.176445,1992-07-23,1992,7
Purus_Canutama,-6.54,-64.38,62292300151,118.05689,1992-08-08,1992,8
Purus_Canutama,-6.54,-64.38,62292300151,126.58512,1992-08-24,1992,8
Purus_Canutama,-6.54,-64.38,62292300151,75.6021,1992-09-09,1992,9
Purus_Canutama,-6.54,-64.38,62292300151,80.63648,1992-09-25,1992,9
Purus_Canutama,-6.54,-64.38,62292300151,291.23633,1992-12-14,1992,12
Purus_Canutama,-6.54,-64.38,62292300151,332.8823,1992-12-30,1992,12
Purus_Canutama,-6.54,-64.38,62292300151,267.17288,1993-03-04,1993,3
Purus_Canutama,-6.54,-64.38,62292300151,230.79805,1993-04-05,1993,4
Purus_Canutama,-6.54,-64.38,62292300151,177.87755,1993-05-07,1993,5
Purus_Canutama,-6.54,-64.38,62292300151,103.62454,1993-07-26,1993,7
Purus_Canutama,-6.54,-64.38,62292300151,251.9256,1994-05-10,1994,5
Purus_Canutama,-6.54,-64.38,62292300151,208.825,1994-05-26,1994,5
Purus_Canutama,-6.54,-64.38,62292300151,59.81125,1994-06-27,1994,6
Purus_Canutama,-6.54,-64.38,62292300151,119.49039,1994-07-29,1994,7
Purus_Canutama,-6.54,-64.38,62292300151,151.81276,1994-08-14,1994,8
Purus_Canutama,-6.54,-64.38,62292300151,113.17115,1994-10-17,1994,10
Purus_Canutama,-6.54,-64.38,62292300151,159.70827,1995-06-14,1995,6
Purus_Canutama,-6.54,-64.38,62292300151,61.026592,1995-07-16,1995,7
Purus_Canutama,-6.54,-64.38,62292300151,78.96653,1995-09-02,1995,9
Purus_Canutama,-6.54,-64.38,62292300151,37.873966,1995-10-04,1995,10
Purus_Canutama,-6.54,-64.38,62292300151,346.71283,1995-12-23,1995,12
Purus_Canutama,-6.54,-64.38,62292300151,134.0886,1996-04-13,1996,4
Purus_Canutama,-6.54,-64.38,62292300151,209.11203,1996-05-31,1996,5
Purus_Canutama,-6.54,-64.38,62292300151,82.51284,1996-06-16,1996,6
Purus_Canutama,-6.54,-64.38,62292300151,92.78353,1996-07-02,1996,7
Purus_Canutama,-6.54,-64.38,62292300151,86.16152,1996-07-18,1996,7
Purus_Canutama,-6.54,-64.38,62292300151,80.21754,1996-08-03,1996,8
Purus_Canutama,-6.54,-64.38,62292300151,78.37319,1996-09-04,1996,9
Purus_Canutama,-6.54,-64.38,62292300151,78.76702,1996-09-20,1996,9
Purus_Canutama,-6.54,-64.38,62292300151,175.26416,1996-12-09,1996,12
Purus_Canutama,-6.54,-64.38,62292300151,149.78117,1997-06-19,1997,6
Purus_Canutama,-6.54,-64.38,62292300151,114.39036,1997-07-21,1997,7
Purus_Canutama,-6.54,-64.38,62292300151,160.96938,1997-08-22,1997,8
Purus_Canutama,-6.54,-64.38,62292300151,183.037,1997-09-23,1997,9
Purus_Canutama,-6.54,-64.38,62292300151,76.66909,1997-10-09,1997,10
Purus_Canutama,-6.54,-64.38,62292300151,78.16431,1997-10-25,1997,10
Purus_Canutama,-6.54,-64.38,62292300151,75.79756,1998-05-21,1998,5
Purus_Canutama,-6.54,-64.38,62292300151,105.50128,1998-06-06,1998,6
Purus_Canutama,-6.54,-64.38,62292300151,125.66051,1998-06-22,1998,6
Purus_Canutama,-6.54,-64.38,62292300151,107.425095,1998-07-08,1998,7
Purus_Canutama,-6.54,-64.38,62292300151,42.08659,1998-07-24,1998,7
Purus_Canutama,-6.54,-64.38,62292300151,61.294292,1998-08-09,1998,8
Purus_Canutama,-6.54,-64.38,62292300151,43.04209,1998-08-25,1998,8
Purus_Canutama,-6.54,-64.38,62292300151,42.35769,1998-09-26,1998,9
Purus_Canutama,-6.54,-64.38,62292300151,204.80928,1998-11-29,1998,11
Purus_Canutama,-6.54,-64.38,62292300151,406.61716,1998-12-15,1998,12
Purus_Canutama,-6.54,-64.38,62292300151,230.785,1999-06-09,1999,6
Purus_Canutama,-6.54,-64.38,62292300151,264.85532,1999-06-25,1999,6
Purus_Canutama,-6.54,-64.38,62292300151,101.44415,1999-07-11,1999,7
Purus_Canutama,-6.54,-64.38,62292300151,97.79081,1999-08-12,1999,8
Purus_Canutama,-6.54,-64.38,62292300151,64.79611,1999-08-28,1999,8
Purus_Canutama,-6.54,-64.38,62292300151,59.482983,1999-10-15,1999,10
Purus_Canutama,-6.54,-64.38,62292300151,254.43701,2000-04-08,2000,4
Purus_Canutama,-6.54,-64.38,62292300151,202.47202,2000-05-26,2000,5
Purus_Canutama,-6.54,-64.38,62292300151,169.67369,2000-06-11,2000,6
Purus_Canutama,-6.54,-64.38,62292300151,96.95224,2000-06-27,2000,6
Purus_Canutama,-6.54,-64.38,62292300151,65.16046,2000-07-13,2000,7
Purus_Canutama,-6.54,-64.38,62292300151,62.349308,2000-07-29,2000,7
Purus_Canutama,-6.54,-64.38,62292300151,53.31262,2000-08-14,2000,8
Purus_Canutama,-6.54,-64.38,62292300151,56.90886,2000-08-30,2000,8
Purus_Canutama,-6.54,-64.38,62292300151,54.350613,2000-10-17,2000,10
Purus_Canutama,-6.54,-64.38,62292300151,154.38066,2001-04-27,2001,4
Purus_Canutama,-6.54,-64.38,62292300151,137.68895,2001-06-30,2001,6
Purus_Canutama,-6.54,-64.38,62292300151,113.34556,2001-08-01,2001,8
Purus_Canutama,-6.54,-64.38,62292300151,87.29577,2001-08-17,2001,8
Purus_Canutama,-6.54,-64.38,62292300151,67.869156,2001-09-02,2001,9
Purus_Canutama,-6.54,-64.38,62292300151,82.24658,2001-09-18,2001,9
Purus_Canutama,-6.54,-64.38,62292300151,68.58821,2001-10-20,2001,10
Purus_Canutama,-6.54,-64.38,62292300151,219.85056,2001-12-07,2001,12
Purus_Canutama,-6.54,-64.38,62292300151,79.71095,2003-07-22,2003,7
Purus_Canutama,-6.54,-64.38,62292300151,85.99461,2003-08-07,2003,8
Purus_Canutama,-6.54,-64.38,62292300151,90.18341,2003-08-23,2003,8
Purus_Canutama,-6.54,-64.38,62292300151,41.51018,2003-09-08,2003,9
Purus_Canutama,-6.54,-64.38,62292300151,58.966965,2003-09-24,2003,9
Purus_Canutama,-6.54,-64.38,62292300151,167.71759,2003-10-26,2003,10
Purus_Canutama,-6.54,-64.38,62292300151,332.49765,2004-03-02,2004,3
Purus_Canutama,-6.54,-64.38,62292300151,92.261734,2004-06-22,2004,6
Purus_Canutama,-6.54,-64.38,62292300151,75.01042,2004-07-24,2004,7
Purus_Canutama,-6.54,-64.38,62292300151,122.07367,2004-08-09,2004,8
Purus_Canutama,-6.54,-64.38,62292300151,54.258972,2004-08-25,2004,8
Purus_Canutama,-6.54,-64.38,62292300151,181.99146,2005-01-16,2005,1
Purus_Canutama,-6.54,-64.38,62292300151,96.58157,2005-04-06,2005,4
Purus_Canutama,-6.54,-64.38,62292300151,143.93105,2005-05-24,2005,5
Purus_Canutama,-6.54,-64.38,62292300151,93.566696,2005-06-09,2005,6
Purus_Canutama,-6.54,-64.38,62292300151,82.34399,2005-07-11,2005,7
Purus_Canutama,-6.54,-64.38,62292300151,83.98834,2005-07-27,2005,7
Purus_Canutama,-6.54,-64.38,62292300151,119.52267,2005-08-12,2005,8
Purus_Canutama,-6.54,-64.38,62292300151,49.015224,2005-08-28,2005,8
Purus_Canutama,-6.54,-64.38,62292300151,77.90851,2006-06-12,2006,6
Purus_Canutama,-6.54,-64.38,62292300151,60.29351,2006-06-28,2006,6
Purus_Canutama,-6.54,-64.38,62292300151,109.30194,2006-07-14,2006,7
Purus_Canutama,-6.54,-64.38,62292300151,38.930454,2006-08-31,2006,8
Purus_Canutama,-6.54,-64.38,62292300151,138.01611,2007-04-12,2007,4
Purus_Canutama,-6.54,-64.38,62292300151,249.24733,2007-06-15,2007,6
Purus_Canutama,-6.54,-64.38,62292300151,62.13157,2007-07-01,2007,7
Purus_Canutama,-6.54,-64.38,62292300151,96.32032,2007-07-17,2007,7
Purus_Canutama,-6.54,-64.38,62292300151,77.613205,2007-08-02,2007,8
Purus_Canutama,-6.54,-64.38,62292300151,111.92168,2007-08-18,2007,8
Purus_Canutama,-6.54,-64.38,62292300151,72.53118,2007-09-03,2007,9
Purus_Canutama,-6.54,-64.38,62292300151,34.0963,2007-09-19,2007,9
Purus_Canutama,-6.54,-64.38,62292300151,52.692764,2007-10-05,2007,10
Purus_Canutama,-6.54,-64.38,62292300151,240.09085,2008-04-30,2008,4
Purus_Canutama,-6.54,-64.38,62292300151,182.88083,2008-06-17,2008,6
Purus_Canutama,-6.54,-64.38,62292300151,49.174454,2008-07-03,2008,7
Purus_Canutama,-6.54,-64.38,62292300151,117.950134,2008-08-04,2008,8
Purus_Canutama,-6.54,-64.38,62292300151,107.31587,2008-08-20,2008,8
Purus_Canutama,-6.54,-64.38,62292300151,43.608192,2008-10-23,2008,10
Purus_Canutama,-6.54,-64.38,62292300151,112.62351,2009-05-03,2009,5
Purus_Canutama,-6.54,-64.38,62292300151,133.69821,2009-06-04,2009,6
Purus_Canutama,-6.54,-64.38,62292300151,210.9694,2009-06-20,2009,6
Purus_Canutama,-6.54,-64.38,62292300151,163.24829,2009-07-06,2009,7
Purus_Canutama,-6.54,-64.38,62292300151,100.80827,2009-08-07,2009,8
Purus_Canutama,-6.54,-64.38,62292300151,55.66575,2009-09-08,2009,9
Purus_Canutama,-6.54,-64.38,62292300151,97.35051,2009-09-24,2009,9
Purus_Canutama,-6.54,-64.38,62292300151,82.723045,2009-10-10,2009,10
Purus_Canutama,-6.54,-64.38,62292300151,67.96656,2009-10-26,2009,10
Purus_Canutama,-6.54,-64.38,62292300151,210.56871,2010-04-20,2010,4
Purus_Canutama,-6.54,-64.38,62292300151,153.50706,2010-05-06,2010,5
Purus_Canutama,-6.54,-64.38,62292300151,97.104126,2010-07-09,2010,7
Purus_Canutama,-6.54,-64.38,62292300151,116.61485,2010-07-25,2010,7
Purus_Canutama,-6.54,-64.38,62292300151,92.273964,2010-09-11,2010,9
Purus_Canutama,-6.54,-64.38,62292300151,45.988,2010-09-27,2010,9
Purus_Canutama,-6.54,-64.38,62292300151,126.83694,2011-04-23,2011,4
Purus_Canutama,-6.54,-64.38,62292300151,167.5445,2011-05-25,2011,5
Purus_Canutama,-6.54,-64.38,62292300151,54.69174,2011-07-12,2011,7
Purus_Canutama,-6.54,-64.38,62292300151,89.02158,2011-08-13,2011,8
Purus_Canutama,-6.54,-64.38,62292300151,46.63325,2011-08-29,2011,8
Purus_Canutama,-6.54,-64.38,62292300151,67.248024,1999-07-03,1999,7
Purus_Canutama,-6.54,-64.38,62292300151,76.19133,1999-07-19,1999,7
Purus_Canutama,-6.54,-64.38,62292300151,80.07345,1999-08-04,1999,8
Purus_Canutama,-6.54,-64.38,62292300151,89.500824,1999-08-20,1999,8
Purus_Canutama,-6.54,-64.38,62292300151,86.8061,1999-09-05,1999,9
Purus_Canutama,-6.54,-64.38,62292300151,234.20645,1999-12-10,1999,12
Purus_Canutama,-6.54,-64.38,62292300151,52.34254,2000-08-06,2000,8
Purus_Canutama,-6.54,-64.38,62292300151,49.997044,2000-08-22,2000,8
Purus_Canutama,-6.54,-64.38,62292300151,108.779175,2001-05-21,2001,5
Purus_Canutama,-6.54,-64.38,62292300151,59.812725,2001-06-06,2001,6
Purus_Canutama,-6.54,-64.38,62292300151,34.669895,2001-07-24,2001,7
Purus_Canutama,-6.54,-64.38,62292300151,47.24115,2001-10-28,2001,10
Purus_Canutama,-6.54,-64.38,62292300151,108.14189,2001-11-13,2001,11
Purus_Canutama,-6.54,-64.38,62292300151,227.05226,2001-12-15,2001,12
Purus_Canutama,-6.54,-64.38,62292300151,80.44671,2002-04-06,2002,4
Purus_Canutama,-6.54,-64.38,62292300151,264.50034,2002-06-09,2002,6
Purus_Canutama,-6.54,-64.38,62292300151,113.51406,2002-06-25,2002,6
Purus_Canutama,-6.54,-64.38,62292300151,44.494884,2002-07-11,2002,7
Purus_Canutama,-6.54,-64.38,62292300151,53.339622,2002-07-27,2002,7
Purus_Canutama,-6.54,-64.38,62292300151,338.3517,2002-08-12,2002,8
Purus_Canutama,-6.54,-64.38,62292300151,69.42049,2002-08-28,2002,8
Purus_Canutama,-6.54,-64.38,62292300151,35.3685,2002-09-13,2002,9
Purus_Canutama,-6.54,-64.38,62292300151,182.88474,2002-11-16,2002,11
Purus_Canutama,-6.54,-64.38,62292300151,134.67508,2003-02-20,2003,2
Purus_Canutama,-6.54,-64.38,62292300151,91.90915,2003-03-08,2003,3
Purus_Canutama,-6.54,-64.38,62292300151,234.63397,2003-05-11,2003,5
Purus_Canutama,-6.54,-64.38,62292300151,91.22495,2003-08-15,2003,8
Purus_Canutama,-6.54,-64.38,62292300151,62.82411,2003-10-02,2003,10
Purus_Canutama,-6.54,-64.38,62292300151,44.99941,2004-07-16,2004,7
Purus_Canutama,-6.54,-64.38,62292300151,91.949326,2004-08-01,2004,8
Purus_Canutama,-6.54,-64.38,62292300151,61.317127,2004-08-17,2004,8
Purus_Canutama,-6.54,-64.38,62292300151,72.11129,2004-09-18,2004,9
Purus_Canutama,-6.54,-64.38,62292300151,59.47722,2004-10-04,2004,10
Purus_Canutama,-6.54,-64.38,62292300151,140.11537,2004-11-05,2004,11
Purus_Canutama,-6.54,-64.38,62292300151,251.53947,2005-04-14,2005,4
Purus_Canutama,-6.54,-64.38,62292300151,142.48418,2005-06-01,2005,6
Purus_Canutama,-6.54,-64.38,62292300151,81.99783,2005-06-17,2005,6
Purus_Canutama,-6.54,-64.38,62292300151,54.986393,2005-07-03,2005,7
Purus_Canutama,-6.54,-64.38,62292300151,80.10132,2005-08-04,2005,8
Purus_Canutama,-6.54,-64.38,62292300151,39.572937,2005-09-05,2005,9
Purus_Canutama,-6.54,-64.38,62292300151,74.94343,2005-09-21,2005,9
Purus_Canutama,-6.54,-64.38,62292300151,44.74455,2006-06-20,2006,6
Purus_Canutama,-6.54,-64.38,62292300151,60.490562,2006-08-07,2006,8
Purus_Canutama,-6.54,-64.38,62292300151,84.58213,2006-08-23,2006,8
Purus_Canutama,-6.54,-64.38,62292300151,34.62608,2006-09-08,2006,9
Purus_Canutama,-6.54,-64.38,62292300151,204.3358,2007-05-22,2007,5
Purus_Canutama,-6.54,-64.38,62292300151,198.05066,2007-06-07,2007,6
Purus_Canutama,-6.54,-64.38,62292300151,96.27647,2007-06-23,2007,6
Purus_Canutama,-6.54,-64.38,62292300151,53.94419,2007-07-09,2007,7
Purus_Canutama,-6.54,-64.38,62292300151,53.76805,2007-07-25,2007,7
Purus_Canutama,-6.54,-64.38,62292300151,110.27072,2007-08-10,2007,8
Purus_Canutama,-6.54,-64.38,62292300151,31.690842,2007-08-26,2007,8
Purus_Canutama,-6.54,-64.38,62292300151,30.626448,2007-09-11,2007,9
Purus_Canutama,-6.54,-64.38,62292300151,62.202946,2007-09-27,2007,9
Purus_Canutama,-6.54,-64.38,62292300151,125.12324,2008-04-06,2008,4
Purus_Canutama,-6.54,-64.38,62292300151,191.77399,2008-05-24,2008,5
Purus_Canutama,-6.54,-64.38,62292300151,55.799976,2008-07-27,2008,7
Purus_Canutama,-6.54,-64.38,62292300151,57.482693,2008-08-28,2008,8
Purus_Canutama,-6.54,-64.38,62292300151,71.97353,2009-07-14,2009,7
Purus_Canutama,-6.54,-64.38,62292300151,76.43503,2009-07-30,2009,7
Purus_Canutama,-6.54,-64.38,62292300151,62.566486,2009-08-31,2009,8
Purus_Canutama,-6.54,-64.38,62292300151,108.819786,2010-05-30,2010,5
Purus_Canutama,-6.54,-64.38,62292300151,62.883614,2010-06-15,2010,6
Purus_Canutama,-6.54,-64.38,62292300151,39.92283,2010-07-01,2010,7
Purus_Canutama,-6.54,-64.38,62292300151,45.51486,2010-08-02,2010,8
Purus_Canutama,-6.54,-64.38,62292300151,172.91087,2011-05-01,2011,5
Purus_Canutama,-6.54,-64.38,62292300151,59.879387,2011-06-02,2011,6
Purus_Canutama,-6.54,-64.38,62292300151,55.652657,2011-07-20,2011,7
Purus_Canutama,-6.54,-64.38,62292300151,71.43898,2011-08-05,2011,8
Purus_Canutama,-6.54,-64.38,62292300151,57.809345,2011-09-06,2011,9
Purus_Canutama,-6.54,-64.38,62292300151,106.635574,2011-09-22,2011,9
Purus_Canutama,-6.54,-64.38,62292300151,114.98907,2012-06-04,2012,6
Purus_Canutama,-6.54,-64.38,62292300151,97.12612,2012-06-20,2012,6
Purus_Canutama,-6.54,-64.38,62292300151,80.88601,2012-07-22,2012,7
Purus_Canutama,-6.54,-64.38,62292300151,32.568123,2012-08-07,2012,8
Purus_Canutama,-6.54,-64.38,62292300151,94.85239,2012-08-23,2012,8
Purus_Canutama,-6.54,-64.38,62292300151,49.299847,2012-09-08,2012,9
Purus_Canutama,-6.54,-64.38,62292300151,35.271416,2012-09-24,2012,9
Purus_Canutama,-6.54,-64.38,62292300151,61.105087,2012-10-10,2012,10
Purus_Canutama,-6.54,-64.38,62292300151,211.88821,2013-05-06,2013,5
Purus_Canutama,-6.54,-64.38,62292300151,61.276764,2013-07-09,2013,7
Purus_Canutama,-6.54,-64.38,62292300151,64.08843,2013-08-10,2013,8
Purus_Canutama,-6.54,-64.38,62292300151,66.190155,2013-08-26,2013,8
Purus_Canutama,-6.54,-64.38,62292300151,47.592865,2013-09-11,2013,9
Purus_Canutama,-6.54,-64.38,62292300151,43.648205,2013-09-27,2013,9
Purus_Canutama,-6.54,-64.38,62292300151,39.036263,2013-10-13,2013,10
Purus_Canutama,-6.54,-64.38,62292300151,140.02988,2014-06-26,2014,6
Purus_Canutama,-6.54,-64.38,62292300151,69.71339,2014-07-12,2014,7
Purus_Canutama,-6.54,-64.38,62292300151,72.642204,2014-08-13,2014,8
Purus_Canutama,-6.54,-64.38,62292300151,78.5053,2014-08-29,2014,8
Purus_Canutama,-6.54,-64.38,62292300151,57.795002,2014-09-14,2014,9
Purus_Canutama,-6.54,-64.38,62292300151,79.771645,2014-09-30,2014,9
Purus_Canutama,-6.54,-64.38,62292300151,49.95404,2015-03-09,2015,3
Purus_Canutama,-6.54,-64.38,62292300151,34.85983,2015-04-10,2015,4
Purus_Canutama,-6.54,-64.38,62292300151,63.86011,2015-06-13,2015,6
Purus_Canutama,-6.54,-64.38,62292300151,70.112335,2015-07-15,2015,7
Purus_Canutama,-6.54,-64.38,62292300151,41.957977,2015-07-31,2015,7
Purus_Canutama,-6.54,-64.38,62292300151,64.931946,2015-08-16,2015,8
Purus_Canutama,-6.54,-64.38,62292300151,59.562695,2015-09-17,2015,9
Purus_Canutama,-6.54,-64.38,62292300151,61.98834,2015-10-19,2015,10
Purus_Canutama,-6.54,-64.38,62292300151,43.808212,2015-11-20,2015,11
Purus_Canutama,-6.54,-64.38,62292300151,89.94583,2015-12-06,2015,12
Purus_Canutama,-6.54,-64.38,62292300151,32.090157,2016-07-01,2016,7
Purus_Canutama,-6.54,-64.38,62292300151,32.675358,2016-07-17,2016,7
Purus_Canutama,-6.54,-64.38,62292300151,34.33842,2016-08-02,2016,8
Purus_Canutama,-6.54,-64.38,62292300151,25.610352,2016-08-18,2016,8
Purus_Canutama,-6.54,-64.38,62292300151,42.406063,2016-10-05,2016,10
Purus_Canutama,-6.54,-64.38,62292300151,74.60918,2016-11-06,2016,11
Purus_Canutama,-6.54,-64.38,62292300151,215.82935,2016-12-08,2016,12
Purus_Canutama,-6.54,-64.38,62292300151,319.42438,2017-01-25,2017,1
Purus_Canutama,-6.54,-64.38,62292300151,52.370476,2017-03-30,2017,3
Purus_Canutama,-6.54,-64.38,62292300151,53.647697,2017-06-18,2017,6
Purus_Canutama,-6.54,-64.38,62292300151,64.73311,2017-07-04,2017,7
Purus_Canutama,-6.54,-64.38,62292300151,51.194496,2017-07-20,2017,7
Purus_Canutama,-6.54,-64.38,62292300151,50.10599,2017-08-05,2017,8
Purus_Canutama,-6.54,-64.38,62292300151,82.255974,2017-09-06,2017,9
Purus_Canutama,-6.54,-64.38,62292300151,163.4987,2018-06-21,2018,6
Purus_Canutama,-6.54,-64.38,62292300151,72.18286,2018-07-07,2018,7
Purus_Canutama,-6.54,-64.38,62292300151,40.122772,2018-07-23,2018,7
Purus_Canutama,-6.54,-64.38,62292300151,57.108326,2018-08-08,2018,8
Purus_Canutama,-6.54,-64.38,62292300151,33.44368,2018-08-24,2018,8
Purus_Canutama,-6.54,-64.38,62292300151,78.4765,2018-09-09,2018,9
Purus_Canutama,-6.54,-64.38,62292300151,37.50144,2018-09-25,2018,9
Purus_Canutama,-6.54,-64.38,62292300151,113.2683,2019-01-15,2019,1
Purus_Canutama,-6.54,-64.38,62292300151,75.62148,2019-05-07,2019,5
Purus_Canutama,-6.54,-64.38,62292300151,173.07896,2019-05-23,2019,5
Purus_Canutama,-6.54,-64.38,62292300151,73.23896,2019-06-24,2019,6
Purus_Canutama,-6.54,-64.38,62292300151,103.10567,2019-07-10,2019,7
Purus_Canutama,-6.54,-64.38,62292300151,44.252777,2019-07-26,2019,7
Purus_Canutama,-6.54,-64.38,62292300151,77.75462,2019-08-11,2019,8
Purus_Canutama,-6.54,-64.38,62292300151,81.19322,2019-09-12,2019,9
Purus_Canutama,-6.54,-64.38,62292300151,127.19464,2020-06-10,2020,6
Purus_Canutama,-6.54,-64.38,62292300151,57.06107,2020-06-26,2020,6
Purus_Canutama,-6.54,-64.38,62292300151,71.301674,2020-07-28,2020,7
Purus_Canutama,-6.54,-64.38,62292300151,118.31772,2020-08-13,2020,8
Purus_Canutama,-6.54,-64.38,62292300151,47.767715,2020-08-29,2020,8
Purus_Canutama,-6.54,-64.38,62292300151,109.77321,2021-05-28,2021,5
Purus_Canutama,-6.54,-64.38,62292300151,65.40587,2021-06-13,2021,6
Purus_Canutama,-6.54,-64.38,62292300151,43.567707,2021-07-15,2021,7
Purus_Canutama,-6.54,-64.38,62292300151,129.35458,2021-07-31,2021,7
Purus_Canutama,-6.54,-64.38,62292300151,94.748665,2021-09-01,2021,9
Purus_Canutama,-6.54,-64.38,62292300151,50.363525,2021-09-17,2021,9
Purus_Canutama,-6.54,-64.38,62292300151,31.832048,2021-10-03,2021,10
Purus_Canutama,-6.54,-64.38,62292300151,98.87279,2013-05-30,2013,5
Purus_Canutama,-6.54,-64.38,62292300151,57.888725,2013-06-15,2013,6
Purus_Canutama,-6.54,-64.38,62292300151,67.79205,2013-07-01,2013,7
Purus_Canutama,-6.54,-64.38,62292300151,56.822777,2013-08-02,2013,8
Purus_Canutama,-6.54,-64.38,62292300151,54.646988,2013-08-18,2013,8
Purus_Canutama,-6.54,-64.38,62292300151,77.348595,2013-10-05,2013,10
Purus_Canutama,-6.54,-64.38,62292300151,84.95188,2013-10-21,2013,10
Purus_Canutama,-6.54,-64.38,62292300151,116.07253,2014-05-01,2014,5
Purus_Canutama,-6.54,-64.38,62292300151,317.9993,2014-06-02,2014,6
Purus_Canutama,-6.54,-64.38,62292300151,88.732735,2014-06-18,2014,6
Purus_Canutama,-6.54,-64.38,62292300151,139.28204,2014-07-04,2014,7
Purus_Canutama,-6.54,-64.38,62292300151,42.3917,2014-08-05,2014,8
Purus_Canutama,-6.54,-64.38,62292300151,69.91867,2014-08-21,2014,8
Purus_Canutama,-6.54,-64.38,62292300151,63.415363,2014-09-06,2014,9
Purus_Canutama,-6.54,-64.38,62292300151,56.783092,2014-09-22,2014,9
Purus_Canutama,-6.54,-64.38,62292300151,168.39478,2015-05-20,2015,5
Purus_Canutama,-6.54,-64.38,62292300151,266.9572,2015-06-05,2015,6
Purus_Canutama,-6.54,-64.38,62292300151,106.11275,2015-06-21,2015,6
Purus_Canutama,-6.54,-64.38,62292300151,225.78864,2015-07-07,2015,7
Purus_Canutama,-6.54,-64.38,62292300151,39.169075,2015-07-23,2015,7
Purus_Canutama,-6.54,-64.38,62292300151,65.25669,2015-08-08,2015,8
Purus_Canutama,-6.54,-64.38,62292300151,66.07401,2015-08-24,2015,8
Purus_Canutama,-6.54,-64.38,62292300151,59.27167,2015-09-09,2015,9
Purus_Canutama,-6.54,-64.38,62292300151,98.9481,2015-09-25,2015,9
Purus_Canutama,-6.54,-64.38,62292300151,53.32525,2015-10-27,2015,10
Purus_Canutama,-6.54,-64.38,62292300151,107.46798,2015-12-14,2015,12
Purus_Canutama,-6.54,-64.38,62292300151,237.99474,2016-03-03,2016,3
Purus_Canutama,-6.54,-64.38,62292300151,158.6557,2016-05-06,2016,5
Purus_Canutama,-6.54,-64.38,62292300151,104.69745,2016-05-22,2016,5
Purus_Canutama,-6.54,-64.38,62292300151,45.568535,2016-06-07,2016,6
Purus_Canutama,-6.54,-64.38,62292300151,50.637573,2016-07-09,2016,7
Purus_Canutama,-6.54,-64.38,62292300151,51.32329,2016-07-25,2016,7
Purus_Canutama,-6.54,-64.38,62292300151,21.458046,2016-09-11,2016,9
Purus_Canutama,-6.54,-64.38,62292300151,147.53871,2017-02-18,2017,2
Purus_Canutama,-6.54,-64.38,62292300151,87.52668,2017-05-25,2017,5
Purus_Canutama,-6.54,-64.38,62292300151,62.110424,2017-06-26,2017,6
Purus_Canutama,-6.54,-64.38,62292300151,58.547005,2017-07-12,2017,7
Purus_Canutama,-6.54,-64.38,62292300151,45.0292,2017-07-28,2017,7
Purus_Canutama,-6.54,-64.38,62292300151,75.407425,2017-08-13,2017,8
Purus_Canutama,-6.54,-64.38,62292300151,63.364033,2017-08-29,2017,8
Purus_Canutama,-6.54,-64.38,62292300151,39.99161,2017-09-14,2017,9
Purus_Canutama,-6.54,-64.38,62292300151,35.522438,2017-09-30,2017,9
Purus_Canutama,-6.54,-64.38,62292300151,71.73664,2017-10-16,2017,10
Purus_Canutama,-6.54,-64.38,62292300151,63.12615,2017-11-01,2017,11
Purus_Canutama,-6.54,-64.38,62292300151,267.63235,2017-12-03,2017,12
Purus_Canutama,-6.54,-64.38,62292300151,204.13443,2018-01-20,2018,1
Purus_Canutama,-6.54,-64.38,62292300151,128.03246,2018-05-12,2018,5
Purus_Canutama,-6.54,-64.38,62292300151,351.94162,2018-05-28,2018,5
Purus_Canutama,-6.54,-64.38,62292300151,143.54416,2018-06-13,2018,6
Purus_Canutama,-6.54,-64.38,62292300151,78.36526,2018-06-29,2018,6
Purus_Canutama,-6.54,-64.38,62292300151,42.267853,2018-07-15,2018,7
Purus_Canutama,-6.54,-64.38,62292300151,60.80202,2018-07-31,2018,7
Purus_Canutama,-6.54,-64.38,62292300151,46.293,2018-09-01,2018,9
Purus_Canutama,-6.54,-64.38,62292300151,43.552006,2018-09-17,2018,9
Purus_Canutama,-6.54,-64.38,62292300151,37.04292,2018-10-03,2018,10
Purus_Canutama,-6.54,-64.38,62292300151,61.7426,2018-11-04,2018,11
Purus_Canutama,-6.54,-64.38,62292300151,79.62228,2019-04-13,2019,4
Purus_Canutama,-6.54,-64.38,62292300151,130.08817,2019-05-31,2019,5
Purus_Canutama,-6.54,-64.38,62292300151,128.03027,2019-07-02,2019,7
Purus_Canutama,-6.54,-64.38,62292300151,47.224697,2019-07-18,2019,7
Purus_Canutama,-6.54,-64.38,62292300151,76.640495,2019-08-03,2019,8
Purus_Canutama,-6.54,-64.38,62292300151,67.4153,2019-08-19,2019,8
Purus_Canutama,-6.54,-64.38,62292300151,39.152843,2019-09-20,2019,9
Purus_Canutama,-6.54,-64.38,62292300151,211.26355,2020-01-26,2020,1
Purus_Canutama,-6.54,-64.38,62292300151,131.88536,2020-05-01,2020,5
Purus_Canutama,-6.54,-64.38,62292300151,49.928005,2020-07-04,2020,7
Purus_Canutama,-6.54,-64.38,62292300151,60.448303,2020-07-20,2020,7
Purus_Canutama,-6.54,-64.38,62292300151,77.97795,2020-08-05,2020,8
Purus_Canutama,-6.54,-64.38,62292300151,51.50464,2020-09-06,2020,9
Purus_Canutama,-6.54,-64.38,62292300151,37.307983,2020-09-22,2020,9
Purus_Canutama,-6.54,-64.38,62292300151,75.04201,2020-10-08,2020,10
Purus_Canutama,-6.54,-64.38,62292300151,45.120796,2020-10-24,2020,10
Purus_Canutama,-6.54,-64.38,62292300151,432.06238,2021-01-12,2021,1
Purus_Canutama,-6.54,-64.38,62292300151,98.45145,2021-05-20,2021,5
Purus_Canutama,-6.54,-64.38,62292300151,70.2586,2021-06-05,2021,6
Purus_Canutama,-6.54,-64.38,62292300151,54.19165,2021-07-07,2021,7
Purus_Canutama,-6.54,-64.38,62292300151,70.24799,2021-07-23,2021,7
Purus_Canutama,-6.54,-64.38,62292300151,110.15963,2021-08-08,2021,8
Purus_Canutama,-6.54,-64.38,62292300151,53.38241,2021-08-24,2021,8
Purus_Canutama,-6.54,-64.38,62292300151,56.445084,2021-10-11,2021,10
Purus_Labrea,-7.26,-64.8,62292300311,231.49101,1984-06-15,1984,6
Purus_Labrea,-7.26,-64.8,62292300311,127.30236,1984-07-01,1984,7
Purus_Labrea,-7.26,-64.8,62292300311,91.52088,1984-08-02,1984,8
Purus_Labrea,-7.26,-64.8,62292300311,458.9046,1984-11-22,1984,11
Purus_Labrea,-7.26,-64.8,62292300311,369.64618,1984-12-24,1984,12
Purus_Labrea,-7.26,-64.8,62292300311,390.14014,1985-02-26,1985,2
Purus_Labrea,-7.26,-64.8,62292300311,405.16165,1985-06-02,1985,6
Purus_Labrea,-7.26,-64.8,62292300311,173.24019,1985-06-18,1985,6
Purus_Labrea,-7.26,-64.8,62292300311,94.895256,1985-09-06,1985,9
Purus_Labrea,-7.26,-64.8,62292300311,103.02623,1985-09-22,1985,9
Purus_Labrea,-7.26,-64.8,62292300311,60.832455,1985-10-08,1985,10
Purus_Labrea,-7.26,-64.8,62292300311,219.67657,1985-11-09,1985,11
Purus_Labrea,-7.26,-64.8,62292300311,196.6617,1986-05-20,1986,5
Purus_Labrea,-7.26,-64.8,62292300311,124.98538,1986-07-07,1986,7
Purus_Labrea,-7.26,-64.8,62292300311,125.36959,1986-07-23,1986,7
Purus_Labrea,-7.26,-64.8,62292300311,106.42381,1986-08-08,1986,8
Purus_Labrea,-7.26,-64.8,62292300311,451.1973,1986-09-09,1986,9
Purus_Labrea,-7.26,-64.8,62292300311,121.578224,1986-09-25,1986,9
Purus_Labrea,-7.26,-64.8,62292300311,187.21588,1986-10-27,1986,10
Purus_Labrea,-7.26,-64.8,62292300311,302.93152,1987-01-31,1987,1
Purus_Labrea,-7.26,-64.8,62292300311,169.9389,1987-03-20,1987,3
Purus_Labrea,-7.26,-64.8,62292300311,59.86749,1987-07-26,1987,7
Purus_Labrea,-7.26,-64.8,62292300311,79.85216,1987-08-11,1987,8
Purus_Labrea,-7.26,-64.8,62292300311,48.443474,1987-08-27,1987,8
Purus_Labrea,-7.26,-64.8,62292300311,260.97122,1988-03-06,1988,3
Purus_Labrea,-7.26,-64.8,62292300311,84.89852,1988-07-12,1988,7
Purus_Labrea,-7.26,-64.8,62292300311,73.16132,1988-07-28,1988,7
Purus_Labrea,-7.26,-64.8,62292300311,75.35915,1988-08-13,1988,8
Purus_Labrea,-7.26,-64.8,62292300311,80.37568,1988-09-14,1988,9
Purus_Labrea,-7.26,-64.8,62292300311,44.149673,1988-10-16,1988,10
Purus_Labrea,-7.26,-64.8,62292300311,182.86627,1989-05-28,1989,5
Purus_Labrea,-7.26,-64.8,62292300311,84.85085,1989-07-15,1989,7
Purus_Labrea,-7.26,-64.8,62292300311,80.88194,1989-07-31,1989,7
Purus_Labrea,-7.26,-64.8,62292300311,90.27197,1989-08-16,1989,8
Purus_Labrea,-7.26,-64.8,62292300311,113.548775,1989-09-17,1989,9
Purus_Labrea,-7.26,-64.8,62292300311,278.3728,1989-11-20,1989,11
Purus_Labrea,-7.26,-64.8,62292300311,542.21185,1990-04-13,1990,4
Purus_Labrea,-7.26,-64.8,62292300311,295.6426,1990-04-29,1990,4
Purus_Labrea,-7.26,-64.8,62292300311,177.12352,1990-05-15,1990,5
Purus_Labrea,-7.26,-64.8,62292300311,193.28871,1990-05-31,1990,5
Purus_Labrea,-7.26,-64.8,62292300311,86.27521,1990-07-02,1990,7
Purus_Labrea,-7.26,-64.8,62292300311,43.569725,1990-08-19,1990,8
Purus_Labrea,-7.26,-64.8,62292300311,44.479263,1990-09-20,1990,9
Purus_Labrea,-7.26,-64.8,62292300311,61.51624,1990-10-06,1990,10
Purus_Labrea,-7.26,-64.8,62292300311,331.5591,1990-11-07,1990,11
Purus_Labrea,-7.26,-64.8,62292300311,475.70963,1991-02-27,1991,2
Purus_Labrea,-7.26,-64.8,62292300311,192.49356,1991-05-18,1991,5
Purus_Labrea,-7.26,-64.8,62292300311,248.83253,1991-07-05,1991,7
Purus_Labrea,-7.26,-64.8,62292300311,140.14276,1991-07-21,1991,7
Purus_Labrea,-7.26,-64.8,62292300311,158.1068,1992-06-21,1992,6
Purus_Labrea,-7.26,-64.8,62292300311,94.30418,1992-07-23,1992,7
Purus_Labrea,-7.26,-64.8,62292300311,88.178444,1992-08-24,1992,8
Purus_Labrea,-7.26,-64.8,62292300311,54.11556,1992-09-09,1992,9
Purus_Labrea,-7.26,-64.8,62292300311,42.50745,1992-09-25,1992,9
Purus_Labrea,-7.26,-64.8,62292300311,234.12123,1992-12-30,1992,12
Purus_Labrea,-7.26,-64.8,62292300311,319.84604,1993-03-04,1993,3
Purus_Labrea,-7.26,-64.8,62292300311,351.02856,1993-04-05,1993,4
Purus_Labrea,-7.26,-64.8,62292300311,189.20535,1993-05-07,1993,5
Purus_Labrea,-7.26,-64.8,62292300311,274.29425,1993-05-23,1993,5
Purus_Labrea,-7.26,-64.8,62292300311,138.49344,1993-07-10,1993,7
Purus_Labrea,-7.26,-64.8,62292300311,91.141304,1993-07-26,1993,7
Purus_Labrea,-7.26,-64.8,62292300311,111.18941,1993-08-27,1993,8
Purus_Labrea,-7.26,-64.8,62292300311,275.2267,1994-05-10,1994,5
Purus_Labrea,-7.26,-64.8,62292300311,260.8469,1994-05-26,1994,5
Purus_Labrea,-7.26,-64.8,62292300311,140.36113,1994-06-11,1994,6
Purus_Labrea,-7.26,-64.8,62292300311,91.39233,1994-06-27,1994,6
Purus_Labrea,-7.26,-64.8,62292300311,146.44449,1994-07-29,1994,7
Purus_Labrea,-7.26,-64.8,62292300311,141.82552,1994-08-14,1994,8
Purus_Labrea,-7.26,-64.8,62292300311,82.33187,1994-10-17,1994,10
Purus_Labrea,-7.26,-64.8,62292300311,384.8459,1994-12-20,1994,12
Purus_Labrea,-7.26,-64.8,62292300311,193.53069,1995-06-14,1995,6
Purus_Labrea,-7.26,-64.8,62292300311,72.912865,1995-07-16,1995,7
Purus_Labrea,-7.26,-64.8,62292300311,39.822773,1995-10-04,1995,10
Purus_Labrea,-7.26,-64.8,62292300311,206.93709,1995-12-23,1995,12
Purus_Labrea,-7.26,-64.8,62292300311,231.45938,1996-04-13,1996,4
Purus_Labrea,-7.26,-64.8,62292300311,219.09944,1996-05-31,1996,5
Purus_Labrea,-7.26,-64.8,62292300311,90.42382,1996-06-16,1996,6
Purus_Labrea,-7.26,-64.8,62292300311,99.614426,1996-07-02,1996,7
Purus_Labrea,-7.26,-64.8,62292300311,71.357155,1996-07-18,1996,7
Purus_Labrea,-7.26,-64.8,62292300311,72.92327,1996-08-03,1996,8
Purus_Labrea,-7.26,-64.8,62292300311,90.81005,1996-09-04,1996,9
Purus_Labrea,-7.26,-64.8,62292300311,93.705185,1996-09-20,1996,9
Purus_Labrea,-7.26,-64.8,62292300311,146.66179,1997-05-02,1997,5
Purus_Labrea,-7.26,-64.8,62292300311,139.95026,1997-06-19,1997,6
Purus_Labrea,-7.26,-64.8,62292300311,140.23035,1997-07-21,1997,7
Purus_Labrea,-7.26,-64.8,62292300311,186.66017,1997-08-22,1997,8
Purus_Labrea,-7.26,-64.8,62292300311,92.19288,1997-10-09,1997,10
Purus_Labrea,-7.26,-64.8,62292300311,65.37512,1997-10-25,1997,10
Purus_Labrea,-7.26,-64.8,62292300311,124.290474,1998-05-21,1998,5
Purus_Labrea,-7.26,-64.8,62292300311,97.508835,1998-06-06,1998,6
Purus_Labrea,-7.26,-64.8,62292300311,168.48419,1998-06-22,1998,6
Purus_Labrea,-7.26,-64.8,62292300311,95.77819,1998-07-08,1998,7
Purus_Labrea,-7.26,-64.8,62292300311,56.34278,1998-07-24,1998,7
Purus_Labrea,-7.26,-64.8,62292300311,70.8314,1998-08-09,1998,8
Purus_Labrea,-7.26,-64.8,62292300311,46.335865,1998-08-25,1998,8
Purus_Labrea,-7.26,-64.8,62292300311,32.83036,1998-09-26,1998,9
Purus_Labrea,-7.26,-64.8,62292300311,369.9962,1998-11-29,1998,11
Purus_Labrea,-7.26,-64.8,62292300311,350.84225,1998-12-15,1998,12
Purus_Labrea,-7.26,-64.8,62292300311,268.34384,1999-06-09,1999,6
Purus_Labrea,-7.26,-64.8,62292300311,299.78537,1999-06-25,1999,6
Purus_Labrea,-7.26,-64.8,62292300311,113.92228,1999-07-11,1999,7
Purus_Labrea,-7.26,-64.8,62292300311,107.32624,1999-08-28,1999,8
Purus_Labrea,-7.26,-64.8,62292300311,41.04678,1999-10-15,1999,10
Purus_Labrea,-7.26,-64.8,62292300311,324.2315,2000-04-08,2000,4
Purus_Labrea,-7.26,-64.8,62292300311,171.63205,2000-05-26,2000,5
Purus_Labrea,-7.26,-64.8,62292300311,189.57289,2000-06-11,2000,6
Purus_Labrea,-7.26,-64.8,62292300311,148.1489,2000-06-27,2000,6
Purus_Labrea,-7.26,-64.8,62292300311,77.390175,2000-07-13,2000,7
Purus_Labrea,-7.26,-64.8,62292300311,44.415066,2000-07-29,2000,7
Purus_Labrea,-7.26,-64.8,62292300311,38.2562,2000-08-14,2000,8
Purus_Labrea,-7.26,-64.8,62292300311,56.34309,2000-08-30,2000,8
Purus_Labrea,-7.26,-64.8,62292300311,59.151512,2000-10-17,2000,10
Purus_Labrea,-7.26,-64.8,62292300311,156.03398,2001-04-27,2001,4
Purus_Labrea,-7.26,-64.8,62292300311,98.98668,2001-06-30,2001,6
Purus_Labrea,-7.26,-64.8,62292300311,84.22253,2001-07-16,2001,7
Purus_Labrea,-7.26,-64.8,62292300311,82.4123,2001-08-01,2001,8
Purus_Labrea,-7.26,-64.8,62292300311,103.5878,2001-08-17,2001,8
Purus_Labrea,-7.26,-64.8,62292300311,69.59758,2001-09-02,2001,9
Purus_Labrea,-7.26,-64.8,62292300311,70.44821,2001-09-18,2001,9
Purus_Labrea,-7.26,-64.8,62292300311,62.208378,2001-10-20,2001,10
Purus_Labrea,-7.26,-64.8,62292300311,361.76627,2001-12-07,2001,12
Purus_Labrea,-7.26,-64.8,62292300311,75.53543,2003-07-22,2003,7
Purus_Labrea,-7.26,-64.8,62292300311,96.222466,2003-08-07,2003,8
Purus_Labrea,-7.26,-64.8,62292300311,97.23594,2003-08-23,2003,8
Purus_Labrea,-7.26,-64.8,62292300311,40.674454,2003-09-08,2003,9
Purus_Labrea,-7.26,-64.8,62292300311,59.20065,2003-09-24,2003,9
Purus_Labrea,-7.26,-64.8,62292300311,186.26176,2003-10-26,2003,10
Purus_Labrea,-7.26,-64.8,62292300311,424.45224,2004-01-14,2004,1
Purus_Labrea,-7.26,-64.8,62292300311,426.917,2004-03-02,2004,3
Purus_Labrea,-7.26,-64.8,62292300311,301.7718,2004-05-21,2004,5
Purus_Labrea,-7.26,-64.8,62292300311,109.52761,2004-06-22,2004,6
Purus_Labrea,-7.26,-64.8,62292300311,80.4328,2004-07-24,2004,7
Purus_Labrea,-7.26,-64.8,62292300311,82.372086,2004-08-09,2004,8
Purus_Labrea,-7.26,-64.8,62292300311,56.208393,2004-08-25,2004,8
Purus_Labrea,-7.26,-64.8,62292300311,85.45478,2004-10-12,2004,10
Purus_Labrea,-7.26,-64.8,62292300311,413.10413,2004-12-31,2004,12
Purus_Labrea,-7.26,-64.8,62292300311,182.1227,2005-01-16,2005,1
Purus_Labrea,-7.26,-64.8,62292300311,152.51805,2005-04-06,2005,4
Purus_Labrea,-7.26,-64.8,62292300311,216.6299,2005-05-08,2005,5
Purus_Labrea,-7.26,-64.8,62292300311,184.3345,2005-05-24,2005,5
Purus_Labrea,-7.26,-64.8,62292300311,91.85568,2005-06-09,2005,6
Purus_Labrea,-7.26,-64.8,62292300311,69.10965,2005-07-11,2005,7
Purus_Labrea,-7.26,-64.8,62292300311,51.208324,2005-07-27,2005,7
Purus_Labrea,-7.26,-64.8,62292300311,171.18864,2005-08-12,2005,8
Purus_Labrea,-7.26,-64.8,62292300311,37.221306,2005-08-28,2005,8
Purus_Labrea,-7.26,-64.8,62292300311,50.647694,2006-06-12,2006,6
Purus_Labrea,-7.26,-64.8,62292300311,74.83487,2006-06-28,2006,6
Purus_Labrea,-7.26,-64.8,62292300311,103.91719,2006-07-14,2006,7
Purus_Labrea,-7.26,-64.8,62292300311,38.09429,2006-08-31,2006,8
Purus_Labrea,-7.26,-64.8,62292300311,231.18736,2007-04-12,2007,4
Purus_Labrea,-7.26,-64.8,62292300311,195.84782,2007-06-15,2007,6
Purus_Labrea,-7.26,-64.8,62292300311,92.93384,2007-07-01,2007,7
Purus_Labrea,-7.26,-64.8,62292300311,63.06951,2007-07-17,2007,7
Purus_Labrea,-7.26,-64.8,62292300311,82.4887,2007-08-02,2007,8
Purus_Labrea,-7.26,-64.8,62292300311,77.7345,2007-08-18,2007,8
Purus_Labrea,-7.26,-64.8,62292300311,46.852535,2007-09-03,2007,9
Purus_Labrea,-7.26,-64.8,62292300311,69.58973,2007-09-19,2007,9
Purus_Labrea,-7.26,-64.8,62292300311,46.334747,2007-10-05,2007,10
Purus_Labrea,-7.26,-64.8,62292300311,152.01175,2008-04-14,2008,4
Purus_Labrea,-7.26,-64.8,62292300311,226.32089,2008-04-30,2008,4
Purus_Labrea,-7.26,-64.8,62292300311,86.365814,2008-06-17,2008,6
Purus_Labrea,-7.26,-64.8,62292300311,47.39851,2008-07-03,2008,7
Purus_Labrea,-7.26,-64.8,62292300311,69.89367,2008-08-04,2008,8
Purus_Labrea,-7.26,-64.8,62292300311,82.63242,2008-08-20,2008,8
Purus_Labrea,-7.26,-64.8,62292300311,38.306698,2008-10-23,2008,10
Purus_Labrea,-7.26,-64.8,62292300311,183.87231,2009-06-04,2009,6
Purus_Labrea,-7.26,-64.8,62292300311,224.32208,2009-06-20,2009,6
Purus_Labrea,-7.26,-64.8,62292300311,99.613884,2009-07-06,2009,7
Purus_Labrea,-7.26,-64.8,62292300311,122.77465,2009-08-07,2009,8
Purus_Labrea,-7.26,-64.8,62292300311,71.40953,2009-09-08,2009,9
Purus_Labrea,-7.26,-64.8,62292300311,88.75413,2009-09-24,2009,9
Purus_Labrea,-7.26,-64.8,62292300311,102.33778,2009-10-26,2009,10
Purus_Labrea,-7.26,-64.8,62292300311,222.99823,2010-04-20,2010,4
Purus_Labrea,-7.26,-64.8,62292300311,143.21231,2010-05-06,2010,5
Purus_Labrea,-7.26,-64.8,62292300311,223.25717,2010-06-07,2010,6
Purus_Labrea,-7.26,-64.8,62292300311,50.844208,2010-07-09,2010,7
Purus_Labrea,-7.26,-64.8,62292300311,80.66114,2010-07-25,2010,7
Purus_Labrea,-7.26,-64.8,62292300311,51.67783,2010-09-27,2010,9
Purus_Labrea,-7.26,-64.8,62292300311,162.61047,2011-04-23,2011,4
Purus_Labrea,-7.26,-64.8,62292300311,151.68063,2011-05-25,2011,5
Purus_Labrea,-7.26,-64.8,62292300311,53.1579,2011-07-12,2011,7
Purus_Labrea,-7.26,-64.8,62292300311,58.401634,2011-08-13,2011,8
Purus_Labrea,-7.26,-64.8,62292300311,41.291412,2011-08-29,2011,8
Purus_Labrea,-7.26,-64.8,62292300311,71.14453,1999-07-19,1999,7
Purus_Labrea,-7.26,-64.8,62292300311,86.79768,1999-08-04,1999,8
Purus_Labrea,-7.26,-64.8,62292300311,95.87838,1999-08-20,1999,8
Purus_Labrea,-7.26,-64.8,62292300311,91.85039,1999-09-05,1999,9
Purus_Labrea,-7.26,-64.8,62292300311,90.90877,1999-10-07,1999,10
Purus_Labrea,-7.26,-64.8,62292300311,45.578754,1999-10-23,1999,10
Purus_Labrea,-7.26,-64.8,62292300311,225.54742,1999-12-10,1999,12
Purus_Labrea,-7.26,-64.8,62292300311,114.50226,2000-07-05,2000,7
Purus_Labrea,-7.26,-64.8,62292300311,32.473667,2000-08-06,2000,8
Purus_Labrea,-7.26,-64.8,62292300311,57.095222,2000-08-22,2000,8
Purus_Labrea,-7.26,-64.8,62292300311,80.03409,2001-04-19,2001,4
Purus_Labrea,-7.26,-64.8,62292300311,218.93147,2001-05-21,2001,5
Purus_Labrea,-7.26,-64.8,62292300311,62.322803,2001-06-06,2001,6
Purus_Labrea,-7.26,-64.8,62292300311,87.35382,2001-06-22,2001,6
Purus_Labrea,-7.26,-64.8,62292300311,58.01291,2001-07-24,2001,7
Purus_Labrea,-7.26,-64.8,62292300311,60.906837,2001-08-25,2001,8
Purus_Labrea,-7.26,-64.8,62292300311,100.61454,2001-10-28,2001,10
Purus_Labrea,-7.26,-64.8,62292300311,114.14182,2001-11-13,2001,11
Purus_Labrea,-7.26,-64.8,62292300311,170.1141,2001-12-15,2001,12
Purus_Labrea,-7.26,-64.8,62292300311,144.78162,2002-03-05,2002,3
Purus_Labrea,-7.26,-64.8,62292300311,190.55505,2002-04-06,2002,4
Purus_Labrea,-7.26,-64.8,62292300311,198.99829,2002-06-09,2002,6
Purus_Labrea,-7.26,-64.8,62292300311,98.92572,2002-06-25,2002,6
Purus_Labrea,-7.26,-64.8,62292300311,74.248245,2002-07-11,2002,7
Purus_Labrea,-7.26,-64.8,62292300311,279.36777,2002-08-12,2002,8
Purus_Labrea,-7.26,-64.8,62292300311,103.290245,2002-08-28,2002,8
Purus_Labrea,-7.26,-64.8,62292300311,33.69677,2002-09-13,2002,9
Purus_Labrea,-7.26,-64.8,62292300311,163.28424,2002-11-16,2002,11
Purus_Labrea,-7.26,-64.8,62292300311,275.70944,2003-02-20,2003,2
Purus_Labrea,-7.26,-64.8,62292300311,126.89453,2003-03-08,2003,3
Purus_Labrea,-7.26,-64.8,62292300311,79.42521,2003-08-15,2003,8
Purus_Labrea,-7.26,-64.8,62292300311,63.328438,2003-10-02,2003,10
Purus_Labrea,-7.26,-64.8,62292300311,83.116776,2004-07-16,2004,7
Purus_Labrea,-7.26,-64.8,62292300311,67.557625,2004-08-01,2004,8
Purus_Labrea,-7.26,-64.8,62292300311,381.8843,2004-11-05,2004,11
Purus_Labrea,-7.26,-64.8,62292300311,543.0358,2005-01-24,2005,1
Purus_Labrea,-7.26,-64.8,62292300311,269.5979,2005-04-14,2005,4
Purus_Labrea,-7.26,-64.8,62292300311,63.616066,2005-06-01,2005,6
Purus_Labrea,-7.26,-64.8,62292300311,57.15379,2005-06-17,2005,6
Purus_Labrea,-7.26,-64.8,62292300311,53.056705,2005-07-03,2005,7
Purus_Labrea,-7.26,-64.8,62292300311,42.886974,2005-08-04,2005,8
Purus_Labrea,-7.26,-64.8,62292300311,43.823742,2005-09-05,2005,9
Purus_Labrea,-7.26,-64.8,62292300311,65.16556,2006-06-20,2006,6
Purus_Labrea,-7.26,-64.8,62292300311,72.172874,2006-08-07,2006,8
Purus_Labrea,-7.26,-64.8,62292300311,54.21233,2006-08-23,2006,8
Purus_Labrea,-7.26,-64.8,62292300311,32.579952,2006-09-08,2006,9
Purus_Labrea,-7.26,-64.8,62292300311,184.35657,2006-11-27,2006,11
Purus_Labrea,-7.26,-64.8,62292300311,296.9217,2007-04-04,2007,4
Purus_Labrea,-7.26,-64.8,62292300311,231.05705,2007-05-22,2007,5
Purus_Labrea,-7.26,-64.8,62292300311,165.5008,2007-06-07,2007,6
Purus_Labrea,-7.26,-64.8,62292300311,92.51056,2007-06-23,2007,6
Purus_Labrea,-7.26,-64.8,62292300311,42.30264,2007-07-09,2007,7
Purus_Labrea,-7.26,-64.8,62292300311,35.755104,2007-07-25,2007,7
Purus_Labrea,-7.26,-64.8,62292300311,79.09005,2007-08-10,2007,8
Purus_Labrea,-7.26,-64.8,62292300311,30.200546,2007-08-26,2007,8
Purus_Labrea,-7.26,-64.8,62292300311,42.043266,2007-09-11,2007,9
Purus_Labrea,-7.26,-64.8,62292300311,62.826298,2007-09-27,2007,9
Purus_Labrea,-7.26,-64.8,62292300311,198.75122,2008-04-06,2008,4
Purus_Labrea,-7.26,-64.8,62292300311,103.059265,2008-05-24,2008,5
Purus_Labrea,-7.26,-64.8,62292300311,46.92327,2008-07-27,2008,7
Purus_Labrea,-7.26,-64.8,62292300311,69.91838,2008-08-12,2008,8
Purus_Labrea,-7.26,-64.8,62292300311,42.685513,2008-08-28,2008,8
Purus_Labrea,-7.26,-64.8,62292300311,77.14625,2009-07-14,2009,7
Purus_Labrea,-7.26,-64.8,62292300311,76.62232,2009-07-30,2009,7
Purus_Labrea,-7.26,-64.8,62292300311,45.222454,2009-08-31,2009,8
Purus_Labrea,-7.26,-64.8,62292300311,200.3458,2010-04-12,2010,4
Purus_Labrea,-7.26,-64.8,62292300311,76.8443,2010-05-14,2010,5
Purus_Labrea,-7.26,-64.8,62292300311,158.21846,2010-05-30,2010,5
Purus_Labrea,-7.26,-64.8,62292300311,107.54335,2010-06-15,2010,6
Purus_Labrea,-7.26,-64.8,62292300311,50.066067,2010-07-01,2010,7
Purus_Labrea,-7.26,-64.8,62292300311,44.065178,2010-08-02,2010,8
Purus_Labrea,-7.26,-64.8,62292300311,68.56323,2010-09-03,2010,9
Purus_Labrea,-7.26,-64.8,62292300311,281.10727,2010-12-24,2010,12
Purus_Labrea,-7.26,-64.8,62292300311,212.97429,2011-05-01,2011,5
Purus_Labrea,-7.26,-64.8,62292300311,60.16139,2011-06-02,2011,6
Purus_Labrea,-7.26,-64.8,62292300311,51.067608,2011-07-20,2011,7
Purus_Labrea,-7.26,-64.8,62292300311,31.199442,2011-09-06,2011,9
Purus_Labrea,-7.26,-64.8,62292300311,62.32684,2011-09-22,2011,9
Purus_Labrea,-7.26,-64.8,62292300311,104.81384,2012-06-04,2012,6
Purus_Labrea,-7.26,-64.8,62292300311,114.79839,2012-06-20,2012,6
Purus_Labrea,-7.26,-64.8,62292300311,41.57914,2012-07-22,2012,7
Purus_Labrea,-7.26,-64.8,62292300311,29.089773,2012-08-07,2012,8
Purus_Labrea,-7.26,-64.8,62292300311,72.79358,2012-08-23,2012,8
Purus_Labrea,-7.26,-64.8,62292300311,29.499014,2012-09-08,2012,9
Purus_Labrea,-7.26,-64.8,62292300311,34.36304,2012-09-24,2012,9
Purus_Labrea,-7.26,-64.8,62292300311,41.625126,2012-10-10,2012,10
Purus_Labrea,-7.26,-64.8,62292300311,288.82733,2013-05-06,2013,5
Purus_Labrea,-7.26,-64.8,62292300311,65.4378,2013-06-07,2013,6
Purus_Labrea,-7.26,-64.8,62292300311,49.520824,2013-07-09,2013,7
Purus_Labrea,-7.26,-64.8,62292300311,47.779034,2013-08-10,2013,8
Purus_Labrea,-7.26,-64.8,62292300311,51.707047,2013-08-26,2013,8
Purus_Labrea,-7.26,-64.8,62292300311,30.176947,2013-09-11,2013,9
Purus_Labrea,-7.26,-64.8,62292300311,39.549675,2013-09-27,2013,9
Purus_Labrea,-7.26,-64.8,62292300311,38.298203,2013-10-13,2013,10
Purus_Labrea,-7.26,-64.8,62292300311,166.42638,2014-01-01,2014,1
Purus_Labrea,-7.26,-64.8,62292300311,91.12229,2014-06-26,2014,6
Purus_Labrea,-7.26,-64.8,62292300311,62.246227,2014-07-12,2014,7
Purus_Labrea,-7.26,-64.8,62292300311,79.262215,2014-08-13,2014,8
Purus_Labrea,-7.26,-64.8,62292300311,71.89896,2014-08-29,2014,8
Purus_Labrea,-7.26,-64.8,62292300311,40.321346,2014-09-30,2014,9
Purus_Labrea,-7.26,-64.8,62292300311,151.05649,2015-03-09,2015,3
Purus_Labrea,-7.26,-64.8,62292300311,87.373795,2015-06-13,2015,6
Purus_Labrea,-7.26,-64.8,62292300311,53.759537,2015-07-15,2015,7
Purus_Labrea,-7.26,-64.8,62292300311,47.619392,2015-07-31,2015,7
Purus_Labrea,-7.26,-64.8,62292300311,83.37583,2015-08-16,2015,8
Purus_Labrea,-7.26,-64.8,62292300311,50.377243,2015-09-01,2015,9
Purus_Labrea,-7.26,-64.8,62292300311,38.187057,2015-09-17,2015,9
Purus_Labrea,-7.26,-64.8,62292300311,47.40624,2015-10-03,2015,10
Purus_Labrea,-7.26,-64.8,62292300311,39.772926,2015-10-19,2015,10
Purus_Labrea,-7.26,-64.8,62292300311,72.173805,2015-11-20,2015,11
Purus_Labrea,-7.26,-64.8,62292300311,67.81856,2015-12-06,2015,12
Purus_Labrea,-7.26,-64.8,62292300311,104.68561,2016-02-08,2016,2
Purus_Labrea,-7.26,-64.8,62292300311,32.45461,2016-07-01,2016,7
Purus_Labrea,-7.26,-64.8,62292300311,33.850872,2016-07-17,2016,7
Purus_Labrea,-7.26,-64.8,62292300311,31.71653,2016-08-02,2016,8
Purus_Labrea,-7.26,-64.8,62292300311,27.976856,2016-08-18,2016,8
Purus_Labrea,-7.26,-64.8,62292300311,67.37516,2016-11-06,2016,11
Purus_Labrea,-7.26,-64.8,62292300311,233.99274,2016-11-22,2016,11
Purus_Labrea,-7.26,-64.8,62292300311,204.4699,2016-12-08,2016,12
Purus_Labrea,-7.26,-64.8,62292300311,330.04147,2017-01-25,2017,1
Purus_Labrea,-7.26,-64.8,62292300311,51.903152,2017-03-30,2017,3
Purus_Labrea,-7.26,-64.8,62292300311,63.603775,2017-06-18,2017,6
Purus_Labrea,-7.26,-64.8,62292300311,54.209564,2017-07-04,2017,7
Purus_Labrea,-7.26,-64.8,62292300311,42.76845,2017-07-20,2017,7
Purus_Labrea,-7.26,-64.8,62292300311,38.93196,2017-08-05,2017,8
Purus_Labrea,-7.26,-64.8,62292300311,51.93616,2017-09-06,2017,9
Purus_Labrea,-7.26,-64.8,62292300311,448.1535,2018-04-18,2018,4
Purus_Labrea,-7.26,-64.8,62292300311,107.9896,2018-06-21,2018,6
Purus_Labrea,-7.26,-64.8,62292300311,64.61282,2018-07-07,2018,7
Purus_Labrea,-7.26,-64.8,62292300311,71.406654,2018-07-23,2018,7
Purus_Labrea,-7.26,-64.8,62292300311,33.954185,2018-08-24,2018,8
Purus_Labrea,-7.26,-64.8,62292300311,81.10068,2018-09-09,2018,9
Purus_Labrea,-7.26,-64.8,62292300311,29.394472,2018-09-25,2018,9
Purus_Labrea,-7.26,-64.8,62292300311,38.01981,2018-10-27,2018,10
Purus_Labrea,-7.26,-64.8,62292300311,91.457245,2018-11-12,2018,11
Purus_Labrea,-7.26,-64.8,62292300311,116.176186,2019-01-15,2019,1
Purus_Labrea,-7.26,-64.8,62292300311,133.38136,2019-05-07,2019,5
Purus_Labrea,-7.26,-64.8,62292300311,193.8151,2019-05-23,2019,5
Purus_Labrea,-7.26,-64.8,62292300311,63.30423,2019-06-24,2019,6
Purus_Labrea,-7.26,-64.8,62292300311,50.202843,2019-07-10,2019,7
Purus_Labrea,-7.26,-64.8,62292300311,31.901808,2019-07-26,2019,7
Purus_Labrea,-7.26,-64.8,62292300311,95.7785,2019-08-11,2019,8
Purus_Labrea,-7.26,-64.8,62292300311,31.267471,2019-08-27,2019,8
Purus_Labrea,-7.26,-64.8,62292300311,35.31559,2019-09-28,2019,9
Purus_Labrea,-7.26,-64.8,62292300311,340.9976,2019-12-01,2019,12
Purus_Labrea,-7.26,-64.8,62292300311,100.74847,2020-05-09,2020,5
Purus_Labrea,-7.26,-64.8,62292300311,105.97414,2020-06-10,2020,6
Purus_Labrea,-7.26,-64.8,62292300311,113.657166,2020-06-26,2020,6
Purus_Labrea,-7.26,-64.8,62292300311,74.60947,2020-07-28,2020,7
Purus_Labrea,-7.26,-64.8,62292300311,79.62604,2020-08-13,2020,8
Purus_Labrea,-7.26,-64.8,62292300311,72.6896,2020-09-14,2020,9
Purus_Labrea,-7.26,-64.8,62292300311,109.991394,2021-05-28,2021,5
Purus_Labrea,-7.26,-64.8,62292300311,69.88189,2021-06-13,2021,6
Purus_Labrea,-7.26,-64.8,62292300311,47.967117,2021-07-15,2021,7
Purus_Labrea,-7.26,-64.8,62292300311,86.813484,2021-07-31,2021,7
Purus_Labrea,-7.26,-64.8,62292300311,62.010532,2021-08-16,2021,8
Purus_Labrea,-7.26,-64.8,62292300311,35.190086,2021-09-01,2021,9
Purus_Labrea,-7.26,-64.8,62292300311,41.78793,2021-09-17,2021,9
Purus_Labrea,-7.26,-64.8,62292300311,36.129944,2021-10-03,2021,10
Purus_Labrea,-7.26,-64.8,62292300311,91.28933,2013-05-30,2013,5
Purus_Labrea,-7.26,-64.8,62292300311,53.33002,2013-06-15,2013,6
Purus_Labrea,-7.26,-64.8,62292300311,52.188717,2013-07-01,2013,7
Purus_Labrea,-7.26,-64.8,62292300311,60.630527,2013-08-02,2013,8
Purus_Labrea,-7.26,-64.8,62292300311,47.53568,2013-08-18,2013,8
Purus_Labrea,-7.26,-64.8,62292300311,43.092663,2013-10-05,2013,10
Purus_Labrea,-7.26,-64.8,62292300311,63.497734,2013-10-21,2013,10
Purus_Labrea,-7.26,-64.8,62292300311,83.19361,2014-05-01,2014,5
Purus_Labrea,-7.26,-64.8,62292300311,235.62946,2014-06-02,2014,6
Purus_Labrea,-7.26,-64.8,62292300311,53.811253,2014-06-18,2014,6
Purus_Labrea,-7.26,-64.8,62292300311,44.05478,2014-07-04,2014,7
Purus_Labrea,-7.26,-64.8,62292300311,67.95233,2014-08-05,2014,8
Purus_Labrea,-7.26,-64.8,62292300311,75.15875,2014-08-21,2014,8
Purus_Labrea,-7.26,-64.8,62292300311,52.35441,2014-09-06,2014,9
Purus_Labrea,-7.26,-64.8,62292300311,57.513058,2014-09-22,2014,9
Purus_Labrea,-7.26,-64.8,62292300311,65.51688,2014-10-08,2014,10
Purus_Labrea,-7.26,-64.8,62292300311,160.22289,2015-05-20,2015,5
Purus_Labrea,-7.26,-64.8,62292300311,228.07317,2015-06-05,2015,6
Purus_Labrea,-7.26,-64.8,62292300311,100.17649,2015-06-21,2015,6
Purus_Labrea,-7.26,-64.8,62292300311,52.51065,2015-07-07,2015,7
Purus_Labrea,-7.26,-64.8,62292300311,54.641483,2015-07-23,2015,7
Purus_Labrea,-7.26,-64.8,62292300311,65.60099,2015-08-08,2015,8
Purus_Labrea,-7.26,-64.8,62292300311,64.18348,2015-08-24,2015,8
Purus_Labrea,-7.26,-64.8,62292300311,42.330944,2015-09-09,2015,9
Purus_Labrea,-7.26,-64.8,62292300311,43.072063,2015-09-25,2015,9
Purus_Labrea,-7.26,-64.8,62292300311,38.780125,2015-10-27,2015,10
Purus_Labrea,-7.26,-64.8,62292300311,62.160583,2015-12-14,2015,12
Purus_Labrea,-7.26,-64.8,62292300311,172.67201,2016-04-04,2016,4
Purus_Labrea,-7.26,-64.8,62292300311,173.8635,2016-05-06,2016,5
Purus_Labrea,-7.26,-64.8,62292300311,106.89546,2016-05-22,2016,5
Purus_Labrea,-7.26,-64.8,62292300311,49.47558,2016-06-07,2016,6
Purus_Labrea,-7.26,-64.8,62292300311,87.0664,2016-06-23,2016,6
Purus_Labrea,-7.26,-64.8,62292300311,43.62504,2016-07-09,2016,7
Purus_Labrea,-7.26,-64.8,62292300311,48.214043,2016-07-25,2016,7
Purus_Labrea,-7.26,-64.8,62292300311,32.474426,2016-08-26,2016,8
Purus_Labrea,-7.26,-64.8,62292300311,27.083672,2016-09-11,2016,9
Purus_Labrea,-7.26,-64.8,62292300311,264.97906,2017-02-18,2017,2
Purus_Labrea,-7.26,-64.8,62292300311,66.66662,2017-05-25,2017,5
Purus_Labrea,-7.26,-64.8,62292300311,51.57324,2017-06-26,2017,6
Purus_Labrea,-7.26,-64.8,62292300311,75.40496,2017-07-12,2017,7
Purus_Labrea,-7.26,-64.8,62292300311,42.922104,2017-07-28,2017,7
Purus_Labrea,-7.26,-64.8,62292300311,59.22581,2017-08-13,2017,8
Purus_Labrea,-7.26,-64.8,62292300311,55.648365,2017-08-29,2017,8
Purus_Labrea,-7.26,-64.8,62292300311,41.584778,2017-09-14,2017,9
Purus_Labrea,-7.26,-64.8,62292300311,47.854095,2017-10-16,2017,10
Purus_Labrea,-7.26,-64.8,62292300311,116.02564,2017-11-01,2017,11
Purus_Labrea,-7.26,-64.8,62292300311,387.12485,2018-01-20,2018,1
Purus_Labrea,-7.26,-64.8,62292300311,131.24709,2018-05-12,2018,5
Purus_Labrea,-7.26,-64.8,62292300311,654.4723,2018-05-28,2018,5
Purus_Labrea,-7.26,-64.8,62292300311,89.89918,2018-06-13,2018,6
Purus_Labrea,-7.26,-64.8,62292300311,49.649662,2018-06-29,2018,6
Purus_Labrea,-7.26,-64.8,62292300311,51.88948,2018-07-15,2018,7
Purus_Labrea,-7.26,-64.8,62292300311,49.53071,2018-07-31,2018,7
Purus_Labrea,-7.26,-64.8,62292300311,46.336426,2018-09-01,2018,9
Purus_Labrea,-7.26,-64.8,62292300311,44.032158,2018-09-17,2018,9
Purus_Labrea,-7.26,-64.8,62292300311,44.793667,2018-10-03,2018,10
Purus_Labrea,-7.26,-64.8,62292300311,56.890713,2018-11-04,2018,11
Purus_Labrea,-7.26,-64.8,62292300311,159.16438,2019-04-13,2019,4
Purus_Labrea,-7.26,-64.8,62292300311,51.126892,2019-07-02,2019,7
Purus_Labrea,-7.26,-64.8,62292300311,52.18425,2019-07-18,2019,7
Purus_Labrea,-7.26,-64.8,62292300311,56.69488,2019-08-03,2019,8
Purus_Labrea,-7.26,-64.8,62292300311,51.962955,2019-08-19,2019,8
Purus_Labrea,-7.26,-64.8,62292300311,35.739582,2019-09-20,2019,9
Purus_Labrea,-7.26,-64.8,62292300311,210.36996,2020-01-26,2020,1
Purus_Labrea,-7.26,-64.8,62292300311,124.80643,2020-05-01,2020,5
Purus_Labrea,-7.26,-64.8,62292300311,29.13282,2020-07-04,2020,7
Purus_Labrea,-7.26,-64.8,62292300311,56.511654,2020-07-20,2020,7
Purus_Labrea,-7.26,-64.8,62292300311,79.24042,2020-08-05,2020,8
Purus_Labrea,-7.26,-64.8,62292300311,61.540375,2020-09-06,2020,9
Purus_Labrea,-7.26,-64.8,62292300311,83.93646,2020-09-22,2020,9
Purus_Labrea,-7.26,-64.8,62292300311,45.018723,2020-10-08,2020,10
Purus_Labrea,-7.26,-64.8,62292300311,35.213024,2020-10-24,2020,10
Purus_Labrea,-7.26,-64.8,62292300311,321.2096,2021-01-12,2021,1
Purus_Labrea,-7.26,-64.8,62292300311,77.773125,2021-05-20,2021,5
Purus_Labrea,-7.26,-64.8,62292300311,195.7442,2021-06-05,2021,6
Purus_Labrea,-7.26,-64.8,62292300311,50.634308,2021-07-07,2021,7
Purus_Labrea,-7.26,-64.8,62292300311,68.83821,2021-07-23,2021,7
Purus_Labrea,-7.26,-64.8,62292300311,58.979397,2021-08-08,2021,8
Purus_Labrea,-7.26,-64.8,62292300311,44.678474,2021-08-24,2021,8
Purus_Labrea,-7.26,-64.8,62292300311,59.149548,2021-10-11,2021,10
Purus_SeringalFortaleza,-7.72,-67.0,62292500441,447.77454,1984-05-05,1984,5
Purus_SeringalFortaleza,-7.72,-67.0,62292500441,83.13396,1984-07-08,1984,7
Purus_SeringalFortaleza,-7.72,-67.0,62292500441,58.146473,1984-08-09,1984,8
Purus_SeringalFortaleza,-7.72,-67.0,62292500441,52.92616,1984-09-10,1984,9
Purus_SeringalFortaleza,-7.72,-67.0,62292500441,502.3911,1984-12-15,1984,12
Purus_SeringalFortaleza,-7.72,-67.0,62292500441,390.40088,1984-12-31,1984,12
Purus_SeringalFortaleza,-7.72,-67.0,62292500441,527.3849,1985-05-08,1985,5
Purus_SeringalFortaleza,-7.72,-67.0,62292500441,127.46803,1985-06-09,1985,6
Purus_SeringalFortaleza,-7.72,-67.0,62292500441,360.7259,1985-11-16,1985,11
Purus_SeringalFortaleza,-7.72,-67.0,62292500441,78.05277,1986-06-28,1986,6
Purus_SeringalFortaleza,-7.72,-67.0,62292500441,183.79945,1986-10-18,1986,10
Purus_SeringalFortaleza,-7.72,-67.0,62292500441,263.21115,1987-05-14,1987,5
Purus_SeringalFortaleza,-7.72,-67.0,62292500441,207.29059,1987-05-30,1987,5
Purus_SeringalFortaleza,-7.72,-67.0,62292500441,56.65394,1987-07-01,1987,7
Purus_SeringalFortaleza,-7.72,-67.0,62292500441,21.79635,1987-09-19,1987,9
Purus_SeringalFortaleza,-7.72,-67.0,62292500441,25.829348,1987-10-05,1987,10
Purus_SeringalFortaleza,-7.72,-67.0,62292500441,578.232,1987-12-08,1987,12
Purus_SeringalFortaleza,-7.72,-67.0,62292500441,180.67117,1988-05-16,1988,5
Purus_SeringalFortaleza,-7.72,-67.0,62292500441,43.024467,1988-07-03,1988,7
Purus_SeringalFortaleza,-7.72,-67.0,62292500441,43.50953,1988-07-19,1988,7
Purus_SeringalFortaleza,-7.72,-67.0,62292500441,45.929943,1988-08-04,1988,8
Purus_SeringalFortaleza,-7.72,-67.0,62292500441,38.94654,1988-08-20,1988,8
Purus_SeringalFortaleza,-7.72,-67.0,62292500441,74.512245,1988-10-23,1988,10
Purus_SeringalFortaleza,-7.72,-67.0,62292500441,451.4215,1989-04-17,1989,4
Purus_SeringalFortaleza,-7.72,-67.0,62292500441,38.664146,1989-08-07,1989,8
Purus_SeringalFortaleza,-7.72,-67.0,62292500441,48.22614,1989-09-24,1989,9
Purus_SeringalFortaleza,-7.72,-67.0,62292500441,308.2769,1989-11-27,1989,11
Purus_SeringalFortaleza,-7.72,-67.0,62292500441,393.6281,1990-04-04,1990,4
Purus_SeringalFortaleza,-7.72,-67.0,62292500441,225.29015,1990-05-22,1990,5
Purus_SeringalFortaleza,-7.72,-67.0,62292500441,32.0143,1990-08-26,1990,8
Purus_SeringalFortaleza,-7.72,-67.0,62292500441,38.79863,1990-09-11,1990,9
Purus_SeringalFortaleza,-7.72,-67.0,62292500441,44.828674,1990-09-27,1990,9
Purus_SeringalFortaleza,-7.72,-67.0,62292500441,581.61017,1990-11-14,1990,11
Purus_SeringalFortaleza,-7.72,-67.0,62292500441,247.3537,1991-04-23,1991,4
Purus_SeringalFortaleza,-7.72,-67.0,62292500441,277.56784,1991-06-26,1991,6
Purus_SeringalFortaleza,-7.72,-67.0,62292500441,73.38681,1991-07-28,1991,7
Purus_SeringalFortaleza,-7.72,-67.0,62292500441,91.91357,1991-08-13,1991,8
Purus_SeringalFortaleza,-7.72,-67.0,62292500441,48.599915,1991-09-30,1991,9
Purus_SeringalFortaleza,-7.72,-67.0,62292500441,355.03568,1992-05-11,1992,5
Purus_SeringalFortaleza,-7.72,-67.0,62292500441,294.73074,1992-05-27,1992,5
Purus_SeringalFortaleza,-7.72,-67.0,62292500441,259.65433,1992-06-12,1992,6
Purus_SeringalFortaleza,-7.72,-67.0,62292500441,50.25344,1992-07-14,1992,7
Purus_SeringalFortaleza,-7.72,-67.0,62292500441,110.82182,1992-10-02,1992,10
Purus_SeringalFortaleza,-7.72,-67.0,62292500441,90.118225,1993-07-01,1993,7
Purus_SeringalFortaleza,-7.72,-67.0,62292500441,53.083946,1993-08-02,1993,8
Purus_SeringalFortaleza,-7.72,-67.0,62292500441,39.94948,1993-10-05,1993,10
Purus_SeringalFortaleza,-7.72,-67.0,62292500441,226.46991,1993-11-06,1993,11
Purus_SeringalFortaleza,-7.72,-67.0,62292500441,77.3912,1994-07-04,1994,7
Purus_SeringalFortaleza,-7.72,-67.0,62292500441,63.48304,1994-08-05,1994,8
Purus_SeringalFortaleza,-7.72,-67.0,62292500441,50.89889,1994-10-08,1994,10
Purus_SeringalFortaleza,-7.72,-67.0,62292500441,395.77173,1994-12-11,1994,12
Purus_SeringalFortaleza,-7.72,-67.0,62292500441,240.999,1995-06-05,1995,6
Purus_SeringalFortaleza,-7.72,-67.0,62292500441,51.43373,1995-07-07,1995,7
Purus_SeringalFortaleza,-7.72,-67.0,62292500441,61.82005,1995-07-23,1995,7
Purus_SeringalFortaleza,-7.72,-67.0,62292500441,53.611233,1995-08-08,1995,8
Purus_SeringalFortaleza,-7.72,-67.0,62292500441,159.09956,1996-06-07,1996,6
Purus_SeringalFortaleza,-7.72,-67.0,62292500441,71.73496,1996-06-23,1996,6
Purus_SeringalFortaleza,-7.72,-67.0,62292500441,43.065372,1996-07-09,1996,7
Purus_SeringalFortaleza,-7.72,-67.0,62292500441,45.96314,1996-07-25,1996,7
Purus_SeringalFortaleza,-7.72,-67.0,62292500441,49.03522,1996-08-10,1996,8
Purus_SeringalFortaleza,-7.72,-67.0,62292500441,35.63109,1996-09-27,1996,9
Purus_SeringalFortaleza,-7.72,-67.0,62292500441,415.24872,1996-12-16,1996,12
Purus_SeringalFortaleza,-7.72,-67.0,62292500441,405.1074,1997-02-02,1997,2
Purus_SeringalFortaleza,-7.72,-67.0,62292500441,476.53192,1997-05-09,1997,5
Purus_SeringalFortaleza,-7.72,-67.0,62292500441,91.193985,1997-06-26,1997,6
Purus_SeringalFortaleza,-7.72,-67.0,62292500441,42.46851,1997-07-12,1997,7
Purus_SeringalFortaleza,-7.72,-67.0,62292500441,81.91521,1997-08-13,1997,8
Purus_SeringalFortaleza,-7.72,-67.0,62292500441,63.27103,1997-09-14,1997,9
Purus_SeringalFortaleza,-7.72,-67.0,62292500441,137.32275,1997-09-30,1997,9
Purus_SeringalFortaleza,-7.72,-67.0,62292500441,37.35536,1997-10-16,1997,10
Purus_SeringalFortaleza,-7.72,-67.0,62292500441,106.77752,1998-06-29,1998,6
Purus_SeringalFortaleza,-7.72,-67.0,62292500441,67.176346,1998-07-31,1998,7
Purus_SeringalFortaleza,-7.72,-67.0,62292500441,36.04232,1998-08-16,1998,8
Purus_SeringalFortaleza,-7.72,-67.0,62292500441,31.614635,1998-09-17,1998,9
Purus_SeringalFortaleza,-7.72,-67.0,62292500441,23.594563,1998-10-03,1998,10
Purus_SeringalFortaleza,-7.72,-67.0,62292500441,305.47894,1998-11-20,1998,11
Purus_SeringalFortaleza,-7.72,-67.0,62292500441,383.63403,1999-04-13,1999,4
Purus_SeringalFortaleza,-7.72,-67.0,62292500441,63.880657,1999-07-02,1999,7
Purus_SeringalFortaleza,-7.72,-67.0,62292500441,58.742752,1999-08-03,1999,8
Purus_SeringalFortaleza,-7.72,-67.0,62292500441,68.19163,1999-08-19,1999,8
Purus_SeringalFortaleza,-7.72,-67.0,62292500441,219.20085,1999-10-06,1999,10
Purus_SeringalFortaleza,-7.72,-67.0,62292500441,351.98434,2000-05-01,2000,5
Purus_SeringalFortaleza,-7.72,-67.0,62292500441,45.40961,2000-07-20,2000,7
Purus_SeringalFortaleza,-7.72,-67.0,62292500441,318.85007,2000-11-09,2000,11
Purus_SeringalFortaleza,-7.72,-67.0,62292500441,177.4518,2001-05-04,2001,5
Purus_SeringalFortaleza,-7.72,-67.0,62292500441,89.51006,2001-06-05,2001,6
Purus_SeringalFortaleza,-7.72,-67.0,62292500441,95.13311,2001-06-21,2001,6
Purus_SeringalFortaleza,-7.72,-67.0,62292500441,40.060024,2001-09-09,2001,9
Purus_SeringalFortaleza,-7.72,-67.0,62292500441,40.420227,2001-09-25,2001,9
Purus_SeringalFortaleza,-7.72,-67.0,62292500441,43.409634,2001-10-11,2001,10
Purus_SeringalFortaleza,-7.72,-67.0,62292500441,149.83438,2001-10-27,2001,10
Purus_SeringalFortaleza,-7.72,-67.0,62292500441,413.17603,2001-11-12,2001,11
Purus_SeringalFortaleza,-7.72,-67.0,62292500441,113.512566,2003-06-27,2003,6
Purus_SeringalFortaleza,-7.72,-67.0,62292500441,85.06633,2003-07-13,2003,7
Purus_SeringalFortaleza,-7.72,-67.0,62292500441,83.25241,2003-08-14,2003,8
Purus_SeringalFortaleza,-7.72,-67.0,62292500441,38.688667,2003-08-30,2003,8
Purus_SeringalFortaleza,-7.72,-67.0,62292500441,45.77712,2003-09-15,2003,9
Purus_SeringalFortaleza,-7.72,-67.0,62292500441,342.66794,2003-11-18,2003,11
Purus_SeringalFortaleza,-7.72,-67.0,62292500441,439.0577,2004-03-09,2004,3
Purus_SeringalFortaleza,-7.72,-67.0,62292500441,70.794426,2004-07-15,2004,7
Purus_SeringalFortaleza,-7.72,-67.0,62292500441,84.34822,2004-07-31,2004,7
Purus_SeringalFortaleza,-7.72,-67.0,62292500441,102.01385,2004-08-16,2004,8
Purus_SeringalFortaleza,-7.72,-67.0,62292500441,36.179653,2004-09-01,2004,9
Purus_SeringalFortaleza,-7.72,-67.0,62292500441,42.11273,2004-09-17,2004,9
Purus_SeringalFortaleza,-7.72,-67.0,62292500441,86.25336,2005-06-16,2005,6
Purus_SeringalFortaleza,-7.72,-67.0,62292500441,44.465286,2005-08-03,2005,8
Purus_SeringalFortaleza,-7.72,-67.0,62292500441,20.348694,2005-09-04,2005,9
Purus_SeringalFortaleza,-7.72,-67.0,62292500441,53.66537,2006-08-22,2006,8
Purus_SeringalFortaleza,-7.72,-67.0,62292500441,38.12445,2006-09-07,2006,9
Purus_SeringalFortaleza,-7.72,-67.0,62292500441,464.50183,2006-12-28,2006,12
Purus_SeringalFortaleza,-7.72,-67.0,62292500441,342.6706,2007-01-29,2007,1
Purus_SeringalFortaleza,-7.72,-67.0,62292500441,432.16342,2007-04-03,2007,4
Purus_SeringalFortaleza,-7.72,-67.0,62292500441,395.6516,2007-04-19,2007,4
Purus_SeringalFortaleza,-7.72,-67.0,62292500441,77.04634,2007-06-22,2007,6
Purus_SeringalFortaleza,-7.72,-67.0,62292500441,33.409096,2007-07-08,2007,7
Purus_SeringalFortaleza,-7.72,-67.0,62292500441,37.579506,2007-07-24,2007,7
Purus_SeringalFortaleza,-7.72,-67.0,62292500441,108.34964,2007-08-09,2007,8
Purus_SeringalFortaleza,-7.72,-67.0,62292500441,26.138014,2007-08-25,2007,8
Purus_SeringalFortaleza,-7.72,-67.0,62292500441,34.415257,2007-09-10,2007,9
Purus_SeringalFortaleza,-7.72,-67.0,62292500441,35.40752,2007-09-26,2007,9
Purus_SeringalFortaleza,-7.72,-67.0,62292500441,104.05019,2008-05-23,2008,5
Purus_SeringalFortaleza,-7.72,-67.0,62292500441,72.93104,2008-06-08,2008,6
Purus_SeringalFortaleza,-7.72,-67.0,62292500441,39.01506,2008-07-26,2008,7
Purus_SeringalFortaleza,-7.72,-67.0,62292500441,42.262794,2008-08-11,2008,8
Purus_SeringalFortaleza,-7.72,-67.0,62292500441,49.5382,2008-08-27,2008,8
Purus_SeringalFortaleza,-7.72,-67.0,62292500441,32.440002,2008-09-12,2008,9
Purus_SeringalFortaleza,-7.72,-67.0,62292500441,24.764303,2008-09-28,2008,9
Purus_SeringalFortaleza,-7.72,-67.0,62292500441,31.341885,2008-10-30,2008,10
Purus_SeringalFortaleza,-7.72,-67.0,62292500441,413.63425,2008-12-17,2008,12
Purus_SeringalFortaleza,-7.72,-67.0,62292500441,316.8904,2009-01-02,2009,1
Purus_SeringalFortaleza,-7.72,-67.0,62292500441,371.23138,2009-06-11,2009,6
Purus_SeringalFortaleza,-7.72,-67.0,62292500441,96.911316,2009-07-13,2009,7
Purus_SeringalFortaleza,-7.72,-67.0,62292500441,71.42398,2009-07-29,2009,7
Purus_SeringalFortaleza,-7.72,-67.0,62292500441,54.13808,2009-10-01,2009,10
Purus_SeringalFortaleza,-7.72,-67.0,62292500441,408.2188,2010-04-11,2010,4
Purus_SeringalFortaleza,-7.72,-67.0,62292500441,33.80814,2010-06-30,2010,6
Purus_SeringalFortaleza,-7.72,-67.0,62292500441,48.30253,2010-08-17,2010,8
Purus_SeringalFortaleza,-7.72,-67.0,62292500441,280.4648,2011-04-30,2011,4
Purus_SeringalFortaleza,-7.72,-67.0,62292500441,80.08872,2011-06-01,2011,6
Purus_SeringalFortaleza,-7.72,-67.0,62292500441,32.945488,2011-06-17,2011,6
Purus_SeringalFortaleza,-7.72,-67.0,62292500441,28.012236,2011-07-19,2011,7
Purus_SeringalFortaleza,-7.72,-67.0,62292500441,28.87399,2011-08-20,2011,8
Purus_SeringalFortaleza,-7.72,-67.0,62292500441,26.94989,2011-09-05,2011,9
Purus_SeringalFortaleza,-7.72,-67.0,62292500441,60.90784,2011-10-23,2011,10
Purus_SeringalFortaleza,-7.72,-67.0,62292500441,89.02943,1999-07-10,1999,7
Purus_SeringalFortaleza,-7.72,-67.0,62292500441,53.86818,1999-08-27,1999,8
Purus_SeringalFortaleza,-7.72,-67.0,62292500441,38.37322,1999-09-12,1999,9
Purus_SeringalFortaleza,-7.72,-67.0,62292500441,247.61198,2000-03-22,2000,3
Purus_SeringalFortaleza,-7.72,-67.0,62292500441,323.9479,2000-05-25,2000,5
Purus_SeringalFortaleza,-7.72,-67.0,62292500441,63.453686,2000-06-10,2000,6
Purus_SeringalFortaleza,-7.72,-67.0,62292500441,45.294884,2000-09-30,2000,9
Purus_SeringalFortaleza,-7.72,-67.0,62292500441,343.43634,2000-12-03,2000,12
Purus_SeringalFortaleza,-7.72,-67.0,62292500441,472.28574,2000-12-19,2000,12
Purus_SeringalFortaleza,-7.72,-67.0,62292500441,66.741585,2001-06-13,2001,6
Purus_SeringalFortaleza,-7.72,-67.0,62292500441,59.709465,2001-06-29,2001,6
Purus_SeringalFortaleza,-7.72,-67.0,62292500441,51.826904,2001-07-31,2001,7
Purus_SeringalFortaleza,-7.72,-67.0,62292500441,43.211445,2001-08-16,2001,8
Purus_SeringalFortaleza,-7.72,-67.0,62292500441,218.61116,2002-05-15,2002,5
Purus_SeringalFortaleza,-7.72,-67.0,62292500441,96.60066,2002-07-02,2002,7
Purus_SeringalFortaleza,-7.72,-67.0,62292500441,54.97657,2002-08-19,2002,8
Purus_SeringalFortaleza,-7.72,-67.0,62292500441,44.069,2002-09-04,2002,9
Purus_SeringalFortaleza,-7.72,-67.0,62292500441,29.416943,2002-10-06,2002,10
Purus_SeringalFortaleza,-7.72,-67.0,62292500441,374.52216,2003-04-16,2003,4
Purus_SeringalFortaleza,-7.72,-67.0,62292500441,124.931526,2003-05-02,2003,5
Purus_SeringalFortaleza,-7.72,-67.0,62292500441,171.90778,2003-05-18,2003,5
Purus_SeringalFortaleza,-7.72,-67.0,62292500441,37.83872,2003-07-21,2003,7
Purus_SeringalFortaleza,-7.72,-67.0,62292500441,33.863075,2003-09-23,2003,9
Purus_SeringalFortaleza,-7.72,-67.0,62292500441,57.092888,2003-10-09,2003,10
Purus_SeringalFortaleza,-7.72,-67.0,62292500441,124.55071,2004-07-07,2004,7
Purus_SeringalFortaleza,-7.72,-67.0,62292500441,151.46446,2004-08-08,2004,8
Purus_SeringalFortaleza,-7.72,-67.0,62292500441,142.1025,2004-08-24,2004,8
Purus_SeringalFortaleza,-7.72,-67.0,62292500441,146.94774,2004-10-27,2004,10
Purus_SeringalFortaleza,-7.72,-67.0,62292500441,65.93346,2005-06-08,2005,6
Purus_SeringalFortaleza,-7.72,-67.0,62292500441,30.079222,2005-07-10,2005,7
Purus_SeringalFortaleza,-7.72,-67.0,62292500441,32.758507,2005-07-26,2005,7
Purus_SeringalFortaleza,-7.72,-67.0,62292500441,53.448135,2005-08-11,2005,8
Purus_SeringalFortaleza,-7.72,-67.0,62292500441,20.628721,2005-08-27,2005,8
Purus_SeringalFortaleza,-7.72,-67.0,62292500441,24.774067,2006-07-13,2006,7
Purus_SeringalFortaleza,-7.72,-67.0,62292500441,58.66444,2006-08-14,2006,8
Purus_SeringalFortaleza,-7.72,-67.0,62292500441,32.54996,2006-09-15,2006,9
Purus_SeringalFortaleza,-7.72,-67.0,62292500441,409.82407,2006-11-18,2006,11
Purus_SeringalFortaleza,-7.72,-67.0,62292500441,382.37018,2007-02-22,2007,2
Purus_SeringalFortaleza,-7.72,-67.0,62292500441,468.72925,2007-05-13,2007,5
Purus_SeringalFortaleza,-7.72,-67.0,62292500441,92.122246,2007-06-14,2007,6
Purus_SeringalFortaleza,-7.72,-67.0,62292500441,35.337776,2007-06-30,2007,6
Purus_SeringalFortaleza,-7.72,-67.0,62292500441,35.291588,2007-08-01,2007,8
Purus_SeringalFortaleza,-7.72,-67.0,62292500441,39.410583,2007-08-17,2007,8
Purus_SeringalFortaleza,-7.72,-67.0,62292500441,29.945839,2007-09-18,2007,9
Purus_SeringalFortaleza,-7.72,-67.0,62292500441,22.258972,2007-10-04,2007,10
Purus_SeringalFortaleza,-7.72,-67.0,62292500441,361.7035,2008-02-09,2008,2
Purus_SeringalFortaleza,-7.72,-67.0,62292500441,16.44897,2008-06-16,2008,6
Purus_SeringalFortaleza,-7.72,-67.0,62292500441,32.668705,2008-07-02,2008,7
Purus_SeringalFortaleza,-7.72,-67.0,62292500441,32.45976,2008-07-18,2008,7
Purus_SeringalFortaleza,-7.72,-67.0,62292500441,37.989986,2008-08-03,2008,8
Purus_SeringalFortaleza,-7.72,-67.0,62292500441,41.575294,2008-08-19,2008,8
Purus_SeringalFortaleza,-7.72,-67.0,62292500441,43.30892,2008-11-07,2008,11
Purus_SeringalFortaleza,-7.72,-67.0,62292500441,91.593636,2009-07-05,2009,7
Purus_SeringalFortaleza,-7.72,-67.0,62292500441,39.920616,2009-08-06,2009,8
Purus_SeringalFortaleza,-7.72,-67.0,62292500441,37.802155,2009-09-07,2009,9
Purus_SeringalFortaleza,-7.72,-67.0,62292500441,77.78585,2009-10-25,2009,10
Purus_SeringalFortaleza,-7.72,-67.0,62292500441,133.87125,2009-11-10,2009,11
Purus_SeringalFortaleza,-7.72,-67.0,62292500441,44.737267,2010-06-22,2010,6
Purus_SeringalFortaleza,-7.72,-67.0,62292500441,33.22371,2010-07-08,2010,7
Purus_SeringalFortaleza,-7.72,-67.0,62292500441,33.49862,2010-07-24,2010,7
Purus_SeringalFortaleza,-7.72,-67.0,62292500441,29.396318,2010-08-09,2010,8
Purus_SeringalFortaleza,-7.72,-67.0,62292500441,24.215284,2010-08-25,2010,8
Purus_SeringalFortaleza,-7.72,-67.0,62292500441,40.14982,2010-10-28,2010,10
Purus_SeringalFortaleza,-7.72,-67.0,62292500441,241.59814,2010-11-29,2010,11
Purus_SeringalFortaleza,-7.72,-67.0,62292500441,199.58218,2011-05-24,2011,5
Purus_SeringalFortaleza,-7.72,-67.0,62292500441,28.200756,2011-06-25,2011,6
Purus_SeringalFortaleza,-7.72,-67.0,62292500441,34.06739,2011-07-27,2011,7
Purus_SeringalFortaleza,-7.72,-67.0,62292500441,401.39185,2012-05-10,2012,5
Purus_SeringalFortaleza,-7.72,-67.0,62292500441,108.74526,2012-06-27,2012,6
Purus_SeringalFortaleza,-7.72,-67.0,62292500441,43.741108,2012-07-13,2012,7
Purus_SeringalFortaleza,-7.72,-67.0,62292500441,24.840315,2012-07-29,2012,7
Purus_SeringalFortaleza,-7.72,-67.0,62292500441,44.949856,2012-08-30,2012,8
Purus_SeringalFortaleza,-7.72,-67.0,62292500441,37.924545,2012-09-15,2012,9
Purus_SeringalFortaleza,-7.72,-67.0,62292500441,157.18622,2013-04-11,2013,4
Purus_SeringalFortaleza,-7.72,-67.0,62292500441,56.984295,2013-05-13,2013,5
Purus_SeringalFortaleza,-7.72,-67.0,62292500441,82.281715,2013-06-14,2013,6
Purus_SeringalFortaleza,-7.72,-67.0,62292500441,51.370747,2013-06-30,2013,6
Purus_SeringalFortaleza,-7.72,-67.0,62292500441,60.816128,2013-07-16,2013,7
Purus_SeringalFortaleza,-7.72,-67.0,62292500441,28.196367,2013-08-01,2013,8
Purus_SeringalFortaleza,-7.72,-67.0,62292500441,32.968365,2013-08-17,2013,8
Purus_SeringalFortaleza,-7.72,-67.0,62292500441,40.84877,2013-09-02,2013,9
Purus_SeringalFortaleza,-7.72,-67.0,62292500441,240.66225,2014-03-29,2014,3
Purus_SeringalFortaleza,-7.72,-67.0,62292500441,33.894627,2014-08-04,2014,8
Purus_SeringalFortaleza,-7.72,-67.0,62292500441,44.646427,2014-08-20,2014,8
Purus_SeringalFortaleza,-7.72,-67.0,62292500441,55.517994,2014-10-07,2014,10
Purus_SeringalFortaleza,-7.72,-67.0,62292500441,160.26714,2015-04-01,2015,4
Purus_SeringalFortaleza,-7.72,-67.0,62292500441,205.07086,2015-05-03,2015,5
Purus_SeringalFortaleza,-7.72,-67.0,62292500441,283.13495,2015-05-19,2015,5
Purus_SeringalFortaleza,-7.72,-67.0,62292500441,179.7442,2015-06-04,2015,6
Purus_SeringalFortaleza,-7.72,-67.0,62292500441,42.973904,2015-07-22,2015,7
Purus_SeringalFortaleza,-7.72,-67.0,62292500441,73.05193,2015-08-23,2015,8
Purus_SeringalFortaleza,-7.72,-67.0,62292500441,36.085857,2015-09-08,2015,9
Purus_SeringalFortaleza,-7.72,-67.0,62292500441,29.603271,2015-09-24,2015,9
Purus_SeringalFortaleza,-7.72,-67.0,62292500441,28.03121,2015-10-10,2015,10
Purus_SeringalFortaleza,-7.72,-67.0,62292500441,40.593,2015-12-13,2015,12
Purus_SeringalFortaleza,-7.72,-67.0,62292500441,433.48813,2016-02-15,2016,2
Purus_SeringalFortaleza,-7.72,-67.0,62292500441,229.756,2016-04-03,2016,4
Purus_SeringalFortaleza,-7.72,-67.0,62292500441,31.060238,2016-06-22,2016,6
Purus_SeringalFortaleza,-7.72,-67.0,62292500441,26.310808,2016-07-24,2016,7
Purus_SeringalFortaleza,-7.72,-67.0,62292500441,25.433004,2016-09-10,2016,9
Purus_SeringalFortaleza,-7.72,-67.0,62292500441,33.64782,2016-09-26,2016,9
Purus_SeringalFortaleza,-7.72,-67.0,62292500441,36.830605,2016-10-12,2016,10
Purus_SeringalFortaleza,-7.72,-67.0,62292500441,127.42556,2017-05-24,2017,5
Purus_SeringalFortaleza,-7.72,-67.0,62292500441,146.07979,2017-06-09,2017,6
Purus_SeringalFortaleza,-7.72,-67.0,62292500441,38.62091,2017-07-11,2017,7
Purus_SeringalFortaleza,-7.72,-67.0,62292500441,32.33564,2017-07-27,2017,7
Purus_SeringalFortaleza,-7.72,-67.0,62292500441,41.72411,2017-08-12,2017,8
Purus_SeringalFortaleza,-7.72,-67.0,62292500441,30.918152,2017-09-29,2017,9
Purus_SeringalFortaleza,-7.72,-67.0,62292500441,70.76229,2017-10-31,2017,10
Purus_SeringalFortaleza,-7.72,-67.0,62292500441,395.4718,2018-05-27,2018,5
Purus_SeringalFortaleza,-7.72,-67.0,62292500441,143.81036,2018-06-12,2018,6
Purus_SeringalFortaleza,-7.72,-67.0,62292500441,69.26095,2018-06-28,2018,6
Purus_SeringalFortaleza,-7.72,-67.0,62292500441,34.16813,2018-07-14,2018,7
Purus_SeringalFortaleza,-7.72,-67.0,62292500441,45.999928,2018-08-31,2018,8
Purus_SeringalFortaleza,-7.72,-67.0,62292500441,429.26382,2019-02-07,2019,2
Purus_SeringalFortaleza,-7.72,-67.0,62292500441,119.050385,2019-05-30,2019,5
Purus_SeringalFortaleza,-7.72,-67.0,62292500441,50.67886,2019-07-01,2019,7
Purus_SeringalFortaleza,-7.72,-67.0,62292500441,43.573303,2019-08-02,2019,8
Purus_SeringalFortaleza,-7.72,-67.0,62292500441,32.791622,2019-08-18,2019,8
Purus_SeringalFortaleza,-7.72,-67.0,62292500441,41.859013,2019-09-19,2019,9
Purus_SeringalFortaleza,-7.72,-67.0,62292500441,57.985783,2019-10-21,2019,10
Purus_SeringalFortaleza,-7.72,-67.0,62292500441,155.79868,2019-11-06,2019,11
Purus_SeringalFortaleza,-7.72,-67.0,62292500441,73.1087,2020-06-17,2020,6
Purus_SeringalFortaleza,-7.72,-67.0,62292500441,34.900787,2020-07-19,2020,7
Purus_SeringalFortaleza,-7.72,-67.0,62292500441,47.59288,2020-08-04,2020,8
Purus_SeringalFortaleza,-7.72,-67.0,62292500441,33.512867,2020-08-20,2020,8
Purus_SeringalFortaleza,-7.72,-67.0,62292500441,36.140896,2020-09-05,2020,9
Purus_SeringalFortaleza,-7.72,-67.0,62292500441,102.164215,2021-03-16,2021,3
Purus_SeringalFortaleza,-7.72,-67.0,62292500441,305.2002,2021-04-01,2021,4
Purus_SeringalFortaleza,-7.72,-67.0,62292500441,158.07121,2021-05-19,2021,5
Purus_SeringalFortaleza,-7.72,-67.0,62292500441,56.066795,2021-07-06,2021,7
Purus_SeringalFortaleza,-7.72,-67.0,62292500441,35.13613,2021-07-22,2021,7
Purus_SeringalFortaleza,-7.72,-67.0,62292500441,92.99513,2021-08-07,2021,8
Purus_SeringalFortaleza,-7.72,-67.0,62292500441,23.117992,2021-08-23,2021,8
Purus_SeringalFortaleza,-7.72,-67.0,62292500441,28.37956,2021-09-08,2021,9
Purus_SeringalFortaleza,-7.72,-67.0,62292500441,61.19946,2021-09-24,2021,9
Purus_SeringalFortaleza,-7.72,-67.0,62292500441,28.507595,2021-10-10,2021,10
Purus_SeringalFortaleza,-7.72,-67.0,62292500441,57.359737,2013-05-21,2013,5
Purus_SeringalFortaleza,-7.72,-67.0,62292500441,64.173485,2013-06-22,2013,6
Purus_SeringalFortaleza,-7.72,-67.0,62292500441,79.64835,2013-07-08,2013,7
Purus_SeringalFortaleza,-7.72,-67.0,62292500441,40.974724,2013-08-09,2013,8
Purus_SeringalFortaleza,-7.72,-67.0,62292500441,35.75215,2013-09-26,2013,9
Purus_SeringalFortaleza,-7.72,-67.0,62292500441,246.79921,2013-10-28,2013,10
Purus_SeringalFortaleza,-7.72,-67.0,62292500441,192.08081,2014-04-06,2014,4
Purus_SeringalFortaleza,-7.72,-67.0,62292500441,54.0017,2014-06-25,2014,6
Purus_SeringalFortaleza,-7.72,-67.0,62292500441,22.360842,2014-07-11,2014,7
Purus_SeringalFortaleza,-7.72,-67.0,62292500441,43.575527,2014-08-12,2014,8
Purus_SeringalFortaleza,-7.72,-67.0,62292500441,50.168404,2014-09-29,2014,9
Purus_SeringalFortaleza,-7.72,-67.0,62292500441,259.73047,2015-03-08,2015,3
Purus_SeringalFortaleza,-7.72,-67.0,62292500441,247.29044,2015-05-27,2015,5
Purus_SeringalFortaleza,-7.72,-67.0,62292500441,196.04156,2015-06-12,2015,6
Purus_SeringalFortaleza,-7.72,-67.0,62292500441,50.968544,2015-07-14,2015,7
Purus_SeringalFortaleza,-7.72,-67.0,62292500441,43.2109,2015-07-30,2015,7
Purus_SeringalFortaleza,-7.72,-67.0,62292500441,40.058167,2015-08-31,2015,8
Purus_SeringalFortaleza,-7.72,-67.0,62292500441,29.967283,2015-09-16,2015,9
Purus_SeringalFortaleza,-7.72,-67.0,62292500441,19.532068,2015-10-18,2015,10
Purus_SeringalFortaleza,-7.72,-67.0,62292500441,107.34969,2015-11-19,2015,11
Purus_SeringalFortaleza,-7.72,-67.0,62292500441,61.80707,2015-12-05,2015,12
Purus_SeringalFortaleza,-7.72,-67.0,62292500441,78.03407,2016-06-14,2016,6
Purus_SeringalFortaleza,-7.72,-67.0,62292500441,33.04278,2016-06-30,2016,6
Purus_SeringalFortaleza,-7.72,-67.0,62292500441,46.982155,2016-07-16,2016,7
Purus_SeringalFortaleza,-7.72,-67.0,62292500441,38.68219,2016-08-01,2016,8
Purus_SeringalFortaleza,-7.72,-67.0,62292500441,37.18723,2016-08-17,2016,8
Purus_SeringalFortaleza,-7.72,-67.0,62292500441,41.298023,2016-09-18,2016,9
Purus_SeringalFortaleza,-7.72,-67.0,62292500441,52.531654,2016-10-04,2016,10
Purus_SeringalFortaleza,-7.72,-67.0,62292500441,150.23303,2016-11-05,2016,11
Purus_SeringalFortaleza,-7.72,-67.0,62292500441,223.44147,2016-11-21,2016,11
Purus_SeringalFortaleza,-7.72,-67.0,62292500441,313.7138,2017-04-14,2017,4
Purus_SeringalFortaleza,-7.72,-67.0,62292500441,74.959785,2017-05-16,2017,5
Purus_SeringalFortaleza,-7.72,-67.0,62292500441,93.2978,2017-06-17,2017,6
Purus_SeringalFortaleza,-7.72,-67.0,62292500441,58.221664,2017-07-03,2017,7
Purus_SeringalFortaleza,-7.72,-67.0,62292500441,36.908653,2017-07-19,2017,7
Purus_SeringalFortaleza,-7.72,-67.0,62292500441,47.603996,2017-08-04,2017,8
Purus_SeringalFortaleza,-7.72,-67.0,62292500441,44.80289,2017-08-20,2017,8
Purus_SeringalFortaleza,-7.72,-67.0,62292500441,18.945194,2017-09-05,2017,9
Purus_SeringalFortaleza,-7.72,-67.0,62292500441,495.9353,2017-12-10,2017,12
Purus_SeringalFortaleza,-7.72,-67.0,62292500441,445.29153,2018-02-28,2018,2
Purus_SeringalFortaleza,-7.72,-67.0,62292500441,65.00249,2018-06-20,2018,6
Purus_SeringalFortaleza,-7.72,-67.0,62292500441,59.252266,2018-07-06,2018,7
Purus_SeringalFortaleza,-7.72,-67.0,62292500441,41.32257,2018-07-22,2018,7
Purus_SeringalFortaleza,-7.72,-67.0,62292500441,73.51839,2018-08-23,2018,8
Purus_SeringalFortaleza,-7.72,-67.0,62292500441,53.120327,2018-09-24,2018,9
Purus_SeringalFortaleza,-7.72,-67.0,62292500441,353.83026,2018-11-11,2018,11
Purus_SeringalFortaleza,-7.72,-67.0,62292500441,530.7232,2019-01-14,2019,1
Purus_SeringalFortaleza,-7.72,-67.0,62292500441,286.75244,2019-04-20,2019,4
Purus_SeringalFortaleza,-7.72,-67.0,62292500441,202.50014,2019-05-06,2019,5
Purus_SeringalFortaleza,-7.72,-67.0,62292500441,101.96357,2019-06-07,2019,6
Purus_SeringalFortaleza,-7.72,-67.0,62292500441,59.055065,2019-06-23,2019,6
Purus_SeringalFortaleza,-7.72,-67.0,62292500441,52.027264,2019-07-09,2019,7
Purus_SeringalFortaleza,-7.72,-67.0,62292500441,40.71462,2019-08-10,2019,8
Purus_SeringalFortaleza,-7.72,-67.0,62292500441,42.70152,2019-09-11,2019,9
Purus_SeringalFortaleza,-7.72,-67.0,62292500441,42.773643,2019-10-13,2019,10
Purus_SeringalFortaleza,-7.72,-67.0,62292500441,303.81738,2019-11-14,2019,11
Purus_SeringalFortaleza,-7.72,-67.0,62292500441,40.13892,2020-06-09,2020,6
Purus_SeringalFortaleza,-7.72,-67.0,62292500441,43.83139,2020-07-27,2020,7
Purus_SeringalFortaleza,-7.72,-67.0,62292500441,52.576115,2020-08-12,2020,8
Purus_SeringalFortaleza,-7.72,-67.0,62292500441,30.94182,2020-09-13,2020,9
Purus_SeringalFortaleza,-7.72,-67.0,62292500441,98.76277,2020-11-16,2020,11
Purus_SeringalFortaleza,-7.72,-67.0,62292500441,352.97778,2021-02-04,2021,2
Purus_SeringalFortaleza,-7.72,-67.0,62292500441,42.35791,2021-05-27,2021,5
Purus_SeringalFortaleza,-7.72,-67.0,62292500441,39.85744,2021-07-14,2021,7
Purus_SeringalFortaleza,-7.72,-67.0,62292500441,45.975845,2021-07-30,2021,7
Purus_SeringalFortaleza,-7.72,-67.0,62292500441,33.2945,2021-08-15,2021,8
Purus_SeringalFortaleza,-7.72,-67.0,62292500441,23.106346,2021-09-16,2021,9
Purus_SeringalFortaleza,-7.72,-67.0,62292500441,128.4311,1984-05-28,1984,5
Purus_SeringalFortaleza,-7.72,-67.0,62292500441,266.62564,1985-02-24,1985,2
Purus_SeringalFortaleza,-7.72,-67.0,62292500441,193.81372,1985-05-31,1985,5
Purus_SeringalFortaleza,-7.72,-67.0,62292500441,79.13643,1985-09-04,1985,9
Purus_SeringalFortaleza,-7.72,-67.0,62292500441,50.667202,1985-09-20,1985,9
Purus_SeringalFortaleza,-7.72,-67.0,62292500441,81.33087,1985-10-06,1985,10
Purus_SeringalFortaleza,-7.72,-67.0,62292500441,127.10648,1985-10-22,1985,10
Purus_SeringalFortaleza,-7.72,-67.0,62292500441,248.4026,1986-05-18,1986,5
Purus_SeringalFortaleza,-7.72,-67.0,62292500441,56.53007,1986-06-19,1986,6
Purus_SeringalFortaleza,-7.72,-67.0,62292500441,50.367867,1986-08-22,1986,8
Purus_SeringalFortaleza,-7.72,-67.0,62292500441,86.26115,1986-09-07,1986,9
Purus_SeringalFortaleza,-7.72,-67.0,62292500441,293.38232,1987-02-14,1987,2
Purus_SeringalFortaleza,-7.72,-67.0,62292500441,445.6552,1987-05-05,1987,5
Purus_SeringalFortaleza,-7.72,-67.0,62292500441,229.94641,1987-05-21,1987,5
Purus_SeringalFortaleza,-7.72,-67.0,62292500441,34.06304,1987-07-24,1987,7
Purus_SeringalFortaleza,-7.72,-67.0,62292500441,39.393085,1987-08-09,1987,8
Purus_SeringalFortaleza,-7.72,-67.0,62292500441,50.570736,1987-08-25,1987,8
Purus_SeringalFortaleza,-7.72,-67.0,62292500441,32.07938,1987-10-12,1987,10
Purus_SeringalFortaleza,-7.72,-67.0,62292500441,422.8976,1988-03-04,1988,3
Purus_SeringalFortaleza,-7.72,-67.0,62292500441,19.618141,1988-05-23,1988,5
Purus_SeringalFortaleza,-7.72,-67.0,62292500441,62.712204,1988-06-24,1988,6
Purus_SeringalFortaleza,-7.72,-67.0,62292500441,43.26662,1988-07-10,1988,7
Purus_SeringalFortaleza,-7.72,-67.0,62292500441,31.02652,1988-07-26,1988,7
Purus_SeringalFortaleza,-7.72,-67.0,62292500441,80.283646,1988-08-11,1988,8
Purus_SeringalFortaleza,-7.72,-67.0,62292500441,272.345,1988-12-17,1988,12
Purus_SeringalFortaleza,-7.72,-67.0,62292500441,229.34895,1989-05-10,1989,5
Purus_SeringalFortaleza,-7.72,-67.0,62292500441,36.479183,1989-07-29,1989,7
Purus_SeringalFortaleza,-7.72,-67.0,62292500441,32.27207,1989-08-30,1989,8
Purus_SeringalFortaleza,-7.72,-67.0,62292500441,41.032578,1989-09-15,1989,9
Purus_SeringalFortaleza,-7.72,-67.0,62292500441,307.49887,1990-03-10,1990,3
Purus_SeringalFortaleza,-7.72,-67.0,62292500441,430.69333,1990-04-27,1990,4
Purus_SeringalFortaleza,-7.72,-67.0,62292500441,178.37518,1990-05-29,1990,5
Purus_SeringalFortaleza,-7.72,-67.0,62292500441,41.956467,1990-06-30,1990,6
Purus_SeringalFortaleza,-7.72,-67.0,62292500441,36.197475,1990-07-16,1990,7
Purus_SeringalFortaleza,-7.72,-67.0,62292500441,37.372555,1990-08-01,1990,8
Purus_SeringalFortaleza,-7.72,-67.0,62292500441,30.272429,1990-09-02,1990,9
Purus_SeringalFortaleza,-7.72,-67.0,62292500441,47.408123,1990-09-18,1990,9
Purus_SeringalFortaleza,-7.72,-67.0,62292500441,298.65967,1990-11-05,1990,11
Purus_SeringalFortaleza,-7.72,-67.0,62292500441,159.51297,1991-06-01,1991,6
Purus_SeringalFortaleza,-7.72,-67.0,62292500441,185.24304,1991-06-17,1991,6
Purus_SeringalFortaleza,-7.72,-67.0,62292500441,144.56749,1991-07-19,1991,7
Purus_SeringalFortaleza,-7.72,-67.0,62292500441,60.834373,1991-09-21,1991,9
Purus_SeringalFortaleza,-7.72,-67.0,62292500441,44.087887,1992-07-05,1992,7
Purus_SeringalFortaleza,-7.72,-67.0,62292500441,48.469955,1992-07-21,1992,7
Purus_SeringalFortaleza,-7.72,-67.0,62292500441,36.247677,1992-08-06,1992,8
Purus_SeringalFortaleza,-7.72,-67.0,62292500441,440.6374,1992-11-10,1992,11
Purus_SeringalFortaleza,-7.72,-67.0,62292500441,298.73264,1992-12-28,1992,12
Purus_SeringalFortaleza,-7.72,-67.0,62292500441,376.51254,1993-04-03,1993,4
Purus_SeringalFortaleza,-7.72,-67.0,62292500441,194.40791,1993-06-06,1993,6
Purus_SeringalFortaleza,-7.72,-67.0,62292500441,42.025116,1993-07-24,1993,7
Purus_SeringalFortaleza,-7.72,-67.0,62292500441,43.107903,1993-08-09,1993,8
Purus_SeringalFortaleza,-7.72,-67.0,62292500441,81.34007,1993-08-25,1993,8
Purus_SeringalFortaleza,-7.72,-67.0,62292500441,83.5941,1993-10-12,1993,10
Purus_SeringalFortaleza,-7.72,-67.0,62292500441,159.13013,1994-05-24,1994,5
Purus_SeringalFortaleza,-7.72,-67.0,62292500441,75.52657,1994-07-11,1994,7
Purus_SeringalFortaleza,-7.72,-67.0,62292500441,72.05828,1994-07-27,1994,7
Purus_SeringalFortaleza,-7.72,-67.0,62292500441,53.277172,1994-08-12,1994,8
Purus_SeringalFortaleza,-7.72,-67.0,62292500441,54.5264,1994-10-15,1994,10
Purus_SeringalFortaleza,-7.72,-67.0,62292500441,349.55725,1995-01-03,1995,1
Purus_SeringalFortaleza,-7.72,-67.0,62292500441,286.84204,1995-03-24,1995,3
Purus_SeringalFortaleza,-7.72,-67.0,62292500441,435.02005,1995-05-27,1995,5
Purus_SeringalFortaleza,-7.72,-67.0,62292500441,47.773342,1995-07-30,1995,7
Purus_SeringalFortaleza,-7.72,-67.0,62292500441,79.181435,1995-09-16,1995,9
Purus_SeringalFortaleza,-7.72,-67.0,62292500441,57.87719,1995-10-02,1995,10
Purus_SeringalFortaleza,-7.72,-67.0,62292500441,65.8102,1995-10-18,1995,10
Purus_SeringalFortaleza,-7.72,-67.0,62292500441,367.5627,1996-03-26,1996,3
Purus_SeringalFortaleza,-7.72,-67.0,62292500441,104.91706,1996-06-14,1996,6
Purus_SeringalFortaleza,-7.72,-67.0,62292500441,58.181057,1996-06-30,1996,6
Purus_SeringalFortaleza,-7.72,-67.0,62292500441,34.562874,1996-07-16,1996,7
Purus_SeringalFortaleza,-7.72,-67.0,62292500441,65.6362,1996-08-01,1996,8
Purus_SeringalFortaleza,-7.72,-67.0,62292500441,79.68886,1996-09-18,1996,9
Purus_SeringalFortaleza,-7.72,-67.0,62292500441,103.41342,1996-10-20,1996,10
Purus_SeringalFortaleza,-7.72,-67.0,62292500441,221.79794,1996-11-05,1996,11
Purus_SeringalFortaleza,-7.72,-67.0,62292500441,425.42365,1996-12-23,1996,12
Purus_SeringalFortaleza,-7.72,-67.0,62292500441,80.867516,1997-06-17,1997,6
Purus_SeringalFortaleza,-7.72,-67.0,62292500441,41.59553,1997-07-19,1997,7
Purus_SeringalFortaleza,-7.72,-67.0,62292500441,51.983456,1997-08-20,1997,8
Purus_SeringalFortaleza,-7.72,-67.0,62292500441,53.349083,1997-09-21,1997,9
Purus_SeringalFortaleza,-7.72,-67.0,62292500441,55.109875,1997-10-07,1997,10
Purus_SeringalFortaleza,-7.72,-67.0,62292500441,170.30014,1998-04-17,1998,4
Purus_SeringalFortaleza,-7.72,-67.0,62292500441,59.82578,1998-05-19,1998,5
Purus_SeringalFortaleza,-7.72,-67.0,62292500441,82.96588,1998-06-04,1998,6
Purus_SeringalFortaleza,-7.72,-67.0,62292500441,154.76465,1998-06-20,1998,6
Purus_SeringalFortaleza,-7.72,-67.0,62292500441,35.057926,1998-07-06,1998,7
Purus_SeringalFortaleza,-7.72,-67.0,62292500441,35.102104,1998-07-22,1998,7
Purus_SeringalFortaleza,-7.72,-67.0,62292500441,32.870983,1998-08-07,1998,8
Purus_SeringalFortaleza,-7.72,-67.0,62292500441,20.33343,1998-08-23,1998,8
Purus_SeringalFortaleza,-7.72,-67.0,62292500441,26.471205,1998-09-08,1998,9
Purus_SeringalFortaleza,-7.72,-67.0,62292500441,29.11147,1998-09-24,1998,9
Purus_SeringalFortaleza,-7.72,-67.0,62292500441,33.976215,1998-10-10,1998,10
Purus_SeringalFortaleza,-7.72,-67.0,62292500441,72.030716,1998-10-26,1998,10
Purus_SeringalFortaleza,-7.72,-67.0,62292500441,83.09529,1999-07-09,1999,7
Purus_SeringalFortaleza,-7.72,-67.0,62292500441,80.71412,1999-07-25,1999,7
Purus_SeringalFortaleza,-7.72,-67.0,62292500441,50.427547,1999-08-10,1999,8
Purus_SeringalFortaleza,-7.72,-67.0,62292500441,96.86207,1999-08-26,1999,8
Purus_SeringalFortaleza,-7.72,-67.0,62292500441,39.064796,2000-06-09,2000,6
Purus_SeringalFortaleza,-7.72,-67.0,62292500441,41.90418,2000-07-11,2000,7
Purus_SeringalFortaleza,-7.72,-67.0,62292500441,25.322239,2000-07-27,2000,7
Purus_SeringalFortaleza,-7.72,-67.0,62292500441,27.61006,2000-08-28,2000,8
Purus_SeringalFortaleza,-7.72,-67.0,62292500441,33.04766,2000-09-13,2000,9
Purus_SeringalFortaleza,-7.72,-67.0,62292500441,92.33333,2000-09-29,2000,9
Purus_SeringalFortaleza,-7.72,-67.0,62292500441,283.38126,2000-12-02,2000,12
Purus_SeringalFortaleza,-7.72,-67.0,62292500441,116.256256,2001-05-27,2001,5
Purus_SeringalFortaleza,-7.72,-67.0,62292500441,76.92394,2001-06-12,2001,6
Purus_SeringalFortaleza,-7.72,-67.0,62292500441,80.5348,2001-06-28,2001,6
Purus_SeringalFortaleza,-7.72,-67.0,62292500441,43.771336,2001-08-15,2001,8
Purus_SeringalFortaleza,-7.72,-67.0,62292500441,40.760983,2001-08-31,2001,8
Purus_SeringalFortaleza,-7.72,-67.0,62292500441,39.293343,2001-10-02,2001,10
Purus_SeringalFortaleza,-7.72,-67.0,62292500441,159.32742,2001-11-03,2001,11
Purus_SeringalFortaleza,-7.72,-67.0,62292500441,106.93761,2003-06-18,2003,6
Purus_SeringalFortaleza,-7.72,-67.0,62292500441,82.72295,2003-07-04,2003,7
Purus_SeringalFortaleza,-7.72,-67.0,62292500441,42.041096,2003-07-20,2003,7
Purus_SeringalFortaleza,-7.72,-67.0,62292500441,32.537964,2003-08-21,2003,8
Purus_SeringalFortaleza,-7.72,-67.0,62292500441,58.791016,2003-10-08,2003,10
Purus_SeringalFortaleza,-7.72,-67.0,62292500441,315.67776,2003-10-24,2003,10
Purus_SeringalFortaleza,-7.72,-67.0,62292500441,313.10266,2003-11-09,2003,11
Purus_SeringalFortaleza,-7.72,-67.0,62292500441,464.2915,2004-02-13,2004,2
Purus_SeringalFortaleza,-7.72,-67.0,62292500441,340.9027,2004-04-01,2004,4
Purus_SeringalFortaleza,-7.72,-67.0,62292500441,71.94166,2004-06-04,2004,6
Purus_SeringalFortaleza,-7.72,-67.0,62292500441,67.4069,2004-06-20,2004,6
Purus_SeringalFortaleza,-7.72,-67.0,62292500441,103.90498,2004-07-06,2004,7
Purus_SeringalFortaleza,-7.72,-67.0,62292500441,53.234722,2004-08-07,2004,8
Purus_SeringalFortaleza,-7.72,-67.0,62292500441,113.668526,2004-08-23,2004,8
Purus_SeringalFortaleza,-7.72,-67.0,62292500441,79.207886,2004-09-08,2004,9
Purus_SeringalFortaleza,-7.72,-67.0,62292500441,39.080723,2004-09-24,2004,9
Purus_SeringalFortaleza,-7.72,-67.0,62292500441,356.377,2005-01-14,2005,1
Purus_SeringalFortaleza,-7.72,-67.0,62292500441,94.67081,2005-05-22,2005,5
Purus_SeringalFortaleza,-7.72,-67.0,62292500441,59.206013,2005-06-07,2005,6
Purus_SeringalFortaleza,-7.72,-67.0,62292500441,39.17785,2005-07-09,2005,7
Purus_SeringalFortaleza,-7.72,-67.0,62292500441,37.574192,2005-08-26,2005,8
Purus_SeringalFortaleza,-7.72,-67.0,62292500441,44.43481,2005-10-13,2005,10
Purus_SeringalFortaleza,-7.72,-67.0,62292500441,217.83688,2005-11-14,2005,11
Purus_SeringalFortaleza,-7.72,-67.0,62292500441,65.82592,2006-06-10,2006,6
Purus_SeringalFortaleza,-7.72,-67.0,62292500441,31.374308,2006-07-12,2006,7
Purus_SeringalFortaleza,-7.72,-67.0,62292500441,29.6791,2006-07-28,2006,7
Purus_SeringalFortaleza,-7.72,-67.0,62292500441,52.05132,2006-09-14,2006,9
Purus_SeringalFortaleza,-7.72,-67.0,62292500441,309.6924,2007-05-12,2007,5
Purus_SeringalFortaleza,-7.72,-67.0,62292500441,198.32538,2007-06-13,2007,6
Purus_SeringalFortaleza,-7.72,-67.0,62292500441,37.588688,2007-06-29,2007,6
Purus_SeringalFortaleza,-7.72,-67.0,62292500441,34.533638,2007-07-31,2007,7
Purus_SeringalFortaleza,-7.72,-67.0,62292500441,51.52838,2007-08-16,2007,8
Purus_SeringalFortaleza,-7.72,-67.0,62292500441,29.190903,2007-09-01,2007,9
Purus_SeringalFortaleza,-7.72,-67.0,62292500441,157.27573,2007-09-17,2007,9
Purus_SeringalFortaleza,-7.72,-67.0,62292500441,68.41383,2007-10-03,2007,10
Purus_SeringalFortaleza,-7.72,-67.0,62292500441,27.25564,2008-07-01,2008,7
Purus_SeringalFortaleza,-7.72,-67.0,62292500441,24.100653,2008-07-17,2008,7
Purus_SeringalFortaleza,-7.72,-67.0,62292500441,33.740555,2008-08-02,2008,8
Purus_SeringalFortaleza,-7.72,-67.0,62292500441,63.639942,2008-08-18,2008,8
Purus_SeringalFortaleza,-7.72,-67.0,62292500441,41.382412,2008-09-19,2008,9
Purus_SeringalFortaleza,-7.72,-67.0,62292500441,71.00392,2009-07-20,2009,7
Purus_SeringalFortaleza,-7.72,-67.0,62292500441,58.17652,2009-08-05,2009,8
Purus_SeringalFortaleza,-7.72,-67.0,62292500441,40.360004,2009-09-06,2009,9
Purus_SeringalFortaleza,-7.72,-67.0,62292500441,272.3278,2010-04-18,2010,4
Purus_SeringalFortaleza,-7.72,-67.0,62292500441,41.222435,2010-06-21,2010,6
Purus_SeringalFortaleza,-7.72,-67.0,62292500441,29.073736,2010-07-23,2010,7
Purus_SeringalFortaleza,-7.72,-67.0,62292500441,52.79415,2010-08-08,2010,8
Purus_SeringalFortaleza,-7.72,-67.0,62292500441,44.10256,2010-08-24,2010,8
Purus_SeringalFortaleza,-7.72,-67.0,62292500441,75.240204,2010-09-25,2010,9
Purus_SeringalFortaleza,-7.72,-67.0,62292500441,29.291761,2010-10-11,2010,10
Purus_SeringalFortaleza,-7.72,-67.0,62292500441,332.91263,2010-11-28,2010,11
Purus_SeringalFortaleza,-7.72,-67.0,62292500441,332.89328,2011-04-21,2011,4
Purus_SeringalFortaleza,-7.72,-67.0,62292500441,141.02979,2011-05-23,2011,5
Purus_SeringalFortaleza,-7.72,-67.0,62292500441,35.92631,2011-06-24,2011,6
Purus_SeringalFortaleza,-7.72,-67.0,62292500441,27.095964,2011-07-26,2011,7
Purus_SeringalFortaleza,-7.72,-67.0,62292500441,33.40539,2011-08-11,2011,8
Purus_SeringalFortaleza,-7.72,-67.0,62292500441,80.966194,2011-10-30,2011,10
Purus_SeringalFortaleza,-7.72,-67.0,62292500441,55.268543,1999-07-01,1999,7
Purus_SeringalFortaleza,-7.72,-67.0,62292500441,69.6384,1999-08-18,1999,8
Purus_SeringalFortaleza,-7.72,-67.0,62292500441,93.2401,1999-10-05,1999,10
Purus_SeringalFortaleza,-7.72,-67.0,62292500441,32.483654,1999-10-21,1999,10
Purus_SeringalFortaleza,-7.72,-67.0,62292500441,247.34108,2000-01-25,2000,1
Purus_SeringalFortaleza,-7.72,-67.0,62292500441,378.13632,2000-04-14,2000,4
Purus_SeringalFortaleza,-7.72,-67.0,62292500441,180.54257,2000-06-01,2000,6
Purus_SeringalFortaleza,-7.72,-67.0,62292500441,43.60495,2000-08-20,2000,8
Purus_SeringalFortaleza,-7.72,-67.0,62292500441,94.0573,2000-10-23,2000,10
Purus_SeringalFortaleza,-7.72,-67.0,62292500441,285.42468,2000-11-24,2000,11
Purus_SeringalFortaleza,-7.72,-67.0,62292500441,208.16252,2001-04-17,2001,4
Purus_SeringalFortaleza,-7.72,-67.0,62292500441,66.39463,2001-06-04,2001,6
Purus_SeringalFortaleza,-7.72,-67.0,62292500441,38.57516,2001-07-22,2001,7
Purus_SeringalFortaleza,-7.72,-67.0,62292500441,53.215435,2001-08-07,2001,8
Purus_SeringalFortaleza,-7.72,-67.0,62292500441,323.27475,2001-11-11,2001,11
Purus_SeringalFortaleza,-7.72,-67.0,62292500441,549.6335,2002-01-14,2002,1
Purus_SeringalFortaleza,-7.72,-67.0,62292500441,377.94415,2002-03-19,2002,3
Purus_SeringalFortaleza,-7.72,-67.0,62292500441,217.95842,2002-06-07,2002,6
Purus_SeringalFortaleza,-7.72,-67.0,62292500441,89.04255,2002-06-23,2002,6
Purus_SeringalFortaleza,-7.72,-67.0,62292500441,44.814537,2002-07-09,2002,7
Purus_SeringalFortaleza,-7.72,-67.0,62292500441,31.421528,2002-07-25,2002,7
Purus_SeringalFortaleza,-7.72,-67.0,62292500441,105.32374,2002-08-10,2002,8
Purus_SeringalFortaleza,-7.72,-67.0,62292500441,49.654446,2002-08-26,2002,8
Purus_SeringalFortaleza,-7.72,-67.0,62292500441,58.531467,2003-08-13,2003,8
Purus_SeringalFortaleza,-7.72,-67.0,62292500441,41.45399,2004-06-12,2004,6
Purus_SeringalFortaleza,-7.72,-67.0,62292500441,80.38685,2004-08-15,2004,8
Purus_SeringalFortaleza,-7.72,-67.0,62292500441,212.42035,2005-04-12,2005,4
Purus_SeringalFortaleza,-7.72,-67.0,62292500441,262.0859,2005-05-14,2005,5
Purus_SeringalFortaleza,-7.72,-67.0,62292500441,36.58235,2005-06-15,2005,6
Purus_SeringalFortaleza,-7.72,-67.0,62292500441,30.558228,2005-07-17,2005,7
Purus_SeringalFortaleza,-7.72,-67.0,62292500441,32.47735,2005-08-02,2005,8
Purus_SeringalFortaleza,-7.72,-67.0,62292500441,50.76737,2005-10-21,2005,10
Purus_SeringalFortaleza,-7.72,-67.0,62292500441,137.85739,2005-11-06,2005,11
Purus_SeringalFortaleza,-7.72,-67.0,62292500441,35.622074,2006-06-18,2006,6
Purus_SeringalFortaleza,-7.72,-67.0,62292500441,63.168716,2006-07-04,2006,7
Purus_SeringalFortaleza,-7.72,-67.0,62292500441,26.552557,2006-07-20,2006,7
Purus_SeringalFortaleza,-7.72,-67.0,62292500441,48.61271,2006-08-05,2006,8
Purus_SeringalFortaleza,-7.72,-67.0,62292500441,37.148796,2006-09-22,2006,9
Purus_SeringalFortaleza,-7.72,-67.0,62292500441,137.55643,2006-10-24,2006,10
Purus_SeringalFortaleza,-7.72,-67.0,62292500441,370.1067,2007-01-28,2007,1
Purus_SeringalFortaleza,-7.72,-67.0,62292500441,216.80098,2007-06-05,2007,6
Purus_SeringalFortaleza,-7.72,-67.0,62292500441,31.74144,2007-07-07,2007,7
Purus_SeringalFortaleza,-7.72,-67.0,62292500441,44.92515,2007-07-23,2007,7
Purus_SeringalFortaleza,-7.72,-67.0,62292500441,60.984947,2007-08-08,2007,8
Purus_SeringalFortaleza,-7.72,-67.0,62292500441,35.85312,2007-09-09,2007,9
Purus_SeringalFortaleza,-7.72,-67.0,62292500441,127.60806,2008-05-06,2008,5
Purus_SeringalFortaleza,-7.72,-67.0,62292500441,33.28438,2008-07-09,2008,7
Purus_SeringalFortaleza,-7.72,-67.0,62292500441,34.920223,2008-07-25,2008,7
Purus_SeringalFortaleza,-7.72,-67.0,62292500441,31.667494,2008-08-10,2008,8
Purus_SeringalFortaleza,-7.72,-67.0,62292500441,24.789753,2008-09-11,2008,9
Purus_SeringalFortaleza,-7.72,-67.0,62292500441,39.322056,2008-10-29,2008,10
Purus_SeringalFortaleza,-7.72,-67.0,62292500441,505.71136,2009-05-25,2009,5
Purus_SeringalFortaleza,-7.72,-67.0,62292500441,62.98915,2009-07-28,2009,7
Purus_SeringalFortaleza,-7.72,-67.0,62292500441,26.506971,2009-08-13,2009,8
Purus_SeringalFortaleza,-7.72,-67.0,62292500441,49.050446,2009-09-30,2009,9
Purus_SeringalFortaleza,-7.72,-67.0,62292500441,146.52151,2010-04-26,2010,4
Purus_SeringalFortaleza,-7.72,-67.0,62292500441,187.11447,2010-05-12,2010,5
Purus_SeringalFortaleza,-7.72,-67.0,62292500441,30.132986,2010-06-29,2010,6
Purus_SeringalFortaleza,-7.72,-67.0,62292500441,30.33405,2010-07-31,2010,7
Purus_SeringalFortaleza,-7.72,-67.0,62292500441,43.49901,2010-08-16,2010,8
Purus_SeringalFortaleza,-7.72,-67.0,62292500441,218.8649,2011-04-29,2011,4
Purus_SeringalFortaleza,-7.72,-67.0,62292500441,18.956488,2011-05-31,2011,5
Purus_SeringalFortaleza,-7.72,-67.0,62292500441,30.25035,2011-08-03,2011,8
Purus_SeringalFortaleza,-7.72,-67.0,62292500441,31.935162,2011-08-19,2011,8
Purus_SeringalFortaleza,-7.72,-67.0,62292500441,24.853956,2011-09-04,2011,9
Purus_SeringalFortaleza,-7.72,-67.0,62292500441,110.245415,2012-03-14,2012,3
Purus_SeringalFortaleza,-7.72,-67.0,62292500441,142.64775,2012-06-18,2012,6
Purus_SeringalFortaleza,-7.72,-67.0,62292500441,23.925161,2012-07-20,2012,7
Purus_SeringalFortaleza,-7.72,-67.0,62292500441,23.339375,2012-08-05,2012,8
Purus_SeringalFortaleza,-7.72,-67.0,62292500441,42.40628,2012-08-21,2012,8
Purus_SeringalFortaleza,-7.72,-67.0,62292500441,41.242546,2013-09-25,2013,9
Purus_SeringalFortaleza,-7.72,-67.0,62292500441,25.233696,2014-09-12,2014,9
Purus_SeringalFortaleza,-7.72,-67.0,62292500441,88.92329,2014-10-14,2014,10
Purus_SeringalFortaleza,-7.72,-67.0,62292500441,318.97052,2014-12-01,2014,12
Purus_SeringalFortaleza,-7.72,-67.0,62292500441,200.27486,2015-04-08,2015,4
Purus_SeringalFortaleza,-7.72,-67.0,62292500441,186.89969,2015-06-11,2015,6
Purus_SeringalFortaleza,-7.72,-67.0,62292500441,43.94643,2015-06-27,2015,6
Purus_SeringalFortaleza,-7.72,-67.0,62292500441,42.9384,2015-07-13,2015,7
Purus_SeringalFortaleza,-7.72,-67.0,62292500441,42.74658,2015-07-29,2015,7
Purus_SeringalFortaleza,-7.72,-67.0,62292500441,33.401386,2015-08-30,2015,8
Purus_SeringalFortaleza,-7.72,-67.0,62292500441,42.854084,2015-09-15,2015,9
Purus_SeringalFortaleza,-7.72,-67.0,62292500441,33.231853,2015-10-01,2015,10
Purus_SeringalFortaleza,-7.72,-67.0,62292500441,149.6464,2015-11-18,2015,11
Purus_SeringalFortaleza,-7.72,-67.0,62292500441,369.57983,2016-04-26,2016,4
Purus_SeringalFortaleza,-7.72,-67.0,62292500441,32.757977,2016-06-13,2016,6
Purus_SeringalFortaleza,-7.72,-67.0,62292500441,18.79091,2016-06-29,2016,6
Purus_SeringalFortaleza,-7.72,-67.0,62292500441,30.173906,2016-07-15,2016,7
Purus_SeringalFortaleza,-7.72,-67.0,62292500441,27.05237,2016-07-31,2016,7
Purus_SeringalFortaleza,-7.72,-67.0,62292500441,26.605078,2016-08-16,2016,8
Purus_SeringalFortaleza,-7.72,-67.0,62292500441,36.63503,2016-09-01,2016,9
Purus_SeringalFortaleza,-7.72,-67.0,62292500441,103.65237,2016-10-19,2016,10
Purus_SeringalFortaleza,-7.72,-67.0,62292500441,153.86378,2017-05-15,2017,5
Purus_SeringalFortaleza,-7.72,-67.0,62292500441,82.561775,2017-06-16,2017,6
Purus_SeringalFortaleza,-7.72,-67.0,62292500441,61.447384,2017-07-02,2017,7
Purus_SeringalFortaleza,-7.72,-67.0,62292500441,34.160027,2017-07-18,2017,7
Purus_SeringalFortaleza,-7.72,-67.0,62292500441,31.137877,2017-08-03,2017,8
Purus_SeringalFortaleza,-7.72,-67.0,62292500441,29.831146,2017-09-04,2017,9
Purus_SeringalFortaleza,-7.72,-67.0,62292500441,32.566853,2017-09-20,2017,9
Purus_SeringalFortaleza,-7.72,-67.0,62292500441,266.5255,2017-11-23,2017,11
Purus_SeringalFortaleza,-7.72,-67.0,62292500441,199.99953,2018-05-02,2018,5
Purus_SeringalFortaleza,-7.72,-67.0,62292500441,88.17869,2018-06-19,2018,6
Purus_SeringalFortaleza,-7.72,-67.0,62292500441,43.039387,2018-07-05,2018,7
Purus_SeringalFortaleza,-7.72,-67.0,62292500441,29.396538,2018-07-21,2018,7
Purus_SeringalFortaleza,-7.72,-67.0,62292500441,34.484364,2018-08-22,2018,8
Purus_SeringalFortaleza,-7.72,-67.0,62292500441,112.61634,2018-09-07,2018,9
Purus_SeringalFortaleza,-7.72,-67.0,62292500441,32.10238,2019-07-08,2019,7
Purus_SeringalFortaleza,-7.72,-67.0,62292500441,29.528032,2019-08-09,2019,8
Purus_SeringalFortaleza,-7.72,-67.0,62292500441,28.735332,2019-09-10,2019,9
Purus_SeringalFortaleza,-7.72,-67.0,62292500441,168.53415,2020-01-16,2020,1
Purus_SeringalFortaleza,-7.72,-67.0,62292500441,172.44495,2020-05-23,2020,5
Purus_SeringalFortaleza,-7.72,-67.0,62292500441,54.0111,2020-08-11,2020,8
Purus_SeringalFortaleza,-7.72,-67.0,62292500441,28.231915,2020-08-27,2020,8
Purus_SeringalFortaleza,-7.72,-67.0,62292500441,41.878998,2020-09-12,2020,9
Purus_SeringalFortaleza,-7.72,-67.0,62292500441,81.44919,2020-11-15,2020,11
Purus_SeringalFortaleza,-7.72,-67.0,62292500441,61.90232,2020-12-01,2020,12
Purus_SeringalFortaleza,-7.72,-67.0,62292500441,284.7972,2021-04-24,2021,4
Purus_SeringalFortaleza,-7.72,-67.0,62292500441,98.90873,2021-05-26,2021,5
Purus_SeringalFortaleza,-7.72,-67.0,62292500441,62.67173,2021-06-11,2021,6
Purus_SeringalFortaleza,-7.72,-67.0,62292500441,32.907898,2021-06-27,2021,6
Purus_SeringalFortaleza,-7.72,-67.0,62292500441,25.873363,2021-07-13,2021,7
Purus_SeringalFortaleza,-7.72,-67.0,62292500441,44.106224,2021-07-29,2021,7
Purus_SeringalFortaleza,-7.72,-67.0,62292500441,75.97842,2013-06-13,2013,6
Purus_SeringalFortaleza,-7.72,-67.0,62292500441,79.15737,2013-07-15,2013,7
Purus_SeringalFortaleza,-7.72,-67.0,62292500441,38.990536,2013-08-16,2013,8
Purus_SeringalFortaleza,-7.72,-67.0,62292500441,43.863117,2013-09-01,2013,9
Purus_SeringalFortaleza,-7.72,-67.0,62292500441,39.316032,2013-09-17,2013,9
Purus_SeringalFortaleza,-7.72,-67.0,62292500441,445.32162,2013-12-06,2013,12
Purus_SeringalFortaleza,-7.72,-67.0,62292500441,67.36003,2014-07-02,2014,7
Purus_SeringalFortaleza,-7.72,-67.0,62292500441,48.547062,2014-07-18,2014,7
Purus_SeringalFortaleza,-7.72,-67.0,62292500441,37.378075,2014-08-03,2014,8
Purus_SeringalFortaleza,-7.72,-67.0,62292500441,51.007717,2014-08-19,2014,8
Purus_SeringalFortaleza,-7.72,-67.0,62292500441,56.020107,2014-09-20,2014,9
Purus_SeringalFortaleza,-7.72,-67.0,62292500441,107.66433,2014-10-22,2014,10
Purus_SeringalFortaleza,-7.72,-67.0,62292500441,45.5507,2015-07-21,2015,7
Purus_SeringalFortaleza,-7.72,-67.0,62292500441,37.349976,2015-08-06,2015,8
Purus_SeringalFortaleza,-7.72,-67.0,62292500441,55.932068,2015-08-22,2015,8
Purus_SeringalFortaleza,-7.72,-67.0,62292500441,42.88369,2015-09-07,2015,9
Purus_SeringalFortaleza,-7.72,-67.0,62292500441,29.09606,2015-09-23,2015,9
Purus_SeringalFortaleza,-7.72,-67.0,62292500441,47.629276,2015-10-09,2015,10
Purus_SeringalFortaleza,-7.72,-67.0,62292500441,75.99472,2015-11-26,2015,11
Purus_SeringalFortaleza,-7.72,-67.0,62292500441,430.08398,2016-02-14,2016,2
Purus_SeringalFortaleza,-7.72,-67.0,62292500441,81.57782,2016-06-05,2016,6
Purus_SeringalFortaleza,-7.72,-67.0,62292500441,43.701046,2016-06-21,2016,6
Purus_SeringalFortaleza,-7.72,-67.0,62292500441,43.29254,2016-07-07,2016,7
Purus_SeringalFortaleza,-7.72,-67.0,62292500441,30.904728,2016-07-23,2016,7
Purus_SeringalFortaleza,-7.72,-67.0,62292500441,46.014175,2016-08-08,2016,8
Purus_SeringalFortaleza,-7.72,-67.0,62292500441,27.9697,2016-08-24,2016,8
Purus_SeringalFortaleza,-7.72,-67.0,62292500441,33.878498,2016-09-09,2016,9
Purus_SeringalFortaleza,-7.72,-67.0,62292500441,380.53073,2016-11-28,2016,11
Purus_SeringalFortaleza,-7.72,-67.0,62292500441,338.61356,2017-01-15,2017,1
Purus_SeringalFortaleza,-7.72,-67.0,62292500441,293.71268,2017-04-05,2017,4
Purus_SeringalFortaleza,-7.72,-67.0,62292500441,110.1736,2017-06-08,2017,6
Purus_SeringalFortaleza,-7.72,-67.0,62292500441,85.75529,2017-06-24,2017,6
Purus_SeringalFortaleza,-7.72,-67.0,62292500441,55.299015,2017-07-10,2017,7
Purus_SeringalFortaleza,-7.72,-67.0,62292500441,34.784164,2017-07-26,2017,7
Purus_SeringalFortaleza,-7.72,-67.0,62292500441,36.449394,2017-08-27,2017,8
Purus_SeringalFortaleza,-7.72,-67.0,62292500441,113.01947,2017-10-30,2017,10
Purus_SeringalFortaleza,-7.72,-67.0,62292500441,310.03738,2018-01-02,2018,1
Purus_SeringalFortaleza,-7.72,-67.0,62292500441,499.09894,2018-01-18,2018,1
Purus_SeringalFortaleza,-7.72,-67.0,62292500441,308.89896,2018-04-24,2018,4
Purus_SeringalFortaleza,-7.72,-67.0,62292500441,133.63795,2018-06-11,2018,6
Purus_SeringalFortaleza,-7.72,-67.0,62292500441,62.43259,2018-06-27,2018,6
Purus_SeringalFortaleza,-7.72,-67.0,62292500441,33.70822,2018-07-13,2018,7
Purus_SeringalFortaleza,-7.72,-67.0,62292500441,41.978172,2018-08-14,2018,8
Purus_SeringalFortaleza,-7.72,-67.0,62292500441,67.61734,2018-08-30,2018,8
Purus_SeringalFortaleza,-7.72,-67.0,62292500441,79.24714,2018-10-17,2018,10
Purus_SeringalFortaleza,-7.72,-67.0,62292500441,177.9047,2019-04-27,2019,4
Purus_SeringalFortaleza,-7.72,-67.0,62292500441,67.03638,2019-06-14,2019,6
Purus_SeringalFortaleza,-7.72,-67.0,62292500441,49.628544,2019-06-30,2019,6
Purus_SeringalFortaleza,-7.72,-67.0,62292500441,69.883156,2019-07-16,2019,7
Purus_SeringalFortaleza,-7.72,-67.0,62292500441,42.29363,2019-08-01,2019,8
Purus_SeringalFortaleza,-7.72,-67.0,62292500441,39.615356,2019-09-02,2019,9
Purus_SeringalFortaleza,-7.72,-67.0,62292500441,35.01112,2019-09-18,2019,9
Purus_SeringalFortaleza,-7.72,-67.0,62292500441,209.05223,2019-11-05,2019,11
Purus_SeringalFortaleza,-7.72,-67.0,62292500441,309.39215,2020-03-12,2020,3
Purus_SeringalFortaleza,-7.72,-67.0,62292500441,68.52308,2020-06-16,2020,6
Purus_SeringalFortaleza,-7.72,-67.0,62292500441,33.67774,2020-07-18,2020,7
Purus_SeringalFortaleza,-7.72,-67.0,62292500441,48.010334,2020-08-03,2020,8
Purus_SeringalFortaleza,-7.72,-67.0,62292500441,38.026657,2020-08-19,2020,8
Purus_SeringalFortaleza,-7.72,-67.0,62292500441,36.22451,2020-09-04,2020,9
Purus_SeringalFortaleza,-7.72,-67.0,62292500441,30.39394,2020-09-20,2020,9
Purus_SeringalFortaleza,-7.72,-67.0,62292500441,333.16495,2021-01-10,2021,1
Purus_SeringalFortaleza,-7.72,-67.0,62292500441,334.22708,2021-04-16,2021,4
Purus_SeringalFortaleza,-7.72,-67.0,62292500441,56.08442,2021-06-03,2021,6
Purus_SeringalFortaleza,-7.72,-67.0,62292500441,55.354534,2021-07-05,2021,7
Purus_SeringalFortaleza,-7.72,-67.0,62292500441,45.50119,2021-07-21,2021,7
Purus_SeringalFortaleza,-7.72,-67.0,62292500441,71.10169,2021-08-06,2021,8
Purus_SeringalFortaleza,-7.72,-67.0,62292500441,36.430702,2021-09-07,2021,9
Purus_SeringalFortaleza,-7.72,-67.0,62292500441,49.816833,2021-10-09,2021,10
Purus_SeringalFortaleza,-7.72,-67.0,62292500441,242.32074,2021-11-27,2021,11
Purus_SeringalFortaleza,-7.72,-67.0,62292500441,144.24944,2021-11-26,2021,11
Purus_ValparaisoMontante,-8.65,-67.38,62292500621,486.45932,1984-04-26,1984,4
Purus_ValparaisoMontante,-8.65,-67.38,62292500621,180.54922,1984-05-28,1984,5
Purus_ValparaisoMontante,-8.65,-67.38,62292500621,95.13757,1984-08-16,1984,8
Purus_ValparaisoMontante,-8.65,-67.38,62292500621,100.741714,1984-09-17,1984,9
Purus_ValparaisoMontante,-8.65,-67.38,62292500621,176.98083,1985-08-19,1985,8
Purus_ValparaisoMontante,-8.65,-67.38,62292500621,159.94342,1985-09-04,1985,9
Purus_ValparaisoMontante,-8.65,-67.38,62292500621,43.92338,1985-09-20,1985,9
Purus_ValparaisoMontante,-8.65,-67.38,62292500621,491.06528,1986-03-31,1986,3
Purus_ValparaisoMontante,-8.65,-67.38,62292500621,148.27655,1986-06-19,1986,6
Purus_ValparaisoMontante,-8.65,-67.38,62292500621,68.168175,1986-08-06,1986,8
Purus_ValparaisoMontante,-8.65,-67.38,62292500621,168.36806,1986-08-22,1986,8
Purus_ValparaisoMontante,-8.65,-67.38,62292500621,367.89743,1986-09-07,1986,9
Purus_ValparaisoMontante,-8.65,-67.38,62292500621,92.076645,1986-11-10,1986,11
Purus_ValparaisoMontante,-8.65,-67.38,62292500621,444.55292,1987-02-14,1987,2
Purus_ValparaisoMontante,-8.65,-67.38,62292500621,262.80255,1987-05-21,1987,5
Purus_ValparaisoMontante,-8.65,-67.38,62292500621,197.39157,1987-06-06,1987,6
Purus_ValparaisoMontante,-8.65,-67.38,62292500621,60.36419,1987-07-08,1987,7
Purus_ValparaisoMontante,-8.65,-67.38,62292500621,35.65868,1987-07-24,1987,7
Purus_ValparaisoMontante,-8.65,-67.38,62292500621,37.50331,1987-08-09,1987,8
Purus_ValparaisoMontante,-8.65,-67.38,62292500621,73.06758,1987-08-25,1987,8
Purus_ValparaisoMontante,-8.65,-67.38,62292500621,38.120422,1987-10-12,1987,10
Purus_ValparaisoMontante,-8.65,-67.38,62292500621,419.37885,1988-03-04,1988,3
Purus_ValparaisoMontante,-8.65,-67.38,62292500621,194.73819,1988-06-08,1988,6
Purus_ValparaisoMontante,-8.65,-67.38,62292500621,75.724236,1988-06-24,1988,6
Purus_ValparaisoMontante,-8.65,-67.38,62292500621,57.234703,1988-07-10,1988,7
Purus_ValparaisoMontante,-8.65,-67.38,62292500621,39.617844,1988-07-26,1988,7
Purus_ValparaisoMontante,-8.65,-67.38,62292500621,226.60223,1988-08-11,1988,8
Purus_ValparaisoMontante,-8.65,-67.38,62292500621,163.50984,1988-09-12,1988,9
Purus_ValparaisoMontante,-8.65,-67.38,62292500621,86.664444,1988-10-14,1988,10
Purus_ValparaisoMontante,-8.65,-67.38,62292500621,114.61363,1988-10-30,1988,10
Purus_ValparaisoMontante,-8.65,-67.38,62292500621,325.0449,1989-05-10,1989,5
Purus_ValparaisoMontante,-8.65,-67.38,62292500621,40.792557,1989-07-29,1989,7
Purus_ValparaisoMontante,-8.65,-67.38,62292500621,58.024837,1989-08-30,1989,8
Purus_ValparaisoMontante,-8.65,-67.38,62292500621,49.015896,1989-09-15,1989,9
Purus_ValparaisoMontante,-8.65,-67.38,62292500621,327.63705,1990-01-21,1990,1
Purus_ValparaisoMontante,-8.65,-67.38,62292500621,597.26807,1990-04-27,1990,4
Purus_ValparaisoMontante,-8.65,-67.38,62292500621,84.26517,1990-06-14,1990,6
Purus_ValparaisoMontante,-8.65,-67.38,62292500621,55.684105,1990-06-30,1990,6
Purus_ValparaisoMontante,-8.65,-67.38,62292500621,37.253258,1990-07-16,1990,7
Purus_ValparaisoMontante,-8.65,-67.38,62292500621,43.661144,1990-09-02,1990,9
Purus_ValparaisoMontante,-8.65,-67.38,62292500621,264.6062,1991-06-01,1991,6
Purus_ValparaisoMontante,-8.65,-67.38,62292500621,174.2721,1991-07-03,1991,7
Purus_ValparaisoMontante,-8.65,-67.38,62292500621,73.207344,1991-07-19,1991,7
Purus_ValparaisoMontante,-8.65,-67.38,62292500621,109.74181,1991-08-04,1991,8
Purus_ValparaisoMontante,-8.65,-67.38,62292500621,130.99486,1991-09-21,1991,9
Purus_ValparaisoMontante,-8.65,-67.38,62292500621,77.012596,1991-10-07,1991,10
Purus_ValparaisoMontante,-8.65,-67.38,62292500621,308.18365,1992-05-18,1992,5
Purus_ValparaisoMontante,-8.65,-67.38,62292500621,59.725643,1992-07-05,1992,7
Purus_ValparaisoMontante,-8.65,-67.38,62292500621,58.606995,1992-07-21,1992,7
Purus_ValparaisoMontante,-8.65,-67.38,62292500621,49.02689,1992-08-06,1992,8
Purus_ValparaisoMontante,-8.65,-67.38,62292500621,379.21338,1992-11-10,1992,11
Purus_ValparaisoMontante,-8.65,-67.38,62292500621,340.93546,1993-03-02,1993,3
Purus_ValparaisoMontante,-8.65,-67.38,62292500621,335.2606,1993-04-03,1993,4
Purus_ValparaisoMontante,-8.65,-67.38,62292500621,373.9586,1993-06-06,1993,6
Purus_ValparaisoMontante,-8.65,-67.38,62292500621,129.67284,1993-06-22,1993,6
Purus_ValparaisoMontante,-8.65,-67.38,62292500621,72.481705,1993-08-25,1993,8
Purus_ValparaisoMontante,-8.65,-67.38,62292500621,57.469425,1994-07-11,1994,7
Purus_ValparaisoMontante,-8.65,-67.38,62292500621,52.39866,1994-07-27,1994,7
Purus_ValparaisoMontante,-8.65,-67.38,62292500621,37.884758,1994-09-29,1994,9
Purus_ValparaisoMontante,-8.65,-67.38,62292500621,315.93936,1995-03-24,1995,3
Purus_ValparaisoMontante,-8.65,-67.38,62292500621,148.2401,1995-05-11,1995,5
Purus_ValparaisoMontante,-8.65,-67.38,62292500621,307.27155,1995-05-27,1995,5
Purus_ValparaisoMontante,-8.65,-67.38,62292500621,150.85428,1995-06-12,1995,6
Purus_ValparaisoMontante,-8.65,-67.38,62292500621,35.084534,1995-07-30,1995,7
Purus_ValparaisoMontante,-8.65,-67.38,62292500621,86.04991,1995-09-16,1995,9
Purus_ValparaisoMontante,-8.65,-67.38,62292500621,140.41083,1995-11-03,1995,11
Purus_ValparaisoMontante,-8.65,-67.38,62292500621,348.81595,1996-03-26,1996,3
Purus_ValparaisoMontante,-8.65,-67.38,62292500621,137.5852,1996-05-29,1996,5
Purus_ValparaisoMontante,-8.65,-67.38,62292500621,95.14862,1996-06-14,1996,6
Purus_ValparaisoMontante,-8.65,-67.38,62292500621,45.43164,1996-07-16,1996,7
Purus_ValparaisoMontante,-8.65,-67.38,62292500621,55.65345,1996-08-01,1996,8
Purus_ValparaisoMontante,-8.65,-67.38,62292500621,303.91663,1997-06-01,1997,6
Purus_ValparaisoMontante,-8.65,-67.38,62292500621,100.63305,1997-06-17,1997,6
Purus_ValparaisoMontante,-8.65,-67.38,62292500621,62.377037,1997-07-03,1997,7
Purus_ValparaisoMontante,-8.65,-67.38,62292500621,55.329803,1997-07-19,1997,7
Purus_ValparaisoMontante,-8.65,-67.38,62292500621,74.09091,1997-08-04,1997,8
Purus_ValparaisoMontante,-8.65,-67.38,62292500621,65.27724,1997-08-20,1997,8
Purus_ValparaisoMontante,-8.65,-67.38,62292500621,93.903854,1997-09-21,1997,9
Purus_ValparaisoMontante,-8.65,-67.38,62292500621,107.301025,1997-10-07,1997,10
Purus_ValparaisoMontante,-8.65,-67.38,62292500621,671.7554,1998-04-01,1998,4
Purus_ValparaisoMontante,-8.65,-67.38,62292500621,307.52063,1998-04-17,1998,4
Purus_ValparaisoMontante,-8.65,-67.38,62292500621,69.28266,1998-05-19,1998,5
Purus_ValparaisoMontante,-8.65,-67.38,62292500621,203.22191,1998-06-20,1998,6
Purus_ValparaisoMontante,-8.65,-67.38,62292500621,36.582523,1998-07-06,1998,7
Purus_ValparaisoMontante,-8.65,-67.38,62292500621,35.880436,1998-07-22,1998,7
Purus_ValparaisoMontante,-8.65,-67.38,62292500621,31.047264,1998-08-07,1998,8
Purus_ValparaisoMontante,-8.65,-67.38,62292500621,27.370947,1998-09-08,1998,9
Purus_ValparaisoMontante,-8.65,-67.38,62292500621,58.998943,1998-09-24,1998,9
Purus_ValparaisoMontante,-8.65,-67.38,62292500621,29.333029,1998-10-10,1998,10
Purus_ValparaisoMontante,-8.65,-67.38,62292500621,148.2462,1998-10-26,1998,10
Purus_ValparaisoMontante,-8.65,-67.38,62292500621,353.6724,1998-12-29,1998,12
Purus_ValparaisoMontante,-8.65,-67.38,62292500621,154.78563,1999-07-09,1999,7
Purus_ValparaisoMontante,-8.65,-67.38,62292500621,99.50867,1999-07-25,1999,7
Purus_ValparaisoMontante,-8.65,-67.38,62292500621,154.39854,1999-08-10,1999,8
Purus_ValparaisoMontante,-8.65,-67.38,62292500621,152.30719,1999-08-26,1999,8
Purus_ValparaisoMontante,-8.65,-67.38,62292500621,416.5035,2000-05-24,2000,5
Purus_ValparaisoMontante,-8.65,-67.38,62292500621,120.86702,2000-06-09,2000,6
Purus_ValparaisoMontante,-8.65,-67.38,62292500621,192.90073,2000-06-25,2000,6
Purus_ValparaisoMontante,-8.65,-67.38,62292500621,53.265972,2000-07-11,2000,7
Purus_ValparaisoMontante,-8.65,-67.38,62292500621,38.26143,2000-07-27,2000,7
Purus_ValparaisoMontante,-8.65,-67.38,62292500621,64.892334,2000-08-28,2000,8
Purus_ValparaisoMontante,-8.65,-67.38,62292500621,72.01597,2000-09-29,2000,9
Purus_ValparaisoMontante,-8.65,-67.38,62292500621,336.21866,2000-12-18,2000,12
Purus_ValparaisoMontante,-8.65,-67.38,62292500621,133.56065,2001-06-12,2001,6
Purus_ValparaisoMontante,-8.65,-67.38,62292500621,93.42111,2001-06-28,2001,6
Purus_ValparaisoMontante,-8.65,-67.38,62292500621,41.207287,2001-07-30,2001,7
Purus_ValparaisoMontante,-8.65,-67.38,62292500621,50.00594,2001-08-31,2001,8
Purus_ValparaisoMontante,-8.65,-67.38,62292500621,48.151325,2001-10-02,2001,10
Purus_ValparaisoMontante,-8.65,-67.38,62292500621,312.10028,2003-06-18,2003,6
Purus_ValparaisoMontante,-8.65,-67.38,62292500621,107.54896,2003-07-04,2003,7
Purus_ValparaisoMontante,-8.65,-67.38,62292500621,55.833496,2003-07-20,2003,7
Purus_ValparaisoMontante,-8.65,-67.38,62292500621,295.1582,2003-10-24,2003,10
Purus_ValparaisoMontante,-8.65,-67.38,62292500621,253.9224,2003-11-09,2003,11
Purus_ValparaisoMontante,-8.65,-67.38,62292500621,262.44354,2003-11-25,2003,11
Purus_ValparaisoMontante,-8.65,-67.38,62292500621,490.747,2004-02-13,2004,2
Purus_ValparaisoMontante,-8.65,-67.38,62292500621,369.69794,2004-02-29,2004,2
Purus_ValparaisoMontante,-8.65,-67.38,62292500621,351.04358,2004-04-01,2004,4
Purus_ValparaisoMontante,-8.65,-67.38,62292500621,101.67743,2004-06-04,2004,6
Purus_ValparaisoMontante,-8.65,-67.38,62292500621,123.873924,2004-07-06,2004,7
Purus_ValparaisoMontante,-8.65,-67.38,62292500621,54.28999,2004-08-23,2004,8
Purus_ValparaisoMontante,-8.65,-67.38,62292500621,79.23326,2004-09-08,2004,9
Purus_ValparaisoMontante,-8.65,-67.38,62292500621,58.459454,2004-09-24,2004,9
Purus_ValparaisoMontante,-8.65,-67.38,62292500621,260.903,2004-10-26,2004,10
Purus_ValparaisoMontante,-8.65,-67.38,62292500621,426.2044,2004-11-27,2004,11
Purus_ValparaisoMontante,-8.65,-67.38,62292500621,386.79303,2005-01-14,2005,1
Purus_ValparaisoMontante,-8.65,-67.38,62292500621,250.71423,2005-04-20,2005,4
Purus_ValparaisoMontante,-8.65,-67.38,62292500621,371.65024,2005-05-06,2005,5
Purus_ValparaisoMontante,-8.65,-67.38,62292500621,80.84665,2005-05-22,2005,5
Purus_ValparaisoMontante,-8.65,-67.38,62292500621,47.59719,2005-07-09,2005,7
Purus_ValparaisoMontante,-8.65,-67.38,62292500621,127.68823,2005-08-10,2005,8
Purus_ValparaisoMontante,-8.65,-67.38,62292500621,23.73823,2005-08-26,2005,8
Purus_ValparaisoMontante,-8.65,-67.38,62292500621,58.000362,2005-10-13,2005,10
Purus_ValparaisoMontante,-8.65,-67.38,62292500621,306.84003,2005-11-14,2005,11
Purus_ValparaisoMontante,-8.65,-67.38,62292500621,311.696,2006-03-06,2006,3
Purus_ValparaisoMontante,-8.65,-67.38,62292500621,86.88295,2006-06-10,2006,6
Purus_ValparaisoMontante,-8.65,-67.38,62292500621,66.57943,2006-07-12,2006,7
Purus_ValparaisoMontante,-8.65,-67.38,62292500621,32.931526,2006-07-28,2006,7
Purus_ValparaisoMontante,-8.65,-67.38,62292500621,115.662254,2006-08-13,2006,8
Purus_ValparaisoMontante,-8.65,-67.38,62292500621,45.275703,2006-09-14,2006,9
Purus_ValparaisoMontante,-8.65,-67.38,62292500621,307.11356,2007-05-12,2007,5
Purus_ValparaisoMontante,-8.65,-67.38,62292500621,324.5116,2007-05-28,2007,5
Purus_ValparaisoMontante,-8.65,-67.38,62292500621,130.11931,2007-06-13,2007,6
Purus_ValparaisoMontante,-8.65,-67.38,62292500621,39.145836,2007-06-29,2007,6
Purus_ValparaisoMontante,-8.65,-67.38,62292500621,47.276344,2007-07-15,2007,7
Purus_ValparaisoMontante,-8.65,-67.38,62292500621,48.04337,2007-07-31,2007,7
Purus_ValparaisoMontante,-8.65,-67.38,62292500621,86.97985,2007-08-16,2007,8
Purus_ValparaisoMontante,-8.65,-67.38,62292500621,66.73636,2007-10-03,2007,10
Purus_ValparaisoMontante,-8.65,-67.38,62292500621,39.0304,2008-07-01,2008,7
Purus_ValparaisoMontante,-8.65,-67.38,62292500621,27.506638,2008-07-17,2008,7
Purus_ValparaisoMontante,-8.65,-67.38,62292500621,35.08912,2008-08-02,2008,8
Purus_ValparaisoMontante,-8.65,-67.38,62292500621,53.62218,2008-08-18,2008,8
Purus_ValparaisoMontante,-8.65,-67.38,62292500621,32.204243,2008-10-21,2008,10
Purus_ValparaisoMontante,-8.65,-67.38,62292500621,98.96014,2009-07-04,2009,7
Purus_ValparaisoMontante,-8.65,-67.38,62292500621,364.7007,2009-07-20,2009,7
Purus_ValparaisoMontante,-8.65,-67.38,62292500621,54.52167,2009-08-05,2009,8
Purus_ValparaisoMontante,-8.65,-67.38,62292500621,87.29155,2009-09-06,2009,9
Purus_ValparaisoMontante,-8.65,-67.38,62292500621,63.840885,2010-06-21,2010,6
Purus_ValparaisoMontante,-8.65,-67.38,62292500621,36.132057,2010-07-23,2010,7
Purus_ValparaisoMontante,-8.65,-67.38,62292500621,70.18739,2010-08-08,2010,8
Purus_ValparaisoMontante,-8.65,-67.38,62292500621,54.96222,2010-08-24,2010,8
Purus_ValparaisoMontante,-8.65,-67.38,62292500621,51.675137,2010-09-25,2010,9
Purus_ValparaisoMontante,-8.65,-67.38,62292500621,78.31384,2010-10-11,2010,10
Purus_ValparaisoMontante,-8.65,-67.38,62292500621,462.58688,2010-11-28,2010,11
Purus_ValparaisoMontante,-8.65,-67.38,62292500621,294.4188,2011-04-21,2011,4
Purus_ValparaisoMontante,-8.65,-67.38,62292500621,77.23581,2011-06-24,2011,6
Purus_ValparaisoMontante,-8.65,-67.38,62292500621,34.768112,2011-07-10,2011,7
Purus_ValparaisoMontante,-8.65,-67.38,62292500621,28.741516,2011-07-26,2011,7
Purus_ValparaisoMontante,-8.65,-67.38,62292500621,32.837227,2011-08-11,2011,8
Purus_ValparaisoMontante,-8.65,-67.38,62292500621,29.362022,2011-08-27,2011,8
Purus_ValparaisoMontante,-8.65,-67.38,62292500621,267.76773,2011-10-30,2011,10
Purus_ValparaisoMontante,-8.65,-67.38,62292500621,246.56871,1999-07-01,1999,7
Purus_ValparaisoMontante,-8.65,-67.38,62292500621,92.59719,1999-08-02,1999,8
Purus_ValparaisoMontante,-8.65,-67.38,62292500621,126.49349,1999-08-18,1999,8
Purus_ValparaisoMontante,-8.65,-67.38,62292500621,59.991837,1999-09-03,1999,9
Purus_ValparaisoMontante,-8.65,-67.38,62292500621,168.96362,1999-10-05,1999,10
Purus_ValparaisoMontante,-8.65,-67.38,62292500621,88.89302,1999-10-21,1999,10
Purus_ValparaisoMontante,-8.65,-67.38,62292500621,303.9275,2000-01-25,2000,1
Purus_ValparaisoMontante,-8.65,-67.38,62292500621,530.2156,2000-04-14,2000,4
Purus_ValparaisoMontante,-8.65,-67.38,62292500621,397.0398,2000-04-30,2000,4
Purus_ValparaisoMontante,-8.65,-67.38,62292500621,186.0588,2000-06-01,2000,6
Purus_ValparaisoMontante,-8.65,-67.38,62292500621,94.321785,2000-08-20,2000,8
Purus_ValparaisoMontante,-8.65,-67.38,62292500621,46.13737,2000-09-05,2000,9
Purus_ValparaisoMontante,-8.65,-67.38,62292500621,37.475742,2000-09-21,2000,9
Purus_ValparaisoMontante,-8.65,-67.38,62292500621,105.19978,2000-10-07,2000,10
Purus_ValparaisoMontante,-8.65,-67.38,62292500621,166.52023,2000-10-23,2000,10
Purus_ValparaisoMontante,-8.65,-67.38,62292500621,366.66507,2000-11-24,2000,11
Purus_ValparaisoMontante,-8.65,-67.38,62292500621,352.92197,2001-04-17,2001,4
Purus_ValparaisoMontante,-8.65,-67.38,62292500621,55.25589,2001-07-22,2001,7
Purus_ValparaisoMontante,-8.65,-67.38,62292500621,65.62521,2001-08-07,2001,8
Purus_ValparaisoMontante,-8.65,-67.38,62292500621,32.496292,2001-09-08,2001,9
Purus_ValparaisoMontante,-8.65,-67.38,62292500621,130.80385,2001-10-26,2001,10
Purus_ValparaisoMontante,-8.65,-67.38,62292500621,341.3057,2001-11-11,2001,11
Purus_ValparaisoMontante,-8.65,-67.38,62292500621,525.0833,2002-01-14,2002,1
Purus_ValparaisoMontante,-8.65,-67.38,62292500621,429.45074,2002-03-19,2002,3
Purus_ValparaisoMontante,-8.65,-67.38,62292500621,36.018803,2002-07-25,2002,7
Purus_ValparaisoMontante,-8.65,-67.38,62292500621,227.6951,2002-08-10,2002,8
Purus_ValparaisoMontante,-8.65,-67.38,62292500621,135.83504,2002-08-26,2002,8
Purus_ValparaisoMontante,-8.65,-67.38,62292500621,386.2776,2003-04-23,2003,4
Purus_ValparaisoMontante,-8.65,-67.38,62292500621,45.86486,2003-08-13,2003,8
Purus_ValparaisoMontante,-8.65,-67.38,62292500621,347.96466,2003-12-19,2003,12
Purus_ValparaisoMontante,-8.65,-67.38,62292500621,333.6877,2004-05-11,2004,5
Purus_ValparaisoMontante,-8.65,-67.38,62292500621,58.903374,2004-06-12,2004,6
Purus_ValparaisoMontante,-8.65,-67.38,62292500621,60.27392,2004-06-28,2004,6
Purus_ValparaisoMontante,-8.65,-67.38,62292500621,62.090343,2004-07-14,2004,7
Purus_ValparaisoMontante,-8.65,-67.38,62292500621,81.11983,2004-08-15,2004,8
Purus_ValparaisoMontante,-8.65,-67.38,62292500621,38.34295,2004-10-02,2004,10
Purus_ValparaisoMontante,-8.65,-67.38,62292500621,360.0301,2005-04-12,2005,4
Purus_ValparaisoMontante,-8.65,-67.38,62292500621,149.92078,2005-05-14,2005,5
Purus_ValparaisoMontante,-8.65,-67.38,62292500621,52.819763,2005-06-15,2005,6
Purus_ValparaisoMontante,-8.65,-67.38,62292500621,30.010805,2005-07-17,2005,7
Purus_ValparaisoMontante,-8.65,-67.38,62292500621,61.76862,2005-08-02,2005,8
Purus_ValparaisoMontante,-8.65,-67.38,62292500621,524.80896,2005-11-06,2005,11
Purus_ValparaisoMontante,-8.65,-67.38,62292500621,134.97128,2006-05-17,2006,5
Purus_ValparaisoMontante,-8.65,-67.38,62292500621,103.202614,2006-06-18,2006,6
Purus_ValparaisoMontante,-8.65,-67.38,62292500621,99.09542,2006-07-04,2006,7
Purus_ValparaisoMontante,-8.65,-67.38,62292500621,30.325897,2006-07-20,2006,7
Purus_ValparaisoMontante,-8.65,-67.38,62292500621,31.185059,2006-08-05,2006,8
Purus_ValparaisoMontante,-8.65,-67.38,62292500621,341.4813,2007-01-28,2007,1
Purus_ValparaisoMontante,-8.65,-67.38,62292500621,449.5514,2007-02-13,2007,2
Purus_ValparaisoMontante,-8.65,-67.38,62292500621,237.50139,2007-06-05,2007,6
Purus_ValparaisoMontante,-8.65,-67.38,62292500621,55.827858,2007-06-21,2007,6
Purus_ValparaisoMontante,-8.65,-67.38,62292500621,82.94828,2007-07-23,2007,7
Purus_ValparaisoMontante,-8.65,-67.38,62292500621,65.02373,2007-08-08,2007,8
Purus_ValparaisoMontante,-8.65,-67.38,62292500621,45.529076,2007-09-09,2007,9
Purus_ValparaisoMontante,-8.65,-67.38,62292500621,160.41061,2008-05-06,2008,5
Purus_ValparaisoMontante,-8.65,-67.38,62292500621,36.291996,2008-07-09,2008,7
Purus_ValparaisoMontante,-8.65,-67.38,62292500621,33.682083,2008-07-25,2008,7
Purus_ValparaisoMontante,-8.65,-67.38,62292500621,38.16455,2008-08-10,2008,8
Purus_ValparaisoMontante,-8.65,-67.38,62292500621,40.553352,2008-09-11,2008,9
Purus_ValparaisoMontante,-8.65,-67.38,62292500621,44.63284,2008-09-27,2008,9
Purus_ValparaisoMontante,-8.65,-67.38,62292500621,356.1859,2009-05-09,2009,5
Purus_ValparaisoMontante,-8.65,-67.38,62292500621,351.8072,2009-05-25,2009,5
Purus_ValparaisoMontante,-8.65,-67.38,62292500621,73.48455,2009-07-28,2009,7
Purus_ValparaisoMontante,-8.65,-67.38,62292500621,40.6534,2009-08-13,2009,8
Purus_ValparaisoMontante,-8.65,-67.38,62292500621,111.504395,2009-09-30,2009,9
Purus_ValparaisoMontante,-8.65,-67.38,62292500621,269.43292,2010-04-10,2010,4
Purus_ValparaisoMontante,-8.65,-67.38,62292500621,267.64676,2010-05-12,2010,5
Purus_ValparaisoMontante,-8.65,-67.38,62292500621,29.125473,2010-06-29,2010,6
Purus_ValparaisoMontante,-8.65,-67.38,62292500621,39.888382,2010-07-31,2010,7
Purus_ValparaisoMontante,-8.65,-67.38,62292500621,346.58478,2011-04-29,2011,4
Purus_ValparaisoMontante,-8.65,-67.38,62292500621,63.79047,2011-05-31,2011,5
Purus_ValparaisoMontante,-8.65,-67.38,62292500621,66.10115,2011-06-16,2011,6
Purus_ValparaisoMontante,-8.65,-67.38,62292500621,33.476772,2011-07-18,2011,7
Purus_ValparaisoMontante,-8.65,-67.38,62292500621,20.814081,2011-08-19,2011,8
Purus_ValparaisoMontante,-8.65,-67.38,62292500621,30.211283,2011-09-04,2011,9
Purus_ValparaisoMontante,-8.65,-67.38,62292500621,322.8055,2012-03-14,2012,3
Purus_ValparaisoMontante,-8.65,-67.38,62292500621,323.10248,2012-06-18,2012,6
Purus_ValparaisoMontante,-8.65,-67.38,62292500621,35.31621,2012-07-20,2012,7
Purus_ValparaisoMontante,-8.65,-67.38,62292500621,31.888763,2012-08-05,2012,8
Purus_ValparaisoMontante,-8.65,-67.38,62292500621,80.0304,2012-08-21,2012,8
Purus_ValparaisoMontante,-8.65,-67.38,62292500621,101.07803,2012-09-06,2012,9
Purus_ValparaisoMontante,-8.65,-67.38,62292500621,403.72314,2013-04-18,2013,4
Purus_ValparaisoMontante,-8.65,-67.38,62292500621,82.27223,2013-06-21,2013,6
Purus_ValparaisoMontante,-8.65,-67.38,62292500621,57.233963,2013-07-07,2013,7
Purus_ValparaisoMontante,-8.65,-67.38,62292500621,37.202847,2013-08-08,2013,8
Purus_ValparaisoMontante,-8.65,-67.38,62292500621,61.801216,2013-09-25,2013,9
Purus_ValparaisoMontante,-8.65,-67.38,62292500621,262.61478,2014-04-05,2014,4
Purus_ValparaisoMontante,-8.65,-67.38,62292500621,77.68829,2014-06-24,2014,6
Purus_ValparaisoMontante,-8.65,-67.38,62292500621,53.979782,2014-09-12,2014,9
Purus_ValparaisoMontante,-8.65,-67.38,62292500621,287.9033,2014-10-14,2014,10
Purus_ValparaisoMontante,-8.65,-67.38,62292500621,410.59964,2015-04-08,2015,4
Purus_ValparaisoMontante,-8.65,-67.38,62292500621,189.41353,2015-06-11,2015,6
Purus_ValparaisoMontante,-8.65,-67.38,62292500621,79.38545,2015-06-27,2015,6
Purus_ValparaisoMontante,-8.65,-67.38,62292500621,65.49453,2015-07-13,2015,7
Purus_ValparaisoMontante,-8.65,-67.38,62292500621,59.67288,2015-07-29,2015,7
Purus_ValparaisoMontante,-8.65,-67.38,62292500621,65.62213,2015-08-30,2015,8
Purus_ValparaisoMontante,-8.65,-67.38,62292500621,62.36988,2015-09-15,2015,9
Purus_ValparaisoMontante,-8.65,-67.38,62292500621,99.075294,2015-10-17,2015,10
Purus_ValparaisoMontante,-8.65,-67.38,62292500621,42.937576,2015-11-18,2015,11
Purus_ValparaisoMontante,-8.65,-67.38,62292500621,91.13228,2015-12-04,2015,12
Purus_ValparaisoMontante,-8.65,-67.38,62292500621,301.6416,2016-04-26,2016,4
Purus_ValparaisoMontante,-8.65,-67.38,62292500621,105.7807,2016-06-13,2016,6
Purus_ValparaisoMontante,-8.65,-67.38,62292500621,29.124544,2016-06-29,2016,6
Purus_ValparaisoMontante,-8.65,-67.38,62292500621,33.122337,2016-07-15,2016,7
Purus_ValparaisoMontante,-8.65,-67.38,62292500621,43.640656,2016-07-31,2016,7
Purus_ValparaisoMontante,-8.65,-67.38,62292500621,33.46829,2016-08-16,2016,8
Purus_ValparaisoMontante,-8.65,-67.38,62292500621,35.146744,2016-09-01,2016,9
Purus_ValparaisoMontante,-8.65,-67.38,62292500621,30.378603,2016-09-17,2016,9
Purus_ValparaisoMontante,-8.65,-67.38,62292500621,152.00723,2016-10-19,2016,10
Purus_ValparaisoMontante,-8.65,-67.38,62292500621,203.8587,2017-04-29,2017,4
Purus_ValparaisoMontante,-8.65,-67.38,62292500621,127.54251,2017-06-16,2017,6
Purus_ValparaisoMontante,-8.65,-67.38,62292500621,33.380295,2017-07-18,2017,7
Purus_ValparaisoMontante,-8.65,-67.38,62292500621,55.693825,2017-08-03,2017,8
Purus_ValparaisoMontante,-8.65,-67.38,62292500621,74.25493,2017-09-04,2017,9
Purus_ValparaisoMontante,-8.65,-67.38,62292500621,253.25526,2017-11-23,2017,11
Purus_ValparaisoMontante,-8.65,-67.38,62292500621,297.97723,2018-05-02,2018,5
Purus_ValparaisoMontante,-8.65,-67.38,62292500621,127.201416,2018-06-19,2018,6
Purus_ValparaisoMontante,-8.65,-67.38,62292500621,51.960514,2018-07-05,2018,7
Purus_ValparaisoMontante,-8.65,-67.38,62292500621,56.13913,2018-08-22,2018,8
Purus_ValparaisoMontante,-8.65,-67.38,62292500621,342.5128,2018-09-07,2018,9
Purus_ValparaisoMontante,-8.65,-67.38,62292500621,410.85648,2019-04-03,2019,4
Purus_ValparaisoMontante,-8.65,-67.38,62292500621,325.80255,2019-04-19,2019,4
Purus_ValparaisoMontante,-8.65,-67.38,62292500621,379.55972,2019-05-05,2019,5
Purus_ValparaisoMontante,-8.65,-67.38,62292500621,61.27971,2019-06-06,2019,6
Purus_ValparaisoMontante,-8.65,-67.38,62292500621,127.45599,2019-06-22,2019,6
Purus_ValparaisoMontante,-8.65,-67.38,62292500621,68.67958,2019-07-08,2019,7
Purus_ValparaisoMontante,-8.65,-67.38,62292500621,52.638668,2019-07-24,2019,7
Purus_ValparaisoMontante,-8.65,-67.38,62292500621,71.6101,2019-08-09,2019,8
Purus_ValparaisoMontante,-8.65,-67.38,62292500621,29.072819,2019-09-10,2019,9
Purus_ValparaisoMontante,-8.65,-67.38,62292500621,308.95474,2020-05-23,2020,5
Purus_ValparaisoMontante,-8.65,-67.38,62292500621,39.3971,2020-08-11,2020,8
Purus_ValparaisoMontante,-8.65,-67.38,62292500621,41.197197,2020-08-27,2020,8
Purus_ValparaisoMontante,-8.65,-67.38,62292500621,33.05991,2020-09-12,2020,9
Purus_ValparaisoMontante,-8.65,-67.38,62292500621,26.176231,2020-09-28,2020,9
Purus_ValparaisoMontante,-8.65,-67.38,62292500621,298.2512,2021-04-08,2021,4
Purus_ValparaisoMontante,-8.65,-67.38,62292500621,269.2886,2021-04-24,2021,4
Purus_ValparaisoMontante,-8.65,-67.38,62292500621,297.58163,2021-05-10,2021,5
Purus_ValparaisoMontante,-8.65,-67.38,62292500621,74.27195,2021-06-11,2021,6
Purus_ValparaisoMontante,-8.65,-67.38,62292500621,33.785496,2021-07-13,2021,7
Purus_ValparaisoMontante,-8.65,-67.38,62292500621,34.338978,2021-08-14,2021,8
Purus_ValparaisoMontante,-8.65,-67.38,62292500621,37.45015,2021-10-01,2021,10
Purus_ValparaisoMontante,-8.65,-67.38,62292500621,494.6701,2013-04-05,2013,4
Purus_ValparaisoMontante,-8.65,-67.38,62292500621,277.11078,2013-04-26,2013,4
Purus_ValparaisoMontante,-8.65,-67.38,62292500621,73.150856,2013-06-13,2013,6
Purus_ValparaisoMontante,-8.65,-67.38,62292500621,78.03323,2013-07-15,2013,7
Purus_ValparaisoMontante,-8.65,-67.38,62292500621,44.560333,2013-07-31,2013,7
Purus_ValparaisoMontante,-8.65,-67.38,62292500621,38.984444,2013-08-16,2013,8
Purus_ValparaisoMontante,-8.65,-67.38,62292500621,89.23496,2013-09-01,2013,9
Purus_ValparaisoMontante,-8.65,-67.38,62292500621,57.50436,2013-09-17,2013,9
Purus_ValparaisoMontante,-8.65,-67.38,62292500621,381.68878,2013-12-06,2013,12
Purus_ValparaisoMontante,-8.65,-67.38,62292500621,58.31965,2014-07-02,2014,7
Purus_ValparaisoMontante,-8.65,-67.38,62292500621,45.37741,2014-08-03,2014,8
Purus_ValparaisoMontante,-8.65,-67.38,62292500621,129.41873,2014-08-19,2014,8
Purus_ValparaisoMontante,-8.65,-67.38,62292500621,97.56939,2014-09-20,2014,9
Purus_ValparaisoMontante,-8.65,-67.38,62292500621,135.8768,2014-10-22,2014,10
Purus_ValparaisoMontante,-8.65,-67.38,62292500621,602.79877,2014-11-07,2014,11
Purus_ValparaisoMontante,-8.65,-67.38,62292500621,48.43781,2015-08-06,2015,8
Purus_ValparaisoMontante,-8.65,-67.38,62292500621,130.90916,2015-08-22,2015,8
Purus_ValparaisoMontante,-8.65,-67.38,62292500621,63.05601,2015-09-07,2015,9
Purus_ValparaisoMontante,-8.65,-67.38,62292500621,49.407833,2015-09-23,2015,9
Purus_ValparaisoMontante,-8.65,-67.38,62292500621,57.783012,2015-10-09,2015,10
Purus_ValparaisoMontante,-8.65,-67.38,62292500621,407.76166,2015-11-10,2015,11
Purus_ValparaisoMontante,-8.65,-67.38,62292500621,106.40675,2015-11-26,2015,11
Purus_ValparaisoMontante,-8.65,-67.38,62292500621,627.1444,2015-12-28,2015,12
Purus_ValparaisoMontante,-8.65,-67.38,62292500621,427.16385,2016-02-14,2016,2
Purus_ValparaisoMontante,-8.65,-67.38,62292500621,675.27496,2016-04-18,2016,4
Purus_ValparaisoMontante,-8.65,-67.38,62292500621,447.90286,2016-05-04,2016,5
Purus_ValparaisoMontante,-8.65,-67.38,62292500621,65.12561,2016-06-21,2016,6
Purus_ValparaisoMontante,-8.65,-67.38,62292500621,40.948147,2016-07-23,2016,7
Purus_ValparaisoMontante,-8.65,-67.38,62292500621,28.549984,2016-08-08,2016,8
Purus_ValparaisoMontante,-8.65,-67.38,62292500621,48.587013,2016-08-24,2016,8
Purus_ValparaisoMontante,-8.65,-67.38,62292500621,52.298363,2016-09-09,2016,9
Purus_ValparaisoMontante,-8.65,-67.38,62292500621,471.1411,2017-04-21,2017,4
Purus_ValparaisoMontante,-8.65,-67.38,62292500621,116.6137,2017-06-24,2017,6
Purus_ValparaisoMontante,-8.65,-67.38,62292500621,87.98452,2017-07-10,2017,7
Purus_ValparaisoMontante,-8.65,-67.38,62292500621,44.60702,2017-07-26,2017,7
Purus_ValparaisoMontante,-8.65,-67.38,62292500621,42.82055,2017-08-27,2017,8
Purus_ValparaisoMontante,-8.65,-67.38,62292500621,58.02444,2017-09-12,2017,9
Purus_ValparaisoMontante,-8.65,-67.38,62292500621,135.48158,2017-10-30,2017,10
Purus_ValparaisoMontante,-8.65,-67.38,62292500621,353.9309,2018-04-24,2018,4
Purus_ValparaisoMontante,-8.65,-67.38,62292500621,469.1839,2018-05-26,2018,5
Purus_ValparaisoMontante,-8.65,-67.38,62292500621,353.12158,2018-06-11,2018,6
Purus_ValparaisoMontante,-8.65,-67.38,62292500621,79.29671,2018-06-27,2018,6
Purus_ValparaisoMontante,-8.65,-67.38,62292500621,65.976074,2018-07-13,2018,7
Purus_ValparaisoMontante,-8.65,-67.38,62292500621,61.0594,2018-08-14,2018,8
Purus_ValparaisoMontante,-8.65,-67.38,62292500621,188.33372,2018-08-30,2018,8
Purus_ValparaisoMontante,-8.65,-67.38,62292500621,261.4457,2018-10-17,2018,10
Purus_ValparaisoMontante,-8.65,-67.38,62292500621,348.63885,2019-04-27,2019,4
Purus_ValparaisoMontante,-8.65,-67.38,62292500621,191.76472,2019-05-29,2019,5
Purus_ValparaisoMontante,-8.65,-67.38,62292500621,55.49121,2019-06-14,2019,6
Purus_ValparaisoMontante,-8.65,-67.38,62292500621,178.34933,2019-06-30,2019,6
Purus_ValparaisoMontante,-8.65,-67.38,62292500621,73.87725,2019-07-16,2019,7
Purus_ValparaisoMontante,-8.65,-67.38,62292500621,82.47215,2019-08-01,2019,8
Purus_ValparaisoMontante,-8.65,-67.38,62292500621,44.130905,2019-09-02,2019,9
Purus_ValparaisoMontante,-8.65,-67.38,62292500621,25.441418,2019-09-18,2019,9
Purus_ValparaisoMontante,-8.65,-67.38,62292500621,411.2577,2020-02-09,2020,2
Purus_ValparaisoMontante,-8.65,-67.38,62292500621,395.59775,2020-05-31,2020,5
Purus_ValparaisoMontante,-8.65,-67.38,62292500621,74.45159,2020-06-16,2020,6
Purus_ValparaisoMontante,-8.65,-67.38,62292500621,52.669468,2020-07-18,2020,7
Purus_ValparaisoMontante,-8.65,-67.38,62292500621,57.94359,2020-08-03,2020,8
Purus_ValparaisoMontante,-8.65,-67.38,62292500621,41.95831,2020-08-19,2020,8
Purus_ValparaisoMontante,-8.65,-67.38,62292500621,9.821324,2020-09-04,2020,9
Purus_ValparaisoMontante,-8.65,-67.38,62292500621,43.33005,2020-09-20,2020,9
Purus_ValparaisoMontante,-8.65,-67.38,62292500621,564.6856,2021-04-16,2021,4
Purus_ValparaisoMontante,-8.65,-67.38,62292500621,182.29955,2021-05-18,2021,5
Purus_ValparaisoMontante,-8.65,-67.38,62292500621,75.27228,2021-06-03,2021,6
Purus_ValparaisoMontante,-8.65,-67.38,62292500621,66.99486,2021-07-05,2021,7
Purus_ValparaisoMontante,-8.65,-67.38,62292500621,41.233017,2021-07-21,2021,7
Purus_ValparaisoMontante,-8.65,-67.38,62292500621,51.848446,2021-08-06,2021,8
Purus_ValparaisoMontante,-8.65,-67.38,62292500621,39.168022,2021-08-22,2021,8
Purus_ValparaisoMontante,-8.65,-67.38,62292500621,32.503437,2021-09-07,2021,9
Purus_ValparaisoMontante,-8.65,-67.38,62292500621,68.47656,2021-10-09,2021,10
